LoadDll - Ignore Assembly : libuv.dll
GameEditor - Find App Config : <add key="fgui_root"        value="FGUI_ASSETS_DIR" />
Load FGUI Time: 00:00:00.0006502
TemplateGenerator - ????????DeepMetaGame.Data.Template.BuffTemplate?????BUFF
TemplateGenerator - ????????DeepMetaGame.Data.Template.BuffTemplate?????BUFF
TemplateGenerator - ????????DeepMetaGame.Data.Template.BuffTemplate?????BUFF
TemplateGenerator - ????????DeepMetaGame.Data.Template.BuffTemplate?????BUFF
TemplateGenerator - ????????DeepMetaGame.Data.Template.BuffTemplate?????BUFF
TemplateGenerator - ????????DeepMetaGame.Data.Template.BuffTemplate?????BUFF
TemplateGenerator - ????????DeepMetaGame.Data.Template.BuffTemplate?????BUFF
TemplateGenerator - ????????DeepMetaGame.Data.Template.BuffTemplate?????BUFF
TemplateGenerator - ????????DeepMetaGame.Data.Template.BuffTemplate?????BUFF
TemplateGenerator - ????????DeepMetaGame.Data.Template.SkillTemplate???????????
TemplateGenerator - ????????DeepMetaGame.Data.Template.SkillTemplate?????????
TemplateGenerator - ????????DeepMetaGame.Data.Template.SkillTemplate?????????
TemplateGenerator - ????????DeepMetaGame.Data.Template.SpellTemplate???????
TemplateGenerator - ????????DeepMetaGame.Data.Template.SpellTemplate???????
TemplateGenerator - ????????DeepMetaGame.Data.Template.SpellTemplate??????
TemplateGenerator - ????????DeepMetaGame.Data.Template.SpellTemplate????????????????????
TemplateGenerator - ????????DeepMetaGame.Data.Template.SpellTemplate???????
TemplateGenerator - ????????DeepMetaGame.Data.Template.SpellTemplate?????AOE??????????????????
TemplateGenerator - ????????DeepMetaGame.Data.Template.SpellTemplate???????????????????
TemplateGenerator - ????????DeepMetaGame.Data.Template.SpellTemplate?????????????
TemplateGenerator - ????????DeepMetaGame.Data.Template.SpellTemplate?????????????BUFF
TemplateGenerator - ????????DeepMetaGame.Data.Template.SpellTemplate?????????????????
TemplateGenerator - ????????DeepMetaGame.Data.Template.SpellTemplate?????????????(??)
TemplateGenerator - ????????DeepMetaGame.Data.Template.SpellTemplate???????????????????
GameEditor - TryFetchNodeIcon : /res/png/ct1.png
GameEditor - TryFetchNodeIcon : /res/png/ct2.png
GameEditor - TryFetchNodeIcon : /res/png/ct3.png
GameEditor - TryFetchNodeIcon : /res/png/ct4.png
GameEditor - TryFetchNodeIcon : /res/png/t2.png
GameEditor - TryFetchNodeIcon : /res/png/t1.png
GameEditor - TryFetchNodeIcon : /res/png/t3.png
GameEditor - TryFetchNodeIcon : /res/png/t4.png
GameEditor - TryFetchNodeIcon : /res/cpj/output/clips/13.png
GameEditor - TryFetchNodeIcon : /res/cpj/output/clips/38.png
GameEditor - TryFetchNodeIcon : /res/cpj/output/clips/16.png
GameEditor - TryFetchNodeIcon : /res/cpj/output/clips/36.png
GameEditor - TryFetchNodeIcon : /res/cpj/output/clips/41.png
GameEditor - TryFetchNodeIcon : /res/cpj/output/clips/33.png
GameEditor - TryFetchNodeIcon : /res/cpj/output/clips/31.png
GameEditor - TryFetchNodeIcon : /res/cpj/output/clips/32.png
GameEditor - TryFetchNodeIcon : /res/cpj/output/clips/10.png
GameEditor - TryFetchNodeIcon : /res/cpj/output/clips/14.png
GameEditor - TryFetchNodeIcon : /res/cpj/output/clips/11.png
GameEditor - TryFetchNodeIcon : /res/cpj/output/clips/18.png
GameEditor - TryFetchNodeIcon : /res/cpj/output/clips/34.png
UVPomeloServer - UVPomeloServer started on 0.0.0.0:19660
UVPomeloServer - UVPomeloServer started!
GameEditor - ????????: E:\_Temp_\GameEditor\data
GameEditorLauncher - ..\bin_unity\MyUnity.exe -editor=1     -Preview=1 "-resRoot=E:\_Temp_\GameEditor/res" "-editorRoot=E:\_Temp_\GameEditor" -host=127.0.0.1 -port=19660 -parentHWND 30411916 delayed 
UnityHWND - InitUnityWindow : E:\_Temp_\GameEditor\bin_unity\MyUnity.exe -editor=1     -Preview=1 "-resRoot=E:\_Temp_\GameEditor/res" "-editorRoot=E:\_Temp_\GameEditor" -host=127.0.0.1 -port=19660 -parentHWND 30411916 delayed 
UnityHWND - InitUnityWindow : Unity HWND = 4012202
UnityHWND - InitUnityWindow : Finish !
UnityHWND - Acceptor_OnSessionConnected : PomeloServer.NetUV.UVPomeloSession
UnityHWND - Acceptor_OnSessionValidateAsync
UnityHWND - rpc MsgUnityIsReady
UnityHWND - Acceptor_Ready
UnityHWND - Show DeepMetaGame.Data.ZoneEditor.MsgUnityToken
UnityHWND - rpc MsgRefreshHWND
SaveEditorRuntime - ### ??XLS???JSON???????????? ###
EditorTemplates - ------------------------------------------------------------------
EditorTemplates - TemplateDataCenter.ENABLE_LOAD_FROM_BIN : False
EditorTemplates - BeginPluginsData Use : 00:00:00.0004270
EditorTemplates - LoadAllConfig Use : 00:00:00.0055675
EditorTemplates - LoadAllList Use : 00:00:00.0014907
scope - Reload Comlete Use : 00:00:00.0008326
EditorTemplates - DataCenter ReloadAll Use : 00:00:00.0019541
EditorTemplates - LoadAllTemplateData Use : 00:00:00.0146878
EditorTemplates - InitPluginsData Use : 00:00:00.0004606
EditorTemplates - LoadAllTemplates Total Use : 00:00:00.0457985
EditorTemplates - ------------------------------------------------------------------
TryFeatchSystemIcon : /vox/polygonmilitary.voxt.voxw
SaveEditorRuntime - ### ??XLS???JSON???????????? ###
EditorTemplates - ------------------------------------------------------------------
EditorTemplates - TemplateDataCenter.ENABLE_LOAD_FROM_BIN : False
EditorTemplates - BeginPluginsData Use : 00:00:00.0000531
EditorTemplates - LoadAllConfig Use : 00:00:00.0022909
EditorTemplates - LoadAllList Use : 00:00:00.0006084
scope - Reload Comlete Use : 00:00:00.0012709
EditorTemplates - DataCenter ReloadAll Use : 00:00:00.0016951
EditorTemplates - LoadAllTemplateData Use : 00:00:00.0159588
EditorTemplates - InitPluginsData Use : 00:00:00.0000230
EditorTemplates - LoadAllTemplates Total Use : 00:00:00.0304915
EditorTemplates - ------------------------------------------------------------------
SaveEditorRuntime - ### ??Lang Properties??????????? ###
[lang.xlsx] - Load:  E:\_Temp_\GameEditor\templates\lang\lang.xlsx
Exception - Load XLS Error : E:\_Temp_\GameEditor\templates\lang\lang.xlsx : 
	Could not find a part of the path 'E:\_Temp_\GameEditor\templates\lang\lang.xlsx'.
   at System.IO.FileSystem.CopyFile(String sourceFullPath, String destFullPath, Boolean overwrite)
   at DeepTools.LanguageXLS.XLSLoader.LoadData(FileInfo file) in E:\_Temp_\_Temp_SLN\DeepMeta\DeepTools.XLS2Lang\XLSLoader.cs:line 82
   at DeepTools.LanguageXLS.XLSLoader..ctor(DirectoryInfo root_dir, FileInfo xls_file) in E:\_Temp_\_Temp_SLN\DeepMeta\DeepTools.XLS2Lang\XLSLoader.cs:line 47
   at DeepTools.LanguageXLS.XLSGenerator.LocalProcessXLS() in E:\_Temp_\_Temp_SLN\DeepMeta\DeepTools.XLS2Lang\XLSGenerator.cs:line 121
Exception - Could not find a part of the path 'E:\_Temp_\GameEditor\templates\lang\lang.xlsx'.
   at System.IO.FileSystem.CopyFile(String sourceFullPath, String destFullPath, Boolean overwrite)
   at DeepTools.LanguageXLS.XLSLoader.LoadData(FileInfo file) in E:\_Temp_\_Temp_SLN\DeepMeta\DeepTools.XLS2Lang\XLSLoader.cs:line 82
   at DeepTools.LanguageXLS.XLSLoader..ctor(DirectoryInfo root_dir, FileInfo xls_file) in E:\_Temp_\_Temp_SLN\DeepMeta\DeepTools.XLS2Lang\XLSLoader.cs:line 47
   at DeepTools.LanguageXLS.XLSGenerator.LocalProcessXLS() in E:\_Temp_\_Temp_SLN\DeepMeta\DeepTools.XLS2Lang\XLSGenerator.cs:line 121
SaveEditorRuntime - --------------------------------------------------------
SaveEditorRuntime - # ??????? 
### 1. ????XLS??????{langKey=1}????CSV??????CSV????????lang.xlsx?????????????
### 2. ??????lang.xlsx???????Properties????????????
SaveEditorRuntime - --------------------------------------------------------
TryFeatchSystemIcon : /res/png/t1.png
UnityHWND - Preview - ProcessPreview : 20002-L337 Krew

UnityHWND - Preview - ProcessPreview : 20002-L337 Krew

UnityHWND - Preview - ProcessPreview : 20002-L337 Krew

UnityHWND - rpc MsgFocusHWND
UnityHWND - rpc MsgFocusHWND
UnityHWND - rpc MsgFocusHWND
UnityHWND - rpc MsgFocusHWND
UnityHWND - rpc MsgFocusHWND
UnityHWND - rpc MsgFocusHWND
UnityHWND - rpc MsgFocusHWND
UnityHWND - rpc MsgFocusHWND
UnityHWND - rpc MsgFocusHWND
UnityHWND - rpc MsgFocusHWND
UnityHWND - rpc MsgFocusHWND
UnityHWND - rpc MsgFocusHWND
UnityHWND - Preview - ProcessPreview : 20001-Phoenix Connexion

UnityHWND - Preview - ProcessPreview : 20001-Phoenix Connexion

UnityHWND - Preview - ProcessPreview : 20001-Phoenix Connexion

UnityHWND - Preview - ProcessPreview : 10004-GIGN

UnityHWND - Preview - ProcessPreview : 10004-GIGN

UnityHWND - Preview - ProcessPreview : 10004-GIGN

UnityHWND - Preview - ProcessPreview : 10003-S.AS

UnityHWND - Preview - ProcessPreview : 10003-S.AS

UnityHWND - Preview - ProcessPreview : 10003-S.AS

UnityHWND - Preview - ProcessPreview : 10002-GSG-9

UnityHWND - Preview - ProcessPreview : 10002-GSG-9

UnityHWND - Preview - ProcessPreview : 10002-GSG-9

UnityHWND - Preview - ProcessPreview : 10001-Seal Team 6

UnityHWND - Preview - ProcessPreview : 10001-Seal Team 6

UnityHWND - Preview - ProcessPreview : 10001-Seal Team 6

UnityHWND - Preview - ProcessPreview : 20002-L337 Krew

UnityHWND - Preview - ProcessPreview : 20002-L337 Krew

UnityHWND - Preview - ProcessPreview : 20002-L337 Krew

UnityHWND - Preview - ProcessPreview : 20003-Arctic Avengers

UnityHWND - Preview - ProcessPreview : 20003-Arctic Avengers

UnityHWND - Preview - ProcessPreview : 20003-Arctic Avengers

UnityHWND - Preview - ProcessPreview : 20004-Guerilla Warfare

UnityHWND - Preview - ProcessPreview : 20004-Guerilla Warfare

UnityHWND - Preview - ProcessPreview : 20004-Guerilla Warfare

UnityHWND - rpc MsgFocusHWND
SaveEditorRuntime - ### ??XLS???JSON???????????? ###
EditorTemplates - ------------------------------------------------------------------
EditorTemplates - TemplateDataCenter.ENABLE_LOAD_FROM_BIN : False
EditorTemplates - BeginPluginsData Use : 00:00:00.0000048
EditorTemplates - LoadAllConfig Use : 00:00:00.0013410
EditorTemplates - LoadAllList Use : 00:00:00.0004890
scope - Reload Comlete Use : 00:00:00.0001238
EditorTemplates - DataCenter ReloadAll Use : 00:00:00.0009267
EditorTemplates - LoadAllTemplateData Use : 00:00:00.0133303
EditorTemplates - InitPluginsData Use : 00:00:00.0000040
EditorTemplates - LoadAllTemplates Total Use : 00:00:00.0307262
EditorTemplates - ------------------------------------------------------------------
SaveEditorRuntime - ### ??Lang Properties??????????? ###
[lang.xlsx] - Load:  E:\_Temp_\GameEditor\templates\lang\lang.xlsx
Exception - Load XLS Error : E:\_Temp_\GameEditor\templates\lang\lang.xlsx : 
	Could not find a part of the path 'E:\_Temp_\GameEditor\templates\lang\lang.xlsx'.
   at System.IO.FileSystem.CopyFile(String sourceFullPath, String destFullPath, Boolean overwrite)
   at DeepTools.LanguageXLS.XLSLoader.LoadData(FileInfo file) in E:\_Temp_\_Temp_SLN\DeepMeta\DeepTools.XLS2Lang\XLSLoader.cs:line 82
   at DeepTools.LanguageXLS.XLSLoader..ctor(DirectoryInfo root_dir, FileInfo xls_file) in E:\_Temp_\_Temp_SLN\DeepMeta\DeepTools.XLS2Lang\XLSLoader.cs:line 47
   at DeepTools.LanguageXLS.XLSGenerator.LocalProcessXLS() in E:\_Temp_\_Temp_SLN\DeepMeta\DeepTools.XLS2Lang\XLSGenerator.cs:line 121
Exception - Could not find a part of the path 'E:\_Temp_\GameEditor\templates\lang\lang.xlsx'.
   at System.IO.FileSystem.CopyFile(String sourceFullPath, String destFullPath, Boolean overwrite)
   at DeepTools.LanguageXLS.XLSLoader.LoadData(FileInfo file) in E:\_Temp_\_Temp_SLN\DeepMeta\DeepTools.XLS2Lang\XLSLoader.cs:line 82
   at DeepTools.LanguageXLS.XLSLoader..ctor(DirectoryInfo root_dir, FileInfo xls_file) in E:\_Temp_\_Temp_SLN\DeepMeta\DeepTools.XLS2Lang\XLSLoader.cs:line 47
   at DeepTools.LanguageXLS.XLSGenerator.LocalProcessXLS() in E:\_Temp_\_Temp_SLN\DeepMeta\DeepTools.XLS2Lang\XLSGenerator.cs:line 121
SaveEditorRuntime - --------------------------------------------------------
SaveEditorRuntime - # ??????? 
### 1. ????XLS??????{langKey=1}????CSV??????CSV????????lang.xlsx?????????????
### 2. ??????lang.xlsx???????Properties????????????
SaveEditorRuntime - --------------------------------------------------------
UnityHWND - Show PreviewUpdate :  - 
UnityHWND - Show 
VoxelWorld - Load Voxel Terrain Use : polygonmilitary.voxt : 00:00:00.0112298
VoxelWorld - Load Voxel PathFinder Use : polygonmilitary.voxt : 00:00:00.0319669
EditorTemplates - ------------------------------------------------------------------
EditorTemplates - TemplateDataCenter.ENABLE_LOAD_FROM_BIN : False
EditorTemplates - BeginPluginsData Use : 00:00:00.0000132
EditorTemplates - LoadAllConfig Use : 00:00:00.0012822
EditorTemplates - LoadAllList Use : 00:00:00.0003325
scope - Reload Comlete Use : 00:00:00.0000862
EditorTemplates - DataCenter ReloadAll Use : 00:00:00.0001764
EditorTemplates - LoadAllTemplateData Use : 00:00:00.0247458
EditorTemplates - InitPluginsData Use : 00:00:00.0000050
EditorTemplates - LoadAllTemplates Total Use : 00:00:00.0564016
EditorTemplates - ------------------------------------------------------------------
VoxelWorld - Load Voxel Terrain Use : polygonmilitary.voxt : 00:00:00.0036874
VoxelWorld - Load Voxel PathFinder Use : polygonmilitary.voxt : 00:00:00.0151571
EventDebugProtocolFactory - No Message ID Class For TypeName : DeepMetaGame.Data.ZoneEditor.SceneToEditor.RspZoneHeightMapDataChanged
EventDebugProtocolFactory - No Message ID Class For TypeName : DeepMetaGame.Host.EventTrigger.UI.MouseDownTrigger
EventDebugProtocolFactory - No Message ID Class For TypeName : DeepMetaGame.Host.EventTrigger.UI.MouseUpTrigger
EventDebugProtocolFactory - No Message ID Class For TypeName : DeepMetaGame.Host.EventTrigger.UI.MouseMoveTrigger
EventDebugProtocolFactory - No Message ID Class For TypeName : DeepMetaGame.Host.EventTrigger.UI.MouseClickTrigger
EventDebugProtocolFactory - No Message ID Class For TypeName : DeepMetaGame.Host.EventTrigger.UI.MouseDownTriggerWithKey
EventDebugProtocolFactory - No Message ID Class For TypeName : DeepMetaGame.Host.EventTrigger.UI.MouseUpTriggerWithKey
EventDebugProtocolFactory - No Message ID Class For TypeName : DeepMetaGame.Host.EventTrigger.UI.MouseMoveTriggerWithKey
EventDebugProtocolFactory - No Message ID Class For TypeName : DeepMetaGame.Host.EventTrigger.UI.MouseClickTriggerWithKey
EventDebugProtocolFactory - No Message ID Class For TypeName : DeepMetaGame.Host.EventTrigger.UI.KeyDownTrigger
EventDebugProtocolFactory - No Message ID Class For TypeName : DeepMetaGame.Host.EventTrigger.UI.KeyUpTrigger
EventDebugProtocolFactory - No Message ID Class For TypeName : DeepMetaGame.Host.EventTrigger.UI.KeyDownTriggerWithKey
EventDebugProtocolFactory - No Message ID Class For TypeName : DeepMetaGame.Host.EventTrigger.UI.KeyUpTriggerWithKey
EventDebugProtocolFactory - No Message ID Class For TypeName : DeepMetaGame.Host.EventTrigger.UI.MouseSelectUnitTrigger
EventDebugProtocolFactory - No Message ID Class For TypeName : DeepMetaGame.Host.EventTrigger.UI.InteractiveSenderUnit
EventDebugProtocolFactory - No Message ID Class For TypeName : DeepMetaGame.Host.EventTrigger.UI.MouseComponentName
EventDebugProtocolFactory - No Message ID Class For TypeName : DeepMetaGame.Host.EventTrigger.UI.MouseButtonValue
EventDebugProtocolFactory - No Message ID Class For TypeName : DeepMetaGame.Host.EventTrigger.UI.MouseButtonConstant
EventDebugProtocolFactory - No Message ID Class For TypeName : DeepMetaGame.Host.EventTrigger.UI.RaycastHitPos
EventDebugProtocolFactory - No Message ID Class For TypeName : DeepMetaGame.Host.EventTrigger.UI.RaycastHitObjectPos
EventDebugProtocolFactory - No Message ID Class For TypeName : DeepMetaGame.Host.EventTrigger.UI.RaycastIsHitUnit
EventDebugProtocolFactory - No Message ID Class For TypeName : DeepMetaGame.Host.EventTrigger.UI.RaycastIsHitFlag
EventDebugProtocolFactory - No Message ID Class For TypeName : DeepMetaGame.Host.EventTrigger.UI.RaycastIsHitTerrain
EventDebugProtocolFactory - No Message ID Class For TypeName : DeepMetaGame.Host.EventTrigger.UI.RaycastHitUnit
EventDebugProtocolFactory - No Message ID Class For TypeName : DeepMetaGame.Host.EventTrigger.UI.RaycastHitFlag
EventDebugProtocolFactory - No Message ID Class For TypeName : DeepMetaGame.Host.EventTrigger.UI.DraggingUnit
EventDebugProtocolFactory - No Message ID Class For TypeName : DeepMetaGame.Host.EventTrigger.UI.KeyCodeValue
EventDebugProtocolFactory - No Message ID Class For TypeName : DeepMetaGame.Host.EventTrigger.UI.KeyCodeConstant
EventDebugProtocolFactory - No Message ID Class For TypeName : DeepMetaGame.Host.EventTrigger.UI.KeyModiferIsControl
EventDebugProtocolFactory - No Message ID Class For TypeName : DeepMetaGame.Host.EventTrigger.UI.KeyModiferIsAlt
EventDebugProtocolFactory - No Message ID Class For TypeName : DeepMetaGame.Host.EventTrigger.UI.KeyModiferIsShift
EventDebugProtocolFactory - No Message ID Class For TypeName : DeepMetaGame.Host.EventTrigger.UI.MouseSelectUnitValue
EventDebugProtocolFactory - No Message ID Class For TypeName : DeepCore.Game3D.Host.EventTrigger.ZoneEventTrigger.IFPositionAction
EventDebugProtocolFactory - No Message ID Class For TypeName : DeepCore.Game3D.Host.EventTrigger.ZoneEventTrigger.IFUnitAction
EventDebugProtocolFactory - No Message ID Class For TypeName : DeepCore.Game3D.Host.EventTrigger.ZoneEventTrigger.IFItemAction
EventDebugProtocolFactory - No Message ID Class For TypeName : DeepCore.Game3D.Host.EventTrigger.ZoneEventTrigger.IFFlagAction
EventDebugProtocolFactory - No Message ID Class For TypeName : DeepCore.Game3D.Host.EventTrigger.ZoneEventTrigger.UnitDockingAction
EventDebugProtocolFactory - No Message ID Class For TypeName : DeepCore.Game3D.Host.EventTrigger.ZoneEventTrigger.UnitSolidDockingAction
EventDebugProtocolFactory - No Message ID Class For TypeName : DeepCore.Game3D.Host.EventTrigger.ZoneEventTrigger.UnitDockingParent
EventDebugProtocolFactory - No Message ID Class For TypeName : DeepCore.Game3D.Host.EventTrigger.ZoneEventTrigger.UnitDockingPosition
EventDebugProtocolFactory - No Message ID Class For TypeName : DeepCore.Game3D.Host.EventTrigger.ZoneEventTrigger.IsUnitDocking
EventDebugProtocolFactory - No Message ID Class For TypeName : DeepCore.Game3D.Host.EventTrigger.UI.ShowHostFormAction
EventDebugProtocolFactory - No Message ID Class For TypeName : DeepCore.Game3D.Host.EventTrigger.UI.ShowHostDialogAction
EventDebugProtocolFactory - No Message ID Class For TypeName : DeepCore.Game3D.Host.EventTrigger.UI.ShowHostPlayerFormAction
EventDebugProtocolFactory - No Message ID Class For TypeName : DeepCore.Game3D.Host.EventTrigger.UI.ShowHostPlayerDialogAction
EventDebugProtocolFactory - No Message ID Class For TypeName : DeepCore.Game3D.Host.EventTrigger.UI.CloseBindingFormAction
EventDebugProtocolFactory - No Message ID Class For TypeName : DeepCore.Game3D.Host.EventTrigger.UI.GUIDataBindingAction
EventDebugProtocolFactory - No Message ID Class For TypeName : DeepCore.Game3D.Host.EventTrigger.UI.GUISetNodeVisibleAction
EventDebugProtocolFactory - No Message ID Class For TypeName : DeepCore.Game3D.Host.EventTrigger.UI.GUISetSubNodeNameVisibleAction
EventDebugProtocolFactory - No Message ID Class For TypeName : DeepCore.Game3D.Host.EventTrigger.UI.GUIControlSubNodeAction
EventDebugProtocolFactory - No Message ID Class For TypeName : DeepCore.Game3D.Host.EventTrigger.UI.GUISubNodeDataBindingAction
EventDebugProtocolFactory - No Message ID Class For TypeName : DeepCore.Game3D.Host.EventTrigger.UI.GenericFormShown
EventDebugProtocolFactory - No Message ID Class For TypeName : DeepCore.Game3D.Host.EventTrigger.UI.GenericFormClose
EventDebugProtocolFactory - No Message ID Class For TypeName : DeepCore.Game3D.Host.EventTrigger.UI.GenericFormNodeClick
EventDebugProtocolFactory - No Message ID Class For TypeName : DeepCore.Game3D.Host.EventTrigger.UI.GenericFormNodeDataChanged
EventDebugProtocolFactory - No Message ID Class For TypeName : DeepCore.Game3D.Host.EventTrigger.UI.BindingFormShown
EventDebugProtocolFactory - No Message ID Class For TypeName : DeepCore.Game3D.Host.EventTrigger.UI.BindingFormClose
EventDebugProtocolFactory - No Message ID Class For TypeName : DeepCore.Game3D.Host.EventTrigger.UI.BindingFormNodeClick
EventDebugProtocolFactory - No Message ID Class For TypeName : DeepCore.Game3D.Host.EventTrigger.UI.BindingFormNodeDataChanged
EventDebugProtocolFactory - No Message ID Class For TypeName : DeepCore.Game3D.Host.EventTrigger.UI.SpecifyFormShown
EventDebugProtocolFactory - No Message ID Class For TypeName : DeepCore.Game3D.Host.EventTrigger.UI.SpecifyFormClose
EventDebugProtocolFactory - No Message ID Class For TypeName : DeepCore.Game3D.Host.EventTrigger.UI.SpecifyFormNodeClick
EventDebugProtocolFactory - No Message ID Class For TypeName : DeepCore.Game3D.Host.EventTrigger.UI.SpecifyUINodeClick
EventDebugProtocolFactory - No Message ID Class For TypeName : DeepCore.Game3D.Host.EventTrigger.UI.SpecifyUINodeDataChanged
EventDebugProtocolFactory - No Message ID Class For TypeName : DeepCore.Game3D.Host.EventTrigger.UI.SetCameraOffsetAction
EventDebugProtocolFactory - No Message ID Class For TypeName : DeepCore.GameData.Zone.ZoneEditor.EventTrigger.UnitPrompt
EventDebugProtocolFactory - No Message ID Class For TypeName : DeepCore.GameData.Zone.ZoneEditor.EventTrigger.ZonePrompt
EventDebugProtocolFactory - No Message ID Class For TypeName : DeepCore.GameData.Zone.ZoneEditor.EventTrigger.ShowMessageBox
EventDebugProtocolFactory - No Message ID Class For TypeName : DeepCore.GameData.Zone.ZoneEditor.EventTrigger.InvokeLowMemory
EventDebugProtocolFactory - No Message ID Class For TypeName : DeepCore.GameData.Zone.ZoneEditor.EventTrigger.IsEditorMode
EventDebugProtocolFactory - No Message ID Class For TypeName : DeepCore.GameData.Zone.ZoneEditor.EventTrigger.IsEditorModeValue
EventDebugProtocolFactory - No Message ID Class For TypeName : DeepCore.GameData.Zone.ZoneEditor.EventTrigger.DialogResult
EventDebugProtocolFactory - No Message ID Class For TypeName : DeepCore.GameData.Zone.ZoneEditor.EventTrigger.TriggingComponentName
EventDebugProtocolFactory - No Message ID Class For TypeName : DeepCore.GameData.Zone.ZoneEditor.EventTrigger.TriggingComponentSubURL
EventDebugProtocolFactory - No Message ID Class For TypeName : DeepCore.GameData.Zone.ZoneEditor.EventTrigger.GUIFormTemplateID
EventDebugProtocolFactory - No Message ID Class For TypeName : DeepCore.GameData.Zone.ZoneEditor.EventTrigger.GUIComponentCompare
EventDebugProtocolFactory - No Message ID Class For TypeName : DeepCore.GameData.Zone.ZoneEditor.EventTrigger.GUISubUrlCheck
EventDebugProtocolFactory - No Message ID Class For TypeName : DeepCore.GameData.Zone.ZoneEditor.EventTrigger.IFGUIAction
EventDebugProtocolFactory - No Message ID Class For TypeName : DeepCore.GameData.Zone.ZoneEditor.EventTrigger.ZoneTextMessageTrigger
EventDebugProtocolFactory - No Message ID Class For TypeName : DeepCore.GameData.Zone.ZoneEditor.EventTrigger.ZoneTextMessageValue
EventDebugProtocolFactory - No Message ID Class For TypeName : DeepCore.GameData.Zone.ZoneEditor.EventTrigger.SendChatMessage
EventDebugProtocolFactory - No Message ID Class For TypeName : DeepCore.GameData.Zone.ZoneEditor.EventTrigger.CameraFocusUnitAction
EventDebugProtocolFactory - No Message ID Class For TypeName : DeepCore.GameData.Zone.ZoneEditor.EventTrigger.CameraControlAction
EventDebugProtocolFactory - No Message ID Class For TypeName : DeepCore.GameData.Zone.ZoneEditor.EventTrigger.ClientFocusAction
EventDebugProtocolFactory - No Message ID Class For TypeName : DeepCore.GameData.Zone.ZoneEditor.EventTrigger.RunClientScriptFileAction
EventDebugProtocolFactory - No Message ID Class For TypeName : DeepCore.GameData.Zone.ZoneEditor.EventTrigger.RunScriptCodeAction
EventDebugProtocolFactory - No Message ID Class For TypeName : DeepCore.GameData.Zone.ZoneEditor.EventTrigger.BubbleTalk
EventDebugProtocolFactory - No Message ID Class For TypeName : DeepCore.GameData.Zone.ZoneEditor.EventTrigger.SetZoneFieldStringValue
EventDebugProtocolFactory - No Message ID Class For TypeName : DeepCore.GameData.Zone.ZoneEditor.EventTrigger.SetZoneFieldIntegerValue
EventDebugProtocolFactory - No Message ID Class For TypeName : DeepCore.GameData.Zone.ZoneEditor.EventTrigger.SetZoneFieldRealValue
EventDebugProtocolFactory - No Message ID Class For TypeName : DeepCore.GameData.Zone.ZoneEditor.EventTrigger.SetZoneFieldIntegerValue64
EventDebugProtocolFactory - No Message ID Class For TypeName : DeepCore.GameData.Zone.ZoneEditor.EventTrigger.SetZoneFieldRealValue64
EventDebugProtocolFactory - No Message ID Class For TypeName : DeepCore.GameData.Zone.ZoneEditor.EventTrigger.SetZoneFieldBoolValue
EventDebugProtocolFactory - No Message ID Class For TypeName : DeepCore.GameData.Zone.ZoneEditor.EventTrigger.SetUnitFieldStringValue
EventDebugProtocolFactory - No Message ID Class For TypeName : DeepCore.GameData.Zone.ZoneEditor.EventTrigger.SetUnitFieldIntegerValue
EventDebugProtocolFactory - No Message ID Class For TypeName : DeepCore.GameData.Zone.ZoneEditor.EventTrigger.SetUnitFieldRealValue
EventDebugProtocolFactory - No Message ID Class For TypeName : DeepCore.GameData.Zone.ZoneEditor.EventTrigger.SetUnitFieldIntegerValue64
EventDebugProtocolFactory - No Message ID Class For TypeName : DeepCore.GameData.Zone.ZoneEditor.EventTrigger.SetUnitFieldRealValue64
EventDebugProtocolFactory - No Message ID Class For TypeName : DeepCore.GameData.Zone.ZoneEditor.EventTrigger.SetUnitFieldBoolValue
EventDebugProtocolFactory - No Message ID Class For TypeName : DeepCore.GameData.Zone.ZoneEditor.EventTrigger.SetItemFieldStringValue
EventDebugProtocolFactory - No Message ID Class For TypeName : DeepCore.GameData.Zone.ZoneEditor.EventTrigger.SetItemFieldIntegerValue
EventDebugProtocolFactory - No Message ID Class For TypeName : DeepCore.GameData.Zone.ZoneEditor.EventTrigger.SetItemFieldRealValue
EventDebugProtocolFactory - No Message ID Class For TypeName : DeepCore.GameData.Zone.ZoneEditor.EventTrigger.SetItemFieldIntegerValue64
EventDebugProtocolFactory - No Message ID Class For TypeName : DeepCore.GameData.Zone.ZoneEditor.EventTrigger.SetItemFieldRealValue64
EventDebugProtocolFactory - No Message ID Class For TypeName : DeepCore.GameData.Zone.ZoneEditor.EventTrigger.SetItemFieldBoolValue
EventDebugProtocolFactory - No Message ID Class For TypeName : DeepCore.GameData.Zone.ZoneEditor.EventTrigger.FlagCloseAction
EventDebugProtocolFactory - No Message ID Class For TypeName : DeepCore.GameData.Zone.ZoneEditor.EventTrigger.FlagOpenAction
EventDebugProtocolFactory - No Message ID Class For TypeName : DeepCore.GameData.Zone.ZoneEditor.EventTrigger.FlagOnOffAction
EventDebugProtocolFactory - No Message ID Class For TypeName : DeepCore.GameData.Zone.ZoneEditor.EventTrigger.FlagSwitchAction
EventDebugProtocolFactory - No Message ID Class For TypeName : DeepCore.GameData.Zone.ZoneEditor.EventTrigger.FlagGroupCloseAction
EventDebugProtocolFactory - No Message ID Class For TypeName : DeepCore.GameData.Zone.ZoneEditor.EventTrigger.FlagGroupOpenAction
EventDebugProtocolFactory - No Message ID Class For TypeName : DeepCore.GameData.Zone.ZoneEditor.EventTrigger.FlagTagAction
EventDebugProtocolFactory - No Message ID Class For TypeName : DeepCore.GameData.Zone.ZoneEditor.EventTrigger.WhenUnitEnterRegionOnceDo
EventDebugProtocolFactory - No Message ID Class For TypeName : DeepCore.GameData.Zone.ZoneEditor.EventTrigger.WhenUnitLeaveRegionOnceDo
EventDebugProtocolFactory - No Message ID Class For TypeName : DeepCore.GameData.Zone.ZoneEditor.EventTrigger.WhenUnitEnterAreaOnceDo
EventDebugProtocolFactory - No Message ID Class For TypeName : DeepCore.GameData.Zone.ZoneEditor.EventTrigger.WhenUnitLeaveAreaOnceDo
EventDebugProtocolFactory - No Message ID Class For TypeName : DeepCore.GameData.Zone.ZoneEditor.EventTrigger.AddAoiDecorationAction
EventDebugProtocolFactory - No Message ID Class For TypeName : DeepCore.GameData.Zone.ZoneEditor.EventTrigger.EveryFlagDoAction
EventDebugProtocolFactory - No Message ID Class For TypeName : DeepCore.GameData.Zone.ZoneEditor.EventTrigger.FlagResetSpawnAction
EventDebugProtocolFactory - No Message ID Class For TypeName : DeepCore.GameData.Zone.ZoneEditor.EventTrigger.RegionManualSpawn
EventDebugProtocolFactory - No Message ID Class For TypeName : DeepCore.GameData.Zone.ZoneEditor.EventTrigger.SpawnAttachmentInRegion
EventDebugProtocolFactory - No Message ID Class For TypeName : DeepCore.GameData.Zone.ZoneEditor.EventTrigger.AddItemAction
EventDebugProtocolFactory - No Message ID Class For TypeName : DeepCore.GameData.Zone.ZoneEditor.EventTrigger.RemoveItemAction
EventDebugProtocolFactory - No Message ID Class For TypeName : DeepCore.GameData.Zone.ZoneEditor.EventTrigger.DirectPickItemAction
EventDebugProtocolFactory - No Message ID Class For TypeName : DeepCore.GameData.Zone.ZoneEditor.EventTrigger.EveryRangedItemDoAction
EventDebugProtocolFactory - No Message ID Class For TypeName : DeepCore.GameData.Zone.ZoneEditor.EventTrigger.EveryItemInRegionDoAction
EventDebugProtocolFactory - No Message ID Class For TypeName : DeepCore.GameData.Zone.ZoneEditor.EventTrigger.UnitAutoLaunchSkillAction
EventDebugProtocolFactory - No Message ID Class For TypeName : DeepCore.GameData.Zone.ZoneEditor.EventTrigger.AttackLaunchSpell
EventDebugProtocolFactory - No Message ID Class For TypeName : DeepCore.GameData.Zone.ZoneEditor.EventTrigger.ControlUnitMoveAction
EventDebugProtocolFactory - No Message ID Class For TypeName : DeepCore.GameData.Zone.ZoneEditor.EventTrigger.ControlUnitLaunchSkillAction
EventDebugProtocolFactory - No Message ID Class For TypeName : DeepCore.GameData.Zone.ZoneEditor.EventTrigger.UnitStateDefinedAction
EventDebugProtocolFactory - No Message ID Class For TypeName : DeepCore.GameData.Zone.ZoneEditor.EventTrigger.ControlUnitIdleAction
EventDebugProtocolFactory - No Message ID Class For TypeName : DeepCore.GameData.Zone.ZoneEditor.EventTrigger.ControUnitDoClientAction
EventDebugProtocolFactory - No Message ID Class For TypeName : DeepCore.GameData.Zone.ZoneEditor.EventTrigger.ControUnitFaceToAction
EventDebugProtocolFactory - No Message ID Class For TypeName : DeepCore.GameData.Zone.ZoneEditor.EventTrigger.ControUnitFocuseAttackAction
EventDebugProtocolFactory - No Message ID Class For TypeName : DeepCore.GameData.Zone.ZoneEditor.EventTrigger.ForceUnitIdleAction
EventDebugProtocolFactory - No Message ID Class For TypeName : DeepCore.GameData.Zone.ZoneEditor.EventTrigger.ForceUnitDoAction
EventDebugProtocolFactory - No Message ID Class For TypeName : DeepCore.GameData.Zone.ZoneEditor.EventTrigger.ForceUnitMoveAction
EventDebugProtocolFactory - No Message ID Class For TypeName : DeepCore.GameData.Zone.ZoneEditor.EventTrigger.ForceUnitDirMoveAction
EventDebugProtocolFactory - No Message ID Class For TypeName : DeepCore.GameData.Zone.ZoneEditor.EventTrigger.ForceUnitFaceToAction
EventDebugProtocolFactory - No Message ID Class For TypeName : DeepCore.GameData.Zone.ZoneEditor.EventTrigger.ForceUnitLaunchSkillAction
EventDebugProtocolFactory - No Message ID Class For TypeName : DeepCore.GameData.Zone.ZoneEditor.EventTrigger.ForceUnitControlQueue
EventDebugProtocolFactory - No Message ID Class For TypeName : DeepCore.GameData.Zone.ZoneEditor.EventTrigger.ManualUnitIdleAction
EventDebugProtocolFactory - No Message ID Class For TypeName : DeepCore.GameData.Zone.ZoneEditor.EventTrigger.ManualUnitDoClientAction
EventDebugProtocolFactory - No Message ID Class For TypeName : DeepCore.GameData.Zone.ZoneEditor.EventTrigger.ManualUnitMoveAction
EventDebugProtocolFactory - No Message ID Class For TypeName : DeepCore.GameData.Zone.ZoneEditor.EventTrigger.ManualUnitFaceToAction
EventDebugProtocolFactory - No Message ID Class For TypeName : DeepCore.GameData.Zone.ZoneEditor.EventTrigger.ManualUnitLaunchSkillAction
EventDebugProtocolFactory - No Message ID Class For TypeName : DeepCore.GameData.Zone.ZoneEditor.EventTrigger.ManualUnitFocuseAttackAction
EventDebugProtocolFactory - No Message ID Class For TypeName : DeepCore.GameData.Zone.ZoneEditor.EventTrigger.ManualUnitWaitCommandAction
EventDebugProtocolFactory - No Message ID Class For TypeName : DeepCore.GameData.Zone.ZoneEditor.EventTrigger.ManualUnitControlQueue
EventDebugProtocolFactory - No Message ID Class For TypeName : DeepCore.GameData.Zone.ZoneEditor.EventTrigger.UnitBindEventAction
EventDebugProtocolFactory - No Message ID Class For TypeName : DeepCore.GameData.Zone.ZoneEditor.EventTrigger.UnitEventTriggerActive
EventDebugProtocolFactory - No Message ID Class For TypeName : DeepCore.GameData.Zone.ZoneEditor.EventTrigger.UnitEventTriggerDeactive
EventDebugProtocolFactory - No Message ID Class For TypeName : DeepCore.GameData.Zone.ZoneEditor.EventTrigger.UnitEventGroupTriggerActive
EventDebugProtocolFactory - No Message ID Class For TypeName : DeepCore.GameData.Zone.ZoneEditor.EventTrigger.UnitEventGroupTriggerDeactive
EventDebugProtocolFactory - No Message ID Class For TypeName : DeepCore.GameData.Zone.ZoneEditor.EventTrigger.CopyDecorationShape
EventDebugProtocolFactory - No Message ID Class For TypeName : DeepCore.GameData.Zone.ZoneEditor.EventTrigger.AddUnitAction
EventDebugProtocolFactory - No Message ID Class For TypeName : DeepCore.GameData.Zone.ZoneEditor.EventTrigger.UnitAddMoneyAction
EventDebugProtocolFactory - No Message ID Class For TypeName : DeepCore.GameData.Zone.ZoneEditor.EventTrigger.KillUnitAction
EventDebugProtocolFactory - No Message ID Class For TypeName : DeepCore.GameData.Zone.ZoneEditor.EventTrigger.RemoveUnitAction
EventDebugProtocolFactory - No Message ID Class For TypeName : DeepCore.GameData.Zone.ZoneEditor.EventTrigger.UnitUseItemAction
EventDebugProtocolFactory - No Message ID Class For TypeName : DeepCore.GameData.Zone.ZoneEditor.EventTrigger.UnitAddInventoryItemAction
EventDebugProtocolFactory - No Message ID Class For TypeName : DeepCore.GameData.Zone.ZoneEditor.EventTrigger.UnitDropInventoryItemAction
EventDebugProtocolFactory - No Message ID Class For TypeName : DeepCore.GameData.Zone.ZoneEditor.EventTrigger.UnitClearInventoryItemAction
EventDebugProtocolFactory - No Message ID Class For TypeName : DeepCore.GameData.Zone.ZoneEditor.EventTrigger.UnitUseInventoryItemAction
EventDebugProtocolFactory - No Message ID Class For TypeName : DeepCore.GameData.Zone.ZoneEditor.EventTrigger.UnitAddHPAction
EventDebugProtocolFactory - No Message ID Class For TypeName : DeepCore.GameData.Zone.ZoneEditor.EventTrigger.UnitAddHPToUnitAction
EventDebugProtocolFactory - No Message ID Class For TypeName : DeepCore.GameData.Zone.ZoneEditor.EventTrigger.UnitAddMPAction
EventDebugProtocolFactory - No Message ID Class For TypeName : DeepCore.GameData.Zone.ZoneEditor.EventTrigger.UnitAddHPPctAction
EventDebugProtocolFactory - No Message ID Class For TypeName : DeepCore.GameData.Zone.ZoneEditor.EventTrigger.UnitTransportAction
EventDebugProtocolFactory - No Message ID Class For TypeName : DeepCore.GameData.Zone.ZoneEditor.EventTrigger.UnitPauseAction
EventDebugProtocolFactory - No Message ID Class For TypeName : DeepCore.GameData.Zone.ZoneEditor.EventTrigger.CloneUnitAction
EventDebugProtocolFactory - No Message ID Class For TypeName : DeepCore.GameData.Zone.ZoneEditor.EventTrigger.SummonPetAction
EventDebugProtocolFactory - No Message ID Class For TypeName : DeepCore.GameData.Zone.ZoneEditor.EventTrigger.UnitEscapeAction
EventDebugProtocolFactory - No Message ID Class For TypeName : DeepCore.GameData.Zone.ZoneEditor.EventTrigger.UnitChaosAction
EventDebugProtocolFactory - No Message ID Class For TypeName : DeepCore.GameData.Zone.ZoneEditor.EventTrigger.UnitRebrithAction
EventDebugProtocolFactory - No Message ID Class For TypeName : DeepCore.GameData.Zone.ZoneEditor.EventTrigger.UnitStartRebrithAction
EventDebugProtocolFactory - No Message ID Class For TypeName : DeepCore.GameData.Zone.ZoneEditor.EventTrigger.BuildingRebuildAction
EventDebugProtocolFactory - No Message ID Class For TypeName : DeepCore.GameData.Zone.ZoneEditor.EventTrigger.UnitSetScale
EventDebugProtocolFactory - No Message ID Class For TypeName : DeepCore.GameData.Zone.ZoneEditor.EventTrigger.UnitSetScaleAdd
EventDebugProtocolFactory - No Message ID Class For TypeName : DeepCore.GameData.Zone.ZoneEditor.EventTrigger.UnitGetScale
EventDebugProtocolFactory - No Message ID Class For TypeName : DeepCore.GameData.Zone.ZoneEditor.EventTrigger.UnitBubbleTalk
EventDebugProtocolFactory - No Message ID Class For TypeName : DeepCore.GameData.Zone.ZoneEditor.EventTrigger.UnitBubbleTalkNext
EventDebugProtocolFactory - No Message ID Class For TypeName : DeepCore.GameData.Zone.ZoneEditor.EventTrigger.UnitDoSomething
EventDebugProtocolFactory - No Message ID Class For TypeName : DeepCore.GameData.Zone.ZoneEditor.EventTrigger.EveryForceUnitDoAction
EventDebugProtocolFactory - No Message ID Class For TypeName : DeepCore.GameData.Zone.ZoneEditor.EventTrigger.EveryRangedUnitDoAction
EventDebugProtocolFactory - No Message ID Class For TypeName : DeepCore.GameData.Zone.ZoneEditor.EventTrigger.EveryUnitInRegionDoAction
EventDebugProtocolFactory - No Message ID Class For TypeName : DeepCore.GameData.Zone.ZoneEditor.EventTrigger.EverySpawnedUnitInRegionDoAction
EventDebugProtocolFactory - No Message ID Class For TypeName : DeepCore.GameData.Zone.ZoneEditor.EventTrigger.UnitLaunchSkillAction
EventDebugProtocolFactory - No Message ID Class For TypeName : DeepCore.GameData.Zone.ZoneEditor.EventTrigger.UnitStopSkillAction
EventDebugProtocolFactory - No Message ID Class For TypeName : DeepCore.GameData.Zone.ZoneEditor.EventTrigger.UnitAddBuffAction
EventDebugProtocolFactory - No Message ID Class For TypeName : DeepCore.GameData.Zone.ZoneEditor.EventTrigger.UnitSelfAddBuffAction
EventDebugProtocolFactory - No Message ID Class For TypeName : DeepCore.GameData.Zone.ZoneEditor.EventTrigger.UnitRemoveBuffAction
EventDebugProtocolFactory - No Message ID Class For TypeName : DeepCore.GameData.Zone.ZoneEditor.EventTrigger.UnitCleanBuffAction
EventDebugProtocolFactory - No Message ID Class For TypeName : DeepCore.GameData.Zone.ZoneEditor.EventTrigger.UnitLaunchAuraAction
EventDebugProtocolFactory - No Message ID Class For TypeName : DeepCore.GameData.Zone.ZoneEditor.EventTrigger.UnitRemoveAuraAction
EventDebugProtocolFactory - No Message ID Class For TypeName : DeepCore.GameData.Zone.ZoneEditor.EventTrigger.UnitClearCDAction
EventDebugProtocolFactory - No Message ID Class For TypeName : DeepCore.GameData.Zone.ZoneEditor.EventTrigger.UnitEnterCDAction
EventDebugProtocolFactory - No Message ID Class For TypeName : DeepCore.GameData.Zone.ZoneEditor.EventTrigger.UnitEnterSkillCDAction
EventDebugProtocolFactory - No Message ID Class For TypeName : DeepCore.GameData.Zone.ZoneEditor.EventTrigger.UnitLaunchSpellAction
EventDebugProtocolFactory - No Message ID Class For TypeName : DeepCore.GameData.Zone.ZoneEditor.EventTrigger.UnitLaunchSpellLinesAction
EventDebugProtocolFactory - No Message ID Class For TypeName : DeepCore.GameData.Zone.ZoneEditor.EventTrigger.TriggingSpellTimeTaskAction
EventDebugProtocolFactory - No Message ID Class For TypeName : DeepCore.GameData.Zone.ZoneEditor.EventTrigger.TriggingSpellAddLifeTimeAction
EventDebugProtocolFactory - No Message ID Class For TypeName : DeepCore.GameData.Zone.ZoneEditor.EventTrigger.TriggingSpellChangeSpeedAction
EventDebugProtocolFactory - No Message ID Class For TypeName : DeepCore.GameData.Zone.ZoneEditor.EventTrigger.UnitSetNoneBlockTimeMS
EventDebugProtocolFactory - No Message ID Class For TypeName : DeepCore.GameData.Zone.ZoneEditor.EventTrigger.UnitSetStunTimeMS
EventDebugProtocolFactory - No Message ID Class For TypeName : DeepCore.GameData.Zone.ZoneEditor.EventTrigger.UnitSetInvisibleTimeMS
EventDebugProtocolFactory - No Message ID Class For TypeName : DeepCore.GameData.Zone.ZoneEditor.EventTrigger.UnitSetInvincibleTimeMS
EventDebugProtocolFactory - No Message ID Class For TypeName : DeepCore.GameData.Zone.ZoneEditor.EventTrigger.UnitSetNoDamageTimeMS
EventDebugProtocolFactory - No Message ID Class For TypeName : DeepCore.GameData.Zone.ZoneEditor.EventTrigger.UnitSetSilentTimeMS
EventDebugProtocolFactory - No Message ID Class For TypeName : DeepCore.GameData.Zone.ZoneEditor.EventTrigger.UnitSetLockTimeMS
EventDebugProtocolFactory - No Message ID Class For TypeName : DeepCore.GameData.Zone.ZoneEditor.EventTrigger.UnitCleanNoneBlockTimeMS
EventDebugProtocolFactory - No Message ID Class For TypeName : DeepCore.GameData.Zone.ZoneEditor.EventTrigger.UnitCleanStunTimeMS
EventDebugProtocolFactory - No Message ID Class For TypeName : DeepCore.GameData.Zone.ZoneEditor.EventTrigger.UnitCleanInvisibleTimeMS
EventDebugProtocolFactory - No Message ID Class For TypeName : DeepCore.GameData.Zone.ZoneEditor.EventTrigger.UnitCleanInvincibleTimeMS
EventDebugProtocolFactory - No Message ID Class For TypeName : DeepCore.GameData.Zone.ZoneEditor.EventTrigger.UnitCleanNoDamageTimeMS
EventDebugProtocolFactory - No Message ID Class For TypeName : DeepCore.GameData.Zone.ZoneEditor.EventTrigger.UnitCleanSilentTimeMS
EventDebugProtocolFactory - No Message ID Class For TypeName : DeepCore.GameData.Zone.ZoneEditor.EventTrigger.UnitCleanLockTimeMS
EventDebugProtocolFactory - No Message ID Class For TypeName : DeepCore.GameData.Zone.ZoneEditor.EventTrigger.GamePauseAction
EventDebugProtocolFactory - No Message ID Class For TypeName : DeepCore.GameData.Zone.ZoneEditor.EventTrigger.GamePauseOnAction
EventDebugProtocolFactory - No Message ID Class For TypeName : DeepCore.GameData.Zone.ZoneEditor.EventTrigger.GamePauseOffAction
EventDebugProtocolFactory - No Message ID Class For TypeName : DeepCore.GameData.Zone.ZoneEditor.EventTrigger.GameTimeScaleAction
EventDebugProtocolFactory - No Message ID Class For TypeName : DeepCore.GameData.Zone.ZoneEditor.EventTrigger.GameOverAction
EventDebugProtocolFactory - No Message ID Class For TypeName : DeepCore.GameData.Zone.ZoneEditor.EventTrigger.GameOverActionVar
EventDebugProtocolFactory - No Message ID Class For TypeName : DeepCore.GameData.Zone.ZoneEditor.EventTrigger.ChangeBGMAction
EventDebugProtocolFactory - No Message ID Class For TypeName : DeepCore.GameData.Zone.ZoneEditor.EventTrigger.EventTriggerActive
EventDebugProtocolFactory - No Message ID Class For TypeName : DeepCore.GameData.Zone.ZoneEditor.EventTrigger.EventTriggerDeactive
EventDebugProtocolFactory - No Message ID Class For TypeName : DeepCore.GameData.Zone.ZoneEditor.EventTrigger.EventGroupTriggerActive
EventDebugProtocolFactory - No Message ID Class For TypeName : DeepCore.GameData.Zone.ZoneEditor.EventTrigger.EventGroupTriggerDeactive
EventDebugProtocolFactory - No Message ID Class For TypeName : DeepCore.GameData.Zone.ZoneEditor.EventTrigger.ZoneBindEventAction
EventDebugProtocolFactory - No Message ID Class For TypeName : DeepCore.GameData.Zone.ZoneEditor.EventTrigger.AddZoneEffect
EventDebugProtocolFactory - No Message ID Class For TypeName : DeepCore.GameData.Zone.ZoneEditor.EventTrigger.AddUnitEffect
EventDebugProtocolFactory - No Message ID Class For TypeName : DeepCore.GameData.Zone.ZoneEditor.EventTrigger.AddItemActionAOI
EventDebugProtocolFactory - No Message ID Class For TypeName : DeepCore.GameData.Zone.ZoneEditor.EventTrigger.AddUnitActionAOI
EventDebugProtocolFactory - No Message ID Class For TypeName : DeepCore.GameData.Zone.ZoneEditor.EventTrigger.PlayerEnterAOI
EventDebugProtocolFactory - No Message ID Class For TypeName : DeepCore.GameData.Zone.ZoneEditor.EventTrigger.PlayerLeaveAOI
EventDebugProtocolFactory - No Message ID Class For TypeName : DeepCore.GameData.Zone.ZoneEditor.EventTrigger.UnitInAOIStatus
EventDebugProtocolFactory - No Message ID Class For TypeName : DeepCore.GameData.Zone.ZoneEditor.EventTrigger.UnitEqualAOIStatus
EventDebugProtocolFactory - No Message ID Class For TypeName : DeepCore.GameData.Zone.ZoneEditor.EventTrigger.UnitAOIOwnerUnit
EventDebugProtocolFactory - No Message ID Class For TypeName : DeepCore.GameData.Zone.ZoneEditor.EventTrigger.GetAOIUnitCount
EventDebugProtocolFactory - No Message ID Class For TypeName : DeepCore.GameData.Zone.ZoneEditor.EventTrigger.GetAOIUnitCountByForce
EventDebugProtocolFactory - No Message ID Class For TypeName : DeepCore.GameData.Zone.ZoneEditor.EventTrigger.GetAOIUnitCountByTemplateID
EventDebugProtocolFactory - No Message ID Class For TypeName : DeepCore.GameData.Zone.ZoneEditor.EventTrigger.GetAOIUnitByTemplateID
EventDebugProtocolFactory - No Message ID Class For TypeName : DeepCore.GameData.Zone.ZoneEditor.EventTrigger.GetAOIUnitByName
EventDebugProtocolFactory - No Message ID Class For TypeName : DeepCore.GameData.Zone.ZoneEditor.EventTrigger.UnitPutCardAction
EventDebugProtocolFactory - No Message ID Class For TypeName : DeepCore.GameData.Zone.ZoneEditor.EventTrigger.BindingUnitCardsChanged
EventDebugProtocolFactory - No Message ID Class For TypeName : DeepCore.GameData.Zone.ZoneEditor.EventTrigger.SpecUnitCardsChanged
EventDebugProtocolFactory - No Message ID Class For TypeName : DeepCore.GameData.Zone.ZoneEditor.EventTrigger.BindingUnitAddCard
EventDebugProtocolFactory - No Message ID Class For TypeName : DeepCore.GameData.Zone.ZoneEditor.EventTrigger.SpecUnitAddCard
EventDebugProtocolFactory - No Message ID Class For TypeName : DeepCore.GameData.Zone.ZoneEditor.EventTrigger.BindingUnitRemoveCard
EventDebugProtocolFactory - No Message ID Class For TypeName : DeepCore.GameData.Zone.ZoneEditor.EventTrigger.SpecUnitRemoveCard
EventDebugProtocolFactory - No Message ID Class For TypeName : DeepCore.GameData.Zone.ZoneEditor.EventTrigger.BindingUnitCardLevelChange
EventDebugProtocolFactory - No Message ID Class For TypeName : DeepCore.GameData.Zone.ZoneEditor.EventTrigger.SpecUnitCardLevelChange
EventDebugProtocolFactory - No Message ID Class For TypeName : DeepCore.GameData.Zone.ZoneEditor.EventTrigger.UnitCardExist
EventDebugProtocolFactory - No Message ID Class For TypeName : DeepCore.GameData.Zone.ZoneEditor.EventTrigger.UnitCardLevel
EventDebugProtocolFactory - No Message ID Class For TypeName : DeepCore.GameData.Zone.ZoneEditor.EventTrigger.IteratingUnit
EventDebugProtocolFactory - No Message ID Class For TypeName : DeepCore.GameData.Zone.ZoneEditor.EventTrigger.SumUnits
EventDebugProtocolFactory - No Message ID Class For TypeName : DeepCore.GameData.Zone.ZoneEditor.EventTrigger.FindUnit
EventDebugProtocolFactory - No Message ID Class For TypeName : DeepCore.GameData.Zone.ZoneEditor.EventTrigger.ForEachUnitsAction
EventDebugProtocolFactory - No Message ID Class For TypeName : DeepCore.GameData.Zone.ZoneEditor.EventTrigger.IteratingItem
EventDebugProtocolFactory - No Message ID Class For TypeName : DeepCore.GameData.Zone.ZoneEditor.EventTrigger.SumItems
EventDebugProtocolFactory - No Message ID Class For TypeName : DeepCore.GameData.Zone.ZoneEditor.EventTrigger.FindItem
EventDebugProtocolFactory - No Message ID Class For TypeName : DeepCore.GameData.Zone.ZoneEditor.EventTrigger.ForEachItemsAction
EventDebugProtocolFactory - No Message ID Class For TypeName : DeepCore.GameData.Zone.ZoneEditor.EventTrigger.IteratingFlag
EventDebugProtocolFactory - No Message ID Class For TypeName : DeepCore.GameData.Zone.ZoneEditor.EventTrigger.SumFlags
EventDebugProtocolFactory - No Message ID Class For TypeName : DeepCore.GameData.Zone.ZoneEditor.EventTrigger.FindFlag
EventDebugProtocolFactory - No Message ID Class For TypeName : DeepCore.GameData.Zone.ZoneEditor.EventTrigger.ForEachFlagsAction
EventDebugProtocolFactory - No Message ID Class For TypeName : DeepCore.GameData.Zone.ZoneEditor.EventTrigger.StateMoveAIAction
EventDebugProtocolFactory - No Message ID Class For TypeName : DeepCore.GameData.Zone.ZoneEditor.EventTrigger.TryMoveScatterTargetAction
EventDebugProtocolFactory - No Message ID Class For TypeName : DeepCore.GameData.Zone.ZoneEditor.EventTrigger.StateIdleMoveAction
EventDebugProtocolFactory - No Message ID Class For TypeName : DeepCore.GameData.Zone.ZoneEditor.EventTrigger.StateFollowAndGuardAction
EventDebugProtocolFactory - No Message ID Class For TypeName : DeepCore.GameData.Zone.ZoneEditor.EventTrigger.StateFollowAndAttackAction
EventDebugProtocolFactory - No Message ID Class For TypeName : DeepCore.GameData.Zone.ZoneEditor.EventTrigger.StateFollowAndPickObjectAction
EventDebugProtocolFactory - No Message ID Class For TypeName : DeepCore.GameData.Zone.ZoneEditor.EventTrigger.StateFollowAndPickItemAction
EventDebugProtocolFactory - No Message ID Class For TypeName : DeepCore.GameData.Zone.ZoneEditor.EventTrigger.StateAttackToZoneWayPointAction
EventDebugProtocolFactory - No Message ID Class For TypeName : DeepCore.GameData.Zone.ZoneEditor.EventTrigger.StateGuardInPositionAction
EventDebugProtocolFactory - No Message ID Class For TypeName : DeepCore.GameData.Zone.ZoneEditor.EventTrigger.StateBackToPositionAction
EventDebugProtocolFactory - No Message ID Class For TypeName : DeepCore.GameData.Zone.ZoneEditor.EventTrigger.NpcAttackToWayPoint
EventDebugProtocolFactory - No Message ID Class For TypeName : DeepCore.GameData.Zone.ZoneEditor.EventTrigger.NpcPatrolWithWayPoint
EventDebugProtocolFactory - No Message ID Class For TypeName : DeepCore.GameData.Zone.ZoneEditor.EventTrigger.NpcFollowAndGuardUnit
EventDebugProtocolFactory - No Message ID Class For TypeName : DeepCore.GameData.Zone.ZoneEditor.EventTrigger.NpcFollowAndAttackUnit
EventDebugProtocolFactory - No Message ID Class For TypeName : DeepCore.GameData.Zone.ZoneEditor.EventTrigger.StateMoveFindPathWayPointAction
EventDebugProtocolFactory - No Message ID Class For TypeName : DeepCore.GameData.Zone.ZoneEditor.EventTrigger.LocalVarUnit
EventDebugProtocolFactory - No Message ID Class For TypeName : DeepCore.GameData.Zone.ZoneEditor.EventTrigger.LocalVarFlag
EventDebugProtocolFactory - No Message ID Class For TypeName : DeepCore.GameData.Zone.ZoneEditor.EventTrigger.LocalVarItem
EventDebugProtocolFactory - No Message ID Class For TypeName : DeepCore.GameData.Zone.ZoneEditor.EventTrigger.LocalVarPosition
EventDebugProtocolFactory - No Message ID Class For TypeName : DeepCore.GameData.Zone.ZoneEditor.EventTrigger.GetLocalAsUnit
EventDebugProtocolFactory - No Message ID Class For TypeName : DeepCore.GameData.Zone.ZoneEditor.EventTrigger.GetLocalAsItem
EventDebugProtocolFactory - No Message ID Class For TypeName : DeepCore.GameData.Zone.ZoneEditor.EventTrigger.GetLocalAsFlag
EventDebugProtocolFactory - No Message ID Class For TypeName : DeepCore.GameData.Zone.ZoneEditor.EventTrigger.GetLocalAsPosition
EventDebugProtocolFactory - No Message ID Class For TypeName : DeepCore.GameData.Zone.ZoneEditor.EventTrigger.GetLocalAsUnitSV
EventDebugProtocolFactory - No Message ID Class For TypeName : DeepCore.GameData.Zone.ZoneEditor.EventTrigger.GetLocalAsItemSV
EventDebugProtocolFactory - No Message ID Class For TypeName : DeepCore.GameData.Zone.ZoneEditor.EventTrigger.GetLocalAsFlagSV
EventDebugProtocolFactory - No Message ID Class For TypeName : DeepCore.GameData.Zone.ZoneEditor.EventTrigger.GetLocalAsPositionSV
EventDebugProtocolFactory - No Message ID Class For TypeName : DeepCore.GameData.Zone.ZoneEditor.EventTrigger.SetLocalAsUnit
EventDebugProtocolFactory - No Message ID Class For TypeName : DeepCore.GameData.Zone.ZoneEditor.EventTrigger.SetLocalAsItem
EventDebugProtocolFactory - No Message ID Class For TypeName : DeepCore.GameData.Zone.ZoneEditor.EventTrigger.SetLocalAsFlag
EventDebugProtocolFactory - No Message ID Class For TypeName : DeepCore.GameData.Zone.ZoneEditor.EventTrigger.SetLocalAsPosition
EventDebugProtocolFactory - No Message ID Class For TypeName : DeepCore.GameData.Zone.ZoneEditor.EventTrigger.SetLocalAsUnitSV
EventDebugProtocolFactory - No Message ID Class For TypeName : DeepCore.GameData.Zone.ZoneEditor.EventTrigger.SetLocalAsItemSV
EventDebugProtocolFactory - No Message ID Class For TypeName : DeepCore.GameData.Zone.ZoneEditor.EventTrigger.SetLocalAsFlagSV
EventDebugProtocolFactory - No Message ID Class For TypeName : DeepCore.GameData.Zone.ZoneEditor.EventTrigger.SetLocalAsPositionSV
EventDebugProtocolFactory - No Message ID Class For TypeName : DeepCore.GameData.Zone.ZoneEditor.EventTrigger.AcceptQuest
EventDebugProtocolFactory - No Message ID Class For TypeName : DeepCore.GameData.Zone.ZoneEditor.EventTrigger.CommitQuest
EventDebugProtocolFactory - No Message ID Class For TypeName : DeepCore.GameData.Zone.ZoneEditor.EventTrigger.DropQuest
EventDebugProtocolFactory - No Message ID Class For TypeName : DeepCore.GameData.Zone.ZoneEditor.EventTrigger.UpdateQuestStatus
EventDebugProtocolFactory - No Message ID Class For TypeName : DeepCore.GameData.Zone.ZoneEditor.EventTrigger.AcceptQuestVar
EventDebugProtocolFactory - No Message ID Class For TypeName : DeepCore.GameData.Zone.ZoneEditor.EventTrigger.CommitQuestVar
EventDebugProtocolFactory - No Message ID Class For TypeName : DeepCore.GameData.Zone.ZoneEditor.EventTrigger.DropQuestVar
EventDebugProtocolFactory - No Message ID Class For TypeName : DeepCore.GameData.Zone.ZoneEditor.EventTrigger.UpdateQuestStatusVar
EventDebugProtocolFactory - No Message ID Class For TypeName : DeepCore.GameData.Zone.ZoneEditor.EventTrigger.OnQuestAccepted
EventDebugProtocolFactory - No Message ID Class For TypeName : DeepCore.GameData.Zone.ZoneEditor.EventTrigger.OnQuestCommitted
EventDebugProtocolFactory - No Message ID Class For TypeName : DeepCore.GameData.Zone.ZoneEditor.EventTrigger.OnQuestDropped
EventDebugProtocolFactory - No Message ID Class For TypeName : DeepCore.GameData.Zone.ZoneEditor.EventTrigger.OnQuestStateUpdated
EventDebugProtocolFactory - No Message ID Class For TypeName : DeepCore.GameData.Zone.ZoneEditor.EventTrigger.TriggingQuestIdentify
EventDebugProtocolFactory - No Message ID Class For TypeName : DeepCore.GameData.Zone.ZoneEditor.EventTrigger.GetQuestField
EventDebugProtocolFactory - No Message ID Class For TypeName : DeepCore.GameData.Zone.ZoneEditor.EventTrigger.GetQuestState
EventDebugProtocolFactory - No Message ID Class For TypeName : DeepCore.GameData.Zone.ZoneEditor.EventTrigger.QuestAccepted
EventDebugProtocolFactory - No Message ID Class For TypeName : DeepCore.GameData.Zone.ZoneEditor.EventTrigger.QuestAcceptedSV
EventDebugProtocolFactory - No Message ID Class For TypeName : DeepCore.GameData.Zone.ZoneEditor.EventTrigger.SetEnvironmentUnit
EventDebugProtocolFactory - No Message ID Class For TypeName : DeepCore.GameData.Zone.ZoneEditor.EventTrigger.SetEnvironmentFlag
EventDebugProtocolFactory - No Message ID Class For TypeName : DeepCore.GameData.Zone.ZoneEditor.EventTrigger.SetEnvironmentItem
EventDebugProtocolFactory - No Message ID Class For TypeName : DeepCore.GameData.Zone.ZoneEditor.EventTrigger.SetEnvironmentPosition
EventDebugProtocolFactory - No Message ID Class For TypeName : DeepCore.GameData.Zone.ZoneEditor.EventTrigger.SetEnvironmentGUI
EventDebugProtocolFactory - No Message ID Class For TypeName : DeepCore.GameData.Zone.ZoneEditor.EventTrigger.SetEnvironmentUnitSV
EventDebugProtocolFactory - No Message ID Class For TypeName : DeepCore.GameData.Zone.ZoneEditor.EventTrigger.SetEnvironmentFlagSV
EventDebugProtocolFactory - No Message ID Class For TypeName : DeepCore.GameData.Zone.ZoneEditor.EventTrigger.SetEnvironmentItemSV
EventDebugProtocolFactory - No Message ID Class For TypeName : DeepCore.GameData.Zone.ZoneEditor.EventTrigger.SetEnvironmentPositionSV
EventDebugProtocolFactory - No Message ID Class For TypeName : DeepCore.GameData.Zone.ZoneEditor.EventTrigger.SetEnvironmentGUISV
EventDebugProtocolFactory - No Message ID Class For TypeName : DeepCore.GameData.Zone.ZoneEditor.EventTrigger.GetEnvironmentAsUnit
EventDebugProtocolFactory - No Message ID Class For TypeName : DeepCore.GameData.Zone.ZoneEditor.EventTrigger.GetEnvironmentAsItem
EventDebugProtocolFactory - No Message ID Class For TypeName : DeepCore.GameData.Zone.ZoneEditor.EventTrigger.GetEnvironmentAsFlag
EventDebugProtocolFactory - No Message ID Class For TypeName : DeepCore.GameData.Zone.ZoneEditor.EventTrigger.GetEnvironmentAsPosition
EventDebugProtocolFactory - No Message ID Class For TypeName : DeepCore.GameData.Zone.ZoneEditor.EventTrigger.GetEnvironmentAsGUI
EventDebugProtocolFactory - No Message ID Class For TypeName : DeepCore.GameData.Zone.ZoneEditor.EventTrigger.GetEnvironmentAsUnitSV
EventDebugProtocolFactory - No Message ID Class For TypeName : DeepCore.GameData.Zone.ZoneEditor.EventTrigger.GetEnvironmentAsItemSV
EventDebugProtocolFactory - No Message ID Class For TypeName : DeepCore.GameData.Zone.ZoneEditor.EventTrigger.GetEnvironmentAsFlagSV
EventDebugProtocolFactory - No Message ID Class For TypeName : DeepCore.GameData.Zone.ZoneEditor.EventTrigger.GetEnvironmentAsPositionSV
EventDebugProtocolFactory - No Message ID Class For TypeName : DeepCore.GameData.Zone.ZoneEditor.EventTrigger.GetEnvironmentAsGUISV
EventDebugProtocolFactory - No Message ID Class For TypeName : DeepCore.GameData.Zone.ZoneEditor.EventTrigger.SpawnTriggerAliveCount
EventDebugProtocolFactory - No Message ID Class For TypeName : DeepCore.GameData.Zone.ZoneEditor.EventTrigger.SpawnTriggerTotalSpawnCount
EventDebugProtocolFactory - No Message ID Class For TypeName : DeepCore.GameData.Zone.ZoneEditor.EventTrigger.SpawnTriggerOnceSpawnCount
EventDebugProtocolFactory - No Message ID Class For TypeName : DeepCore.GameData.Zone.ZoneEditor.EventTrigger.SpawnTriggerLimitedSpawnCount
EventDebugProtocolFactory - No Message ID Class For TypeName : DeepCore.GameData.Zone.ZoneEditor.EventTrigger.SpawnTriggerLimitedAliveCount
EventDebugProtocolFactory - No Message ID Class For TypeName : DeepCore.GameData.Zone.ZoneEditor.EventTrigger.SpawnTriggerIsSpawnOver
EventDebugProtocolFactory - No Message ID Class For TypeName : DeepCore.GameData.Zone.ZoneEditor.EventTrigger.FlagOpenedTrigger
EventDebugProtocolFactory - No Message ID Class For TypeName : DeepCore.GameData.Zone.ZoneEditor.EventTrigger.FlagClosedTrigger
EventDebugProtocolFactory - No Message ID Class For TypeName : DeepCore.GameData.Zone.ZoneEditor.EventTrigger.UnitEnterRegion
EventDebugProtocolFactory - No Message ID Class For TypeName : DeepCore.GameData.Zone.ZoneEditor.EventTrigger.UnitLeaveRegion
EventDebugProtocolFactory - No Message ID Class For TypeName : DeepCore.GameData.Zone.ZoneEditor.EventTrigger.SpawnUnitRegionIsDone
EventDebugProtocolFactory - No Message ID Class For TypeName : DeepCore.GameData.Zone.ZoneEditor.EventTrigger.SpawnUnitRegionSpawned
EventDebugProtocolFactory - No Message ID Class For TypeName : DeepCore.GameData.Zone.ZoneEditor.EventTrigger.UnitEnterRegionOnce
EventDebugProtocolFactory - No Message ID Class For TypeName : DeepCore.GameData.Zone.ZoneEditor.EventTrigger.UnitLeaveRegionOnce
EventDebugProtocolFactory - No Message ID Class For TypeName : DeepCore.GameData.Zone.ZoneEditor.EventTrigger.UnitEnterArea
EventDebugProtocolFactory - No Message ID Class For TypeName : DeepCore.GameData.Zone.ZoneEditor.EventTrigger.UnitLeaveArea
EventDebugProtocolFactory - No Message ID Class For TypeName : DeepCore.GameData.Zone.ZoneEditor.EventTrigger.UnitEnterAreaOnce
EventDebugProtocolFactory - No Message ID Class For TypeName : DeepCore.GameData.Zone.ZoneEditor.EventTrigger.UnitLeaveAreaOnce
EventDebugProtocolFactory - No Message ID Class For TypeName : DeepCore.GameData.Zone.ZoneEditor.EventTrigger.AnyFlagOnTrigger
EventDebugProtocolFactory - No Message ID Class For TypeName : DeepCore.GameData.Zone.ZoneEditor.EventTrigger.AnyFlagOffTrigger
EventDebugProtocolFactory - No Message ID Class For TypeName : DeepCore.GameData.Zone.ZoneEditor.EventTrigger.AnySpawnUnitRegionIsDone
EventDebugProtocolFactory - No Message ID Class For TypeName : DeepCore.GameData.Zone.ZoneEditor.EventTrigger.AnySpawnUnitRegionSpawned
EventDebugProtocolFactory - No Message ID Class For TypeName : DeepCore.GameData.Zone.ZoneEditor.EventTrigger.AnyUnitPassPointTrigger
EventDebugProtocolFactory - No Message ID Class For TypeName : DeepCore.GameData.Zone.ZoneEditor.EventTrigger.AnyUnitHoldOnPointTrigger
EventDebugProtocolFactory - No Message ID Class For TypeName : DeepCore.GameData.Zone.ZoneEditor.EventTrigger.AnyUnitEnterRegion
EventDebugProtocolFactory - No Message ID Class For TypeName : DeepCore.GameData.Zone.ZoneEditor.EventTrigger.AnyUnitLeaveRegion
EventDebugProtocolFactory - No Message ID Class For TypeName : DeepCore.GameData.Zone.ZoneEditor.EventTrigger.AnyUnitEnterArea
EventDebugProtocolFactory - No Message ID Class For TypeName : DeepCore.GameData.Zone.ZoneEditor.EventTrigger.AnyUnitLeaveArea
EventDebugProtocolFactory - No Message ID Class For TypeName : DeepCore.GameData.Zone.ZoneEditor.EventTrigger.AddedItem
EventDebugProtocolFactory - No Message ID Class For TypeName : DeepCore.GameData.Zone.ZoneEditor.EventTrigger.TryUnitPickItem
EventDebugProtocolFactory - No Message ID Class For TypeName : DeepCore.GameData.Zone.ZoneEditor.EventTrigger.TryUnitPickAnyItem
EventDebugProtocolFactory - No Message ID Class For TypeName : DeepCore.GameData.Zone.ZoneEditor.EventTrigger.GenericUnitAdded
EventDebugProtocolFactory - No Message ID Class For TypeName : DeepCore.GameData.Zone.ZoneEditor.EventTrigger.GenericUnitRemoved
EventDebugProtocolFactory - No Message ID Class For TypeName : DeepCore.GameData.Zone.ZoneEditor.EventTrigger.GenericUnitFirstActivated
EventDebugProtocolFactory - No Message ID Class For TypeName : DeepCore.GameData.Zone.ZoneEditor.EventTrigger.GenericUnitActivated
EventDebugProtocolFactory - No Message ID Class For TypeName : DeepCore.GameData.Zone.ZoneEditor.EventTrigger.GenericUnitDamaged
EventDebugProtocolFactory - No Message ID Class For TypeName : DeepCore.GameData.Zone.ZoneEditor.EventTrigger.GenericUnitGotBuff
EventDebugProtocolFactory - No Message ID Class For TypeName : DeepCore.GameData.Zone.ZoneEditor.EventTrigger.GenericUnitDead
EventDebugProtocolFactory - No Message ID Class For TypeName : DeepCore.GameData.Zone.ZoneEditor.EventTrigger.GenericUnitRebirth
EventDebugProtocolFactory - No Message ID Class For TypeName : DeepCore.GameData.Zone.ZoneEditor.EventTrigger.GenericUnitGotItem
EventDebugProtocolFactory - No Message ID Class For TypeName : DeepCore.GameData.Zone.ZoneEditor.EventTrigger.GenericUnitLostItem
EventDebugProtocolFactory - No Message ID Class For TypeName : DeepCore.GameData.Zone.ZoneEditor.EventTrigger.GenericUnitGotIZoneItem
EventDebugProtocolFactory - No Message ID Class For TypeName : DeepCore.GameData.Zone.ZoneEditor.EventTrigger.GenericUnitUseItem
EventDebugProtocolFactory - No Message ID Class For TypeName : DeepCore.GameData.Zone.ZoneEditor.EventTrigger.GenericUnitPickUnit
EventDebugProtocolFactory - No Message ID Class For TypeName : DeepCore.GameData.Zone.ZoneEditor.EventTrigger.GenericPlayReady
EventDebugProtocolFactory - No Message ID Class For TypeName : DeepCore.GameData.Zone.ZoneEditor.EventTrigger.GenericUnitLaunchAura
EventDebugProtocolFactory - No Message ID Class For TypeName : DeepCore.GameData.Zone.ZoneEditor.EventTrigger.GenericUnitEnterAura
EventDebugProtocolFactory - No Message ID Class For TypeName : DeepCore.GameData.Zone.ZoneEditor.EventTrigger.GenericUnitLeaveAura
EventDebugProtocolFactory - No Message ID Class For TypeName : DeepCore.GameData.Zone.ZoneEditor.EventTrigger.GenericUnitLevelUp
EventDebugProtocolFactory - No Message ID Class For TypeName : DeepCore.GameData.Zone.ZoneEditor.EventTrigger.GenericUnitTransport
EventDebugProtocolFactory - No Message ID Class For TypeName : DeepCore.GameData.Zone.ZoneEditor.EventTrigger.UnitLeaveAOI
EventDebugProtocolFactory - No Message ID Class For TypeName : DeepCore.GameData.Zone.ZoneEditor.EventTrigger.UnitEnterAOI
EventDebugProtocolFactory - No Message ID Class For TypeName : DeepCore.GameData.Zone.ZoneEditor.EventTrigger.UnitSwapZoneInfoFlag
EventDebugProtocolFactory - No Message ID Class For TypeName : DeepCore.GameData.Zone.ZoneEditor.EventTrigger.SpecifyUnitFirstActivated
EventDebugProtocolFactory - No Message ID Class For TypeName : DeepCore.GameData.Zone.ZoneEditor.EventTrigger.SpecifyUnitActivated
EventDebugProtocolFactory - No Message ID Class For TypeName : DeepCore.GameData.Zone.ZoneEditor.EventTrigger.SpecifyUnitAttack
EventDebugProtocolFactory - No Message ID Class For TypeName : DeepCore.GameData.Zone.ZoneEditor.EventTrigger.SpecifyUnitDamaged
EventDebugProtocolFactory - No Message ID Class For TypeName : DeepCore.GameData.Zone.ZoneEditor.EventTrigger.SpecifyUnitDead
EventDebugProtocolFactory - No Message ID Class For TypeName : DeepCore.GameData.Zone.ZoneEditor.EventTrigger.SpecifyUnitKill
EventDebugProtocolFactory - No Message ID Class For TypeName : DeepCore.GameData.Zone.ZoneEditor.EventTrigger.SpecifyUnitRebirth
EventDebugProtocolFactory - No Message ID Class For TypeName : DeepCore.GameData.Zone.ZoneEditor.EventTrigger.SpecifyUnitGotItem
EventDebugProtocolFactory - No Message ID Class For TypeName : DeepCore.GameData.Zone.ZoneEditor.EventTrigger.SpecifyUnitLostItem
EventDebugProtocolFactory - No Message ID Class For TypeName : DeepCore.GameData.Zone.ZoneEditor.EventTrigger.SpecifyUnitUseItem
EventDebugProtocolFactory - No Message ID Class For TypeName : DeepCore.GameData.Zone.ZoneEditor.EventTrigger.SpecifyUnitGotIZoneItem
EventDebugProtocolFactory - No Message ID Class For TypeName : DeepCore.GameData.Zone.ZoneEditor.EventTrigger.SpecifyUnitGotBuff
EventDebugProtocolFactory - No Message ID Class For TypeName : DeepCore.GameData.Zone.ZoneEditor.EventTrigger.SpecifyUnitLaunchAura
EventDebugProtocolFactory - No Message ID Class For TypeName : DeepCore.GameData.Zone.ZoneEditor.EventTrigger.SpecifyUnitEnterAura
EventDebugProtocolFactory - No Message ID Class For TypeName : DeepCore.GameData.Zone.ZoneEditor.EventTrigger.SpecifyUnitLeaveAura
EventDebugProtocolFactory - No Message ID Class For TypeName : DeepCore.GameData.Zone.ZoneEditor.EventTrigger.SpecifyUnitEnvironmentVarChange
EventDebugProtocolFactory - No Message ID Class For TypeName : DeepCore.GameData.Zone.ZoneEditor.EventTrigger.SpecifyUnitLevelUp
EventDebugProtocolFactory - No Message ID Class For TypeName : DeepCore.GameData.Zone.ZoneEditor.EventTrigger.SpecifyUnitTransport
EventDebugProtocolFactory - No Message ID Class For TypeName : DeepCore.GameData.Zone.ZoneEditor.EventTrigger.SpecifyUnitDoSometing
EventDebugProtocolFactory - No Message ID Class For TypeName : DeepCore.GameData.Zone.ZoneEditor.EventTrigger.BindingUnitFirstActivated
EventDebugProtocolFactory - No Message ID Class For TypeName : DeepCore.GameData.Zone.ZoneEditor.EventTrigger.BindingUnitActivated
EventDebugProtocolFactory - No Message ID Class For TypeName : DeepCore.GameData.Zone.ZoneEditor.EventTrigger.BindingUnitAttack
EventDebugProtocolFactory - No Message ID Class For TypeName : DeepCore.GameData.Zone.ZoneEditor.EventTrigger.BindingUnitDamaged
EventDebugProtocolFactory - No Message ID Class For TypeName : DeepCore.GameData.Zone.ZoneEditor.EventTrigger.BindingUnitDead
EventDebugProtocolFactory - No Message ID Class For TypeName : DeepCore.GameData.Zone.ZoneEditor.EventTrigger.BindingUnitKill
EventDebugProtocolFactory - No Message ID Class For TypeName : DeepCore.GameData.Zone.ZoneEditor.EventTrigger.BindingUnitRebirth
EventDebugProtocolFactory - No Message ID Class For TypeName : DeepCore.GameData.Zone.ZoneEditor.EventTrigger.BindingUnitGotItem
EventDebugProtocolFactory - No Message ID Class For TypeName : DeepCore.GameData.Zone.ZoneEditor.EventTrigger.BindingUnitLostItem
EventDebugProtocolFactory - No Message ID Class For TypeName : DeepCore.GameData.Zone.ZoneEditor.EventTrigger.BindingUnitUseItem
EventDebugProtocolFactory - No Message ID Class For TypeName : DeepCore.GameData.Zone.ZoneEditor.EventTrigger.BindingUnitGotIZoneItem
EventDebugProtocolFactory - No Message ID Class For TypeName : DeepCore.GameData.Zone.ZoneEditor.EventTrigger.BindingUnitGotBuff
EventDebugProtocolFactory - No Message ID Class For TypeName : DeepCore.GameData.Zone.ZoneEditor.EventTrigger.BindingUnitRemoveBuff
EventDebugProtocolFactory - No Message ID Class For TypeName : DeepCore.GameData.Zone.ZoneEditor.EventTrigger.BindingUnitLaunchAura
EventDebugProtocolFactory - No Message ID Class For TypeName : DeepCore.GameData.Zone.ZoneEditor.EventTrigger.BindingUnitEnterAura
EventDebugProtocolFactory - No Message ID Class For TypeName : DeepCore.GameData.Zone.ZoneEditor.EventTrigger.BindingUnitLeaveAura
EventDebugProtocolFactory - No Message ID Class For TypeName : DeepCore.GameData.Zone.ZoneEditor.EventTrigger.BindingUnitLevelUp
EventDebugProtocolFactory - No Message ID Class For TypeName : DeepCore.GameData.Zone.ZoneEditor.EventTrigger.BindingUnitTransport
EventDebugProtocolFactory - No Message ID Class For TypeName : DeepCore.GameData.Zone.ZoneEditor.EventTrigger.BindingUnitTryGetCard
EventDebugProtocolFactory - No Message ID Class For TypeName : DeepCore.GameData.Zone.ZoneEditor.EventTrigger.BindingUnitDoSometing
EventDebugProtocolFactory - No Message ID Class For TypeName : DeepCore.GameData.Zone.ZoneEditor.EventTrigger.GenericUnitLaunchSkill
EventDebugProtocolFactory - No Message ID Class For TypeName : DeepCore.GameData.Zone.ZoneEditor.EventTrigger.GenericUnitOverSkill
EventDebugProtocolFactory - No Message ID Class For TypeName : DeepCore.GameData.Zone.ZoneEditor.EventTrigger.GenericUnitLaunchSpell
EventDebugProtocolFactory - No Message ID Class For TypeName : DeepCore.GameData.Zone.ZoneEditor.EventTrigger.GenericUnitRemoveSpell
EventDebugProtocolFactory - No Message ID Class For TypeName : DeepCore.GameData.Zone.ZoneEditor.EventTrigger.SpecifyUnitLaunchSkill
EventDebugProtocolFactory - No Message ID Class For TypeName : DeepCore.GameData.Zone.ZoneEditor.EventTrigger.SpecifyUnitOverSkill
EventDebugProtocolFactory - No Message ID Class For TypeName : DeepCore.GameData.Zone.ZoneEditor.EventTrigger.SpecifyUnitLaunchSpell
EventDebugProtocolFactory - No Message ID Class For TypeName : DeepCore.GameData.Zone.ZoneEditor.EventTrigger.SpecifyUnitRemoveSpell
EventDebugProtocolFactory - No Message ID Class For TypeName : DeepCore.GameData.Zone.ZoneEditor.EventTrigger.BindingUnitLaunchSkill
EventDebugProtocolFactory - No Message ID Class For TypeName : DeepCore.GameData.Zone.ZoneEditor.EventTrigger.BindingUnitOverSkill
EventDebugProtocolFactory - No Message ID Class For TypeName : DeepCore.GameData.Zone.ZoneEditor.EventTrigger.BindingUnitLaunchSpell
EventDebugProtocolFactory - No Message ID Class For TypeName : DeepCore.GameData.Zone.ZoneEditor.EventTrigger.BindingUnitRemoveSpell
EventDebugProtocolFactory - No Message ID Class For TypeName : DeepCore.GameData.Zone.ZoneEditor.EventTrigger.GenericUnitSpellLaunchSpell
EventDebugProtocolFactory - No Message ID Class For TypeName : DeepCore.GameData.Zone.ZoneEditor.EventTrigger.SpecifyUnitSpellLaunchSpell
EventDebugProtocolFactory - No Message ID Class For TypeName : DeepCore.GameData.Zone.ZoneEditor.EventTrigger.BindingUnitSpellLaunchSpell
EventDebugProtocolFactory - No Message ID Class For TypeName : DeepCore.GameData.Zone.ZoneEditor.EventTrigger.GenericUnitSpellHitted
EventDebugProtocolFactory - No Message ID Class For TypeName : DeepCore.GameData.Zone.ZoneEditor.EventTrigger.SpecifyUnitSpellHitted
EventDebugProtocolFactory - No Message ID Class For TypeName : DeepCore.GameData.Zone.ZoneEditor.EventTrigger.BindingUnitSpellHitted
EventDebugProtocolFactory - No Message ID Class For TypeName : DeepCore.GameData.Zone.ZoneEditor.EventTrigger.GenericUnitSpellFirstHitted
EventDebugProtocolFactory - No Message ID Class For TypeName : DeepCore.GameData.Zone.ZoneEditor.EventTrigger.SpecifyUnitSpellFirstHitted
EventDebugProtocolFactory - No Message ID Class For TypeName : DeepCore.GameData.Zone.ZoneEditor.EventTrigger.BindingUnitSpellFirstHitted
EventDebugProtocolFactory - No Message ID Class For TypeName : DeepCore.GameData.Zone.ZoneEditor.EventTrigger.SceneInitialized
EventDebugProtocolFactory - No Message ID Class For TypeName : DeepCore.GameData.Zone.ZoneEditor.EventTrigger.TimeElapsed
EventDebugProtocolFactory - No Message ID Class For TypeName : DeepCore.GameData.Zone.ZoneEditor.EventTrigger.TimePeriodic
EventDebugProtocolFactory - No Message ID Class For TypeName : DeepCore.GameData.Zone.ZoneEditor.EventTrigger.TimeTask
EventDebugProtocolFactory - No Message ID Class For TypeName : DeepCore.GameData.Zone.ZoneEditor.EventTrigger.ValuedTimeElapsed
EventDebugProtocolFactory - No Message ID Class For TypeName : DeepCore.GameData.Zone.ZoneEditor.EventTrigger.ValuedTimePeriodic
EventDebugProtocolFactory - No Message ID Class For TypeName : DeepCore.GameData.Zone.ZoneEditor.EventTrigger.ValuedTimeTask
EventDebugProtocolFactory - No Message ID Class For TypeName : DeepCore.GameData.Zone.ZoneEditor.EventTrigger.EnvironmentVarChange
EventDebugProtocolFactory - No Message ID Class For TypeName : DeepCore.GameData.Zone.ZoneEditor.EventTrigger.PlayerEnterScene
EventDebugProtocolFactory - No Message ID Class For TypeName : DeepCore.GameData.Zone.ZoneEditor.EventTrigger.SetUnitString
EventDebugProtocolFactory - No Message ID Class For TypeName : DeepCore.GameData.Zone.ZoneEditor.EventTrigger.SetUnitInteger
EventDebugProtocolFactory - No Message ID Class For TypeName : DeepCore.GameData.Zone.ZoneEditor.EventTrigger.SetUnitReal
EventDebugProtocolFactory - No Message ID Class For TypeName : DeepCore.GameData.Zone.ZoneEditor.EventTrigger.SetUnitBool
EventDebugProtocolFactory - No Message ID Class For TypeName : DeepCore.GameData.Zone.ZoneEditor.EventTrigger.SetUnitUnit
EventDebugProtocolFactory - No Message ID Class For TypeName : DeepCore.GameData.Zone.ZoneEditor.EventTrigger.SetUnitFlag
EventDebugProtocolFactory - No Message ID Class For TypeName : DeepCore.GameData.Zone.ZoneEditor.EventTrigger.SetUnitItem
EventDebugProtocolFactory - No Message ID Class For TypeName : DeepCore.GameData.Zone.ZoneEditor.EventTrigger.SetUnitPosition
EventDebugProtocolFactory - No Message ID Class For TypeName : DeepCore.GameData.Zone.ZoneEditor.EventTrigger.SetUnitStringStringValueKey
EventDebugProtocolFactory - No Message ID Class For TypeName : DeepCore.GameData.Zone.ZoneEditor.EventTrigger.SetUnitIntegerStringValueKey
EventDebugProtocolFactory - No Message ID Class For TypeName : DeepCore.GameData.Zone.ZoneEditor.EventTrigger.SetUnitRealStringValueKey
EventDebugProtocolFactory - No Message ID Class For TypeName : DeepCore.GameData.Zone.ZoneEditor.EventTrigger.SetUnitBoolStringValueKey
EventDebugProtocolFactory - No Message ID Class For TypeName : DeepCore.GameData.Zone.ZoneEditor.EventTrigger.SetUnitUnitStringValueKey
EventDebugProtocolFactory - No Message ID Class For TypeName : DeepCore.GameData.Zone.ZoneEditor.EventTrigger.SetUnitFlagStringValueKey
EventDebugProtocolFactory - No Message ID Class For TypeName : DeepCore.GameData.Zone.ZoneEditor.EventTrigger.SetUnitItemStringValueKey
EventDebugProtocolFactory - No Message ID Class For TypeName : DeepCore.GameData.Zone.ZoneEditor.EventTrigger.SetUnitPositionStringValueKey
EventDebugProtocolFactory - No Message ID Class For TypeName : DeepCore.GameData.Zone.ZoneEditor.EventTrigger.PlayerSetString
EventDebugProtocolFactory - No Message ID Class For TypeName : DeepCore.GameData.Zone.ZoneEditor.EventTrigger.PlayerSetInteger
EventDebugProtocolFactory - No Message ID Class For TypeName : DeepCore.GameData.Zone.ZoneEditor.EventTrigger.PlayerSetReal
EventDebugProtocolFactory - No Message ID Class For TypeName : DeepCore.GameData.Zone.ZoneEditor.EventTrigger.PlayerSetBool
EventDebugProtocolFactory - No Message ID Class For TypeName : DeepCore.GameData.Zone.ZoneEditor.EventTrigger.PlayerSetUnit
EventDebugProtocolFactory - No Message ID Class For TypeName : DeepCore.GameData.Zone.ZoneEditor.EventTrigger.PlayerSetFlag
EventDebugProtocolFactory - No Message ID Class For TypeName : DeepCore.GameData.Zone.ZoneEditor.EventTrigger.PlayerSetItem
EventDebugProtocolFactory - No Message ID Class For TypeName : DeepCore.GameData.Zone.ZoneEditor.EventTrigger.PlayerSetPosition
EventDebugProtocolFactory - No Message ID Class For TypeName : DeepCore.GameData.Zone.ZoneEditor.EventTrigger.GetUnitAsString
EventDebugProtocolFactory - No Message ID Class For TypeName : DeepCore.GameData.Zone.ZoneEditor.EventTrigger.GetUnitAsInteger
EventDebugProtocolFactory - No Message ID Class For TypeName : DeepCore.GameData.Zone.ZoneEditor.EventTrigger.GetUnitAsReal
EventDebugProtocolFactory - No Message ID Class For TypeName : DeepCore.GameData.Zone.ZoneEditor.EventTrigger.GetUnitAsBoolean
EventDebugProtocolFactory - No Message ID Class For TypeName : DeepCore.GameData.Zone.ZoneEditor.EventTrigger.GetUnitAsUnit
EventDebugProtocolFactory - No Message ID Class For TypeName : DeepCore.GameData.Zone.ZoneEditor.EventTrigger.GetUnitAsItem
EventDebugProtocolFactory - No Message ID Class For TypeName : DeepCore.GameData.Zone.ZoneEditor.EventTrigger.GetUnitAsFlag
EventDebugProtocolFactory - No Message ID Class For TypeName : DeepCore.GameData.Zone.ZoneEditor.EventTrigger.GetUnitAsPosition
EventDebugProtocolFactory - No Message ID Class For TypeName : DeepCore.GameData.Zone.ZoneEditor.EventTrigger.GetUnitAsStringStringValueKey
EventDebugProtocolFactory - No Message ID Class For TypeName : DeepCore.GameData.Zone.ZoneEditor.EventTrigger.GetUnitAsIntegerStringValueKey
EventDebugProtocolFactory - No Message ID Class For TypeName : DeepCore.GameData.Zone.ZoneEditor.EventTrigger.GetUnitAsRealStringValueKey
EventDebugProtocolFactory - No Message ID Class For TypeName : DeepCore.GameData.Zone.ZoneEditor.EventTrigger.GetUnitAsBooleanStringValueKey
EventDebugProtocolFactory - No Message ID Class For TypeName : DeepCore.GameData.Zone.ZoneEditor.EventTrigger.GetUnitAsUnitStringValueKey
EventDebugProtocolFactory - No Message ID Class For TypeName : DeepCore.GameData.Zone.ZoneEditor.EventTrigger.GetUnitAsItemStringValueKey
EventDebugProtocolFactory - No Message ID Class For TypeName : DeepCore.GameData.Zone.ZoneEditor.EventTrigger.GetUnitAsFlagStringValueKey
EventDebugProtocolFactory - No Message ID Class For TypeName : DeepCore.GameData.Zone.ZoneEditor.EventTrigger.GetUnitAsPositionStringValueKey
EventDebugProtocolFactory - No Message ID Class For TypeName : DeepCore.GameData.Zone.ZoneEditor.EventTrigger.GetPlayerAsStringStringValueKey
EventDebugProtocolFactory - No Message ID Class For TypeName : DeepCore.GameData.Zone.ZoneEditor.EventTrigger.GetPlayerAsIntegerStringValueKey
EventDebugProtocolFactory - No Message ID Class For TypeName : DeepCore.GameData.Zone.ZoneEditor.EventTrigger.GetPlayerAsRealStringValueKey
EventDebugProtocolFactory - No Message ID Class For TypeName : DeepCore.GameData.Zone.ZoneEditor.EventTrigger.GetPlayerAsBooleanStringValueKey
EventDebugProtocolFactory - No Message ID Class For TypeName : DeepCore.GameData.Zone.ZoneEditor.EventTrigger.GetPlayerAsUnitStringValueKey
EventDebugProtocolFactory - No Message ID Class For TypeName : DeepCore.GameData.Zone.ZoneEditor.EventTrigger.GetPlayerAsItemStringValueKey
EventDebugProtocolFactory - No Message ID Class For TypeName : DeepCore.GameData.Zone.ZoneEditor.EventTrigger.GetPlayerAsFlagStringValueKey
EventDebugProtocolFactory - No Message ID Class For TypeName : DeepCore.GameData.Zone.ZoneEditor.EventTrigger.GetPlayerAsPositionStringValueKey
EventDebugProtocolFactory - No Message ID Class For TypeName : DeepCore.GameData.Zone.ZoneEditor.EventTrigger.TriggingAttackDamage
EventDebugProtocolFactory - No Message ID Class For TypeName : DeepCore.GameData.Zone.ZoneEditor.EventTrigger.TriggingAttackFromSkill
EventDebugProtocolFactory - No Message ID Class For TypeName : DeepCore.GameData.Zone.ZoneEditor.EventTrigger.TriggingAttackFromSourceSkill
EventDebugProtocolFactory - No Message ID Class For TypeName : DeepCore.GameData.Zone.ZoneEditor.EventTrigger.TriggingAttackFromSpell
EventDebugProtocolFactory - No Message ID Class For TypeName : DeepCore.GameData.Zone.ZoneEditor.EventTrigger.TriggingAttackFromBuff
EventDebugProtocolFactory - No Message ID Class For TypeName : DeepCore.GameData.Zone.ZoneEditor.EventTrigger.TriggingAttackOutHitted
EventDebugProtocolFactory - No Message ID Class For TypeName : DeepCore.GameData.Zone.ZoneEditor.EventTrigger.TriggingAttackOutIsDamage
EventDebugProtocolFactory - No Message ID Class For TypeName : DeepCore.GameData.Zone.ZoneEditor.EventTrigger.TriggingAttackOutIsCrush
EventDebugProtocolFactory - No Message ID Class For TypeName : DeepCore.GameData.Zone.ZoneEditor.EventTrigger.TriggingAttackOutIsCritical
EventDebugProtocolFactory - No Message ID Class For TypeName : DeepCore.GameData.Zone.ZoneEditor.EventTrigger.TriggingAttackOutHasFly
EventDebugProtocolFactory - No Message ID Class For TypeName : DeepCore.GameData.Zone.ZoneEditor.EventTrigger.TriggingAttackOutHasKnockDown
EventDebugProtocolFactory - No Message ID Class For TypeName : DeepCore.GameData.Zone.ZoneEditor.EventTrigger.TriggingAttackOutKnockDownTimeMS
EventDebugProtocolFactory - No Message ID Class For TypeName : DeepCore.GameData.Zone.ZoneEditor.EventTrigger.TriggingAttackOutCanWhiplashDeadBody
EventDebugProtocolFactory - No Message ID Class For TypeName : DeepCore.GameData.Zone.ZoneEditor.EventTrigger.TriggingAttackOutWeight
EventDebugProtocolFactory - No Message ID Class For TypeName : DeepCore.GameData.Zone.ZoneEditor.EventTrigger.TriggingAttackOutReducedHP
EventDebugProtocolFactory - No Message ID Class For TypeName : DeepCore.GameData.Zone.ZoneEditor.EventTrigger.TriggingAttackOutClientState
EventDebugProtocolFactory - No Message ID Class For TypeName : DeepCore.GameData.Zone.ZoneEditor.EventTrigger.TriggingSpellChainLevel
EventDebugProtocolFactory - No Message ID Class For TypeName : DeepCore.GameData.Zone.ZoneEditor.EventTrigger.TriggingChainLevel
EventDebugProtocolFactory - No Message ID Class For TypeName : DeepCore.GameData.Zone.ZoneEditor.EventTrigger.TriggingChainLastTarget
EventDebugProtocolFactory - No Message ID Class For TypeName : DeepCore.GameData.Zone.ZoneEditor.EventTrigger.TriggingChainHasNextChain
EventDebugProtocolFactory - No Message ID Class For TypeName : DeepCore.GameData.Zone.ZoneEditor.EventTrigger.TriggingBuffOverlay
EventDebugProtocolFactory - No Message ID Class For TypeName : DeepCore.GameData.Zone.ZoneEditor.EventTrigger.ConfigFieldStringValue
EventDebugProtocolFactory - No Message ID Class For TypeName : DeepCore.GameData.Zone.ZoneEditor.EventTrigger.ConfigFieldIntegerValue
EventDebugProtocolFactory - No Message ID Class For TypeName : DeepCore.GameData.Zone.ZoneEditor.EventTrigger.ConfigFieldRealValue
EventDebugProtocolFactory - No Message ID Class For TypeName : DeepCore.GameData.Zone.ZoneEditor.EventTrigger.ConfigFieldIntegerValue64
EventDebugProtocolFactory - No Message ID Class For TypeName : DeepCore.GameData.Zone.ZoneEditor.EventTrigger.ConfigFieldRealValue64
EventDebugProtocolFactory - No Message ID Class For TypeName : DeepCore.GameData.Zone.ZoneEditor.EventTrigger.ConfigFieldBoolValue
EventDebugProtocolFactory - No Message ID Class For TypeName : DeepCore.GameData.Zone.ZoneEditor.EventTrigger.ZoneFieldStringValue
EventDebugProtocolFactory - No Message ID Class For TypeName : DeepCore.GameData.Zone.ZoneEditor.EventTrigger.ZoneFieldIntegerValue
EventDebugProtocolFactory - No Message ID Class For TypeName : DeepCore.GameData.Zone.ZoneEditor.EventTrigger.ZoneFieldLongValue
EventDebugProtocolFactory - No Message ID Class For TypeName : DeepCore.GameData.Zone.ZoneEditor.EventTrigger.ZoneFieldRealValue
EventDebugProtocolFactory - No Message ID Class For TypeName : DeepCore.GameData.Zone.ZoneEditor.EventTrigger.ZoneFieldDoubleValue
EventDebugProtocolFactory - No Message ID Class For TypeName : DeepCore.GameData.Zone.ZoneEditor.EventTrigger.ZoneFieldBoolValue
EventDebugProtocolFactory - No Message ID Class For TypeName : DeepCore.GameData.Zone.ZoneEditor.EventTrigger.UnitFieldStringValue
EventDebugProtocolFactory - No Message ID Class For TypeName : DeepCore.GameData.Zone.ZoneEditor.EventTrigger.UnitFieldIntegerValue
EventDebugProtocolFactory - No Message ID Class For TypeName : DeepCore.GameData.Zone.ZoneEditor.EventTrigger.UnitFieldRealValue
EventDebugProtocolFactory - No Message ID Class For TypeName : DeepCore.GameData.Zone.ZoneEditor.EventTrigger.UnitFieldLongValue
EventDebugProtocolFactory - No Message ID Class For TypeName : DeepCore.GameData.Zone.ZoneEditor.EventTrigger.UnitFieldDoubleValue
EventDebugProtocolFactory - No Message ID Class For TypeName : DeepCore.GameData.Zone.ZoneEditor.EventTrigger.UnitFieldBoolValue
EventDebugProtocolFactory - No Message ID Class For TypeName : DeepCore.GameData.Zone.ZoneEditor.EventTrigger.ItemFieldStringValue
EventDebugProtocolFactory - No Message ID Class For TypeName : DeepCore.GameData.Zone.ZoneEditor.EventTrigger.ItemFieldIntegerValue
EventDebugProtocolFactory - No Message ID Class For TypeName : DeepCore.GameData.Zone.ZoneEditor.EventTrigger.ItemFieldRealValue
EventDebugProtocolFactory - No Message ID Class For TypeName : DeepCore.GameData.Zone.ZoneEditor.EventTrigger.ItemFieldLongValue
EventDebugProtocolFactory - No Message ID Class For TypeName : DeepCore.GameData.Zone.ZoneEditor.EventTrigger.ItemFieldDoubleValue
EventDebugProtocolFactory - No Message ID Class For TypeName : DeepCore.GameData.Zone.ZoneEditor.EventTrigger.ItemFieldBoolValue
EventDebugProtocolFactory - No Message ID Class For TypeName : DeepCore.GameData.Zone.ZoneEditor.EventTrigger.SceneTemplateFieldStringValue
EventDebugProtocolFactory - No Message ID Class For TypeName : DeepCore.GameData.Zone.ZoneEditor.EventTrigger.SceneTemplateFieldIntegerValue
EventDebugProtocolFactory - No Message ID Class For TypeName : DeepCore.GameData.Zone.ZoneEditor.EventTrigger.SceneTemplateFieldRealValue
EventDebugProtocolFactory - No Message ID Class For TypeName : DeepCore.GameData.Zone.ZoneEditor.EventTrigger.SceneTemplateFieldLongValue
EventDebugProtocolFactory - No Message ID Class For TypeName : DeepCore.GameData.Zone.ZoneEditor.EventTrigger.SceneTemplateFieldDoubleValue
EventDebugProtocolFactory - No Message ID Class For TypeName : DeepCore.GameData.Zone.ZoneEditor.EventTrigger.SceneTemplateFieldBoolValue
EventDebugProtocolFactory - No Message ID Class For TypeName : DeepCore.GameData.Zone.ZoneEditor.EventTrigger.UnitTemplateFieldStringValue
EventDebugProtocolFactory - No Message ID Class For TypeName : DeepCore.GameData.Zone.ZoneEditor.EventTrigger.UnitTemplateFieldIntegerValue
EventDebugProtocolFactory - No Message ID Class For TypeName : DeepCore.GameData.Zone.ZoneEditor.EventTrigger.UnitTemplateFieldRealValue
EventDebugProtocolFactory - No Message ID Class For TypeName : DeepCore.GameData.Zone.ZoneEditor.EventTrigger.UnitTemplateFieldIntegerValue64
EventDebugProtocolFactory - No Message ID Class For TypeName : DeepCore.GameData.Zone.ZoneEditor.EventTrigger.UnitTemplateFieldRealValue64
EventDebugProtocolFactory - No Message ID Class For TypeName : DeepCore.GameData.Zone.ZoneEditor.EventTrigger.UnitTemplateFieldBoolValue
EventDebugProtocolFactory - No Message ID Class For TypeName : DeepCore.GameData.Zone.ZoneEditor.EventTrigger.ItemTemplateFieldStringValue
EventDebugProtocolFactory - No Message ID Class For TypeName : DeepCore.GameData.Zone.ZoneEditor.EventTrigger.ItemTemplateFieldIntegerValue
EventDebugProtocolFactory - No Message ID Class For TypeName : DeepCore.GameData.Zone.ZoneEditor.EventTrigger.ItemTemplateFieldRealValue
EventDebugProtocolFactory - No Message ID Class For TypeName : DeepCore.GameData.Zone.ZoneEditor.EventTrigger.ItemTemplateFieldIntegerValue64
EventDebugProtocolFactory - No Message ID Class For TypeName : DeepCore.GameData.Zone.ZoneEditor.EventTrigger.ItemTemplateFieldRealValue64
EventDebugProtocolFactory - No Message ID Class For TypeName : DeepCore.GameData.Zone.ZoneEditor.EventTrigger.ItemTemplateFieldBoolValue
EventDebugProtocolFactory - No Message ID Class For TypeName : DeepCore.GameData.Zone.ZoneEditor.EventTrigger.SkillTemplateFieldStringValue
EventDebugProtocolFactory - No Message ID Class For TypeName : DeepCore.GameData.Zone.ZoneEditor.EventTrigger.SkillTemplateFieldIntegerValue
EventDebugProtocolFactory - No Message ID Class For TypeName : DeepCore.GameData.Zone.ZoneEditor.EventTrigger.SkillTemplateFieldRealValue
EventDebugProtocolFactory - No Message ID Class For TypeName : DeepCore.GameData.Zone.ZoneEditor.EventTrigger.SkillTemplateFieldIntegerValue64
EventDebugProtocolFactory - No Message ID Class For TypeName : DeepCore.GameData.Zone.ZoneEditor.EventTrigger.SkillTemplateFieldRealValue64
EventDebugProtocolFactory - No Message ID Class For TypeName : DeepCore.GameData.Zone.ZoneEditor.EventTrigger.SkillTemplateFieldBoolValue
EventDebugProtocolFactory - No Message ID Class For TypeName : DeepCore.GameData.Zone.ZoneEditor.EventTrigger.SpellTemplateFieldStringValue
EventDebugProtocolFactory - No Message ID Class For TypeName : DeepCore.GameData.Zone.ZoneEditor.EventTrigger.SpellTemplateFieldIntegerValue
EventDebugProtocolFactory - No Message ID Class For TypeName : DeepCore.GameData.Zone.ZoneEditor.EventTrigger.SpellTemplateFieldRealValue
EventDebugProtocolFactory - No Message ID Class For TypeName : DeepCore.GameData.Zone.ZoneEditor.EventTrigger.SpellTemplateFieldIntegerValue64
EventDebugProtocolFactory - No Message ID Class For TypeName : DeepCore.GameData.Zone.ZoneEditor.EventTrigger.SpellTemplateFieldRealValue64
EventDebugProtocolFactory - No Message ID Class For TypeName : DeepCore.GameData.Zone.ZoneEditor.EventTrigger.SpellTemplateFieldBoolValue
EventDebugProtocolFactory - No Message ID Class For TypeName : DeepCore.GameData.Zone.ZoneEditor.EventTrigger.BuffTemplateFieldStringValue
EventDebugProtocolFactory - No Message ID Class For TypeName : DeepCore.GameData.Zone.ZoneEditor.EventTrigger.BuffTemplateFieldIntegerValue
EventDebugProtocolFactory - No Message ID Class For TypeName : DeepCore.GameData.Zone.ZoneEditor.EventTrigger.BuffTemplateFieldRealValue
EventDebugProtocolFactory - No Message ID Class For TypeName : DeepCore.GameData.Zone.ZoneEditor.EventTrigger.BuffTemplateFieldIntegerValue64
EventDebugProtocolFactory - No Message ID Class For TypeName : DeepCore.GameData.Zone.ZoneEditor.EventTrigger.BuffTemplateFieldRealValue64
EventDebugProtocolFactory - No Message ID Class For TypeName : DeepCore.GameData.Zone.ZoneEditor.EventTrigger.BuffTemplateFieldBoolValue
EventDebugProtocolFactory - No Message ID Class For TypeName : DeepCore.GameData.Zone.ZoneEditor.EventTrigger.AuraTemplateFieldStringValue
EventDebugProtocolFactory - No Message ID Class For TypeName : DeepCore.GameData.Zone.ZoneEditor.EventTrigger.AuraTemplateFieldIntegerValue
EventDebugProtocolFactory - No Message ID Class For TypeName : DeepCore.GameData.Zone.ZoneEditor.EventTrigger.AuraTemplateFieldRealValue
EventDebugProtocolFactory - No Message ID Class For TypeName : DeepCore.GameData.Zone.ZoneEditor.EventTrigger.AuraTemplateFieldIntegerValue64
EventDebugProtocolFactory - No Message ID Class For TypeName : DeepCore.GameData.Zone.ZoneEditor.EventTrigger.AuraTemplateFieldRealValue64
EventDebugProtocolFactory - No Message ID Class For TypeName : DeepCore.GameData.Zone.ZoneEditor.EventTrigger.AuraTemplateFieldBoolValue
EventDebugProtocolFactory - No Message ID Class For TypeName : DeepCore.GameData.Zone.ZoneEditor.EventTrigger.ExtConfigFieldStringValue
EventDebugProtocolFactory - No Message ID Class For TypeName : DeepCore.GameData.Zone.ZoneEditor.EventTrigger.ExtConfigFieldIntegerValue
EventDebugProtocolFactory - No Message ID Class For TypeName : DeepCore.GameData.Zone.ZoneEditor.EventTrigger.ExtConfigFieldRealValue
EventDebugProtocolFactory - No Message ID Class For TypeName : DeepCore.GameData.Zone.ZoneEditor.EventTrigger.ExtConfigFieldIntegerValue64
EventDebugProtocolFactory - No Message ID Class For TypeName : DeepCore.GameData.Zone.ZoneEditor.EventTrigger.ExtConfigFieldRealValue64
EventDebugProtocolFactory - No Message ID Class For TypeName : DeepCore.GameData.Zone.ZoneEditor.EventTrigger.ExtConfigFieldBoolValue
EventDebugProtocolFactory - No Message ID Class For TypeName : DeepCore.GameData.Zone.ZoneEditor.EventTrigger.ZonePropertiesFieldStringValue
EventDebugProtocolFactory - No Message ID Class For TypeName : DeepCore.GameData.Zone.ZoneEditor.EventTrigger.ZonePropertiesFieldIntegerValue
EventDebugProtocolFactory - No Message ID Class For TypeName : DeepCore.GameData.Zone.ZoneEditor.EventTrigger.ZonePropertiesFieldRealValue
EventDebugProtocolFactory - No Message ID Class For TypeName : DeepCore.GameData.Zone.ZoneEditor.EventTrigger.ZonePropertiesFieldIntegerValue64
EventDebugProtocolFactory - No Message ID Class For TypeName : DeepCore.GameData.Zone.ZoneEditor.EventTrigger.ZonePropertiesFieldRealValue64
EventDebugProtocolFactory - No Message ID Class For TypeName : DeepCore.GameData.Zone.ZoneEditor.EventTrigger.ZonePropertiesFieldBoolValue
EventDebugProtocolFactory - No Message ID Class For TypeName : DeepCore.GameData.Zone.ZoneEditor.EventTrigger.UnitPropertiesFieldStringValue
EventDebugProtocolFactory - No Message ID Class For TypeName : DeepCore.GameData.Zone.ZoneEditor.EventTrigger.UnitPropertiesFieldIntegerValue
EventDebugProtocolFactory - No Message ID Class For TypeName : DeepCore.GameData.Zone.ZoneEditor.EventTrigger.UnitPropertiesFieldRealValue
EventDebugProtocolFactory - No Message ID Class For TypeName : DeepCore.GameData.Zone.ZoneEditor.EventTrigger.UnitPropertiesFieldIntegerValue64
EventDebugProtocolFactory - No Message ID Class For TypeName : DeepCore.GameData.Zone.ZoneEditor.EventTrigger.UnitPropertiesFieldRealValue64
EventDebugProtocolFactory - No Message ID Class For TypeName : DeepCore.GameData.Zone.ZoneEditor.EventTrigger.UnitPropertiesFieldBoolValue
EventDebugProtocolFactory - No Message ID Class For TypeName : DeepCore.GameData.Zone.ZoneEditor.EventTrigger.ItemPropertiesFieldStringValue
EventDebugProtocolFactory - No Message ID Class For TypeName : DeepCore.GameData.Zone.ZoneEditor.EventTrigger.ItemPropertiesFieldIntegerValue
EventDebugProtocolFactory - No Message ID Class For TypeName : DeepCore.GameData.Zone.ZoneEditor.EventTrigger.ItemPropertiesFieldRealValue
EventDebugProtocolFactory - No Message ID Class For TypeName : DeepCore.GameData.Zone.ZoneEditor.EventTrigger.ItemPropertiesFieldIntegerValue64
EventDebugProtocolFactory - No Message ID Class For TypeName : DeepCore.GameData.Zone.ZoneEditor.EventTrigger.ItemPropertiesFieldRealValue64
EventDebugProtocolFactory - No Message ID Class For TypeName : DeepCore.GameData.Zone.ZoneEditor.EventTrigger.ItemPropertiesFieldBoolValue
EventDebugProtocolFactory - No Message ID Class For TypeName : DeepCore.GameData.Zone.ZoneEditor.EventTrigger.SkillPropertiesFieldStringValue
EventDebugProtocolFactory - No Message ID Class For TypeName : DeepCore.GameData.Zone.ZoneEditor.EventTrigger.SkillPropertiesFieldIntegerValue
EventDebugProtocolFactory - No Message ID Class For TypeName : DeepCore.GameData.Zone.ZoneEditor.EventTrigger.SkillPropertiesFieldRealValue
EventDebugProtocolFactory - No Message ID Class For TypeName : DeepCore.GameData.Zone.ZoneEditor.EventTrigger.SkillPropertiesFieldIntegerValue64
EventDebugProtocolFactory - No Message ID Class For TypeName : DeepCore.GameData.Zone.ZoneEditor.EventTrigger.SkillPropertiesFieldRealValue64
EventDebugProtocolFactory - No Message ID Class For TypeName : DeepCore.GameData.Zone.ZoneEditor.EventTrigger.SkillPropertiesFieldBoolValue
EventDebugProtocolFactory - No Message ID Class For TypeName : DeepCore.GameData.Zone.ZoneEditor.EventTrigger.SpellPropertiesFieldStringValue
EventDebugProtocolFactory - No Message ID Class For TypeName : DeepCore.GameData.Zone.ZoneEditor.EventTrigger.SpellPropertiesFieldIntegerValue
EventDebugProtocolFactory - No Message ID Class For TypeName : DeepCore.GameData.Zone.ZoneEditor.EventTrigger.SpellPropertiesFieldRealValue
EventDebugProtocolFactory - No Message ID Class For TypeName : DeepCore.GameData.Zone.ZoneEditor.EventTrigger.SpellPropertiesFieldIntegerValue64
EventDebugProtocolFactory - No Message ID Class For TypeName : DeepCore.GameData.Zone.ZoneEditor.EventTrigger.SpellPropertiesFieldRealValue64
EventDebugProtocolFactory - No Message ID Class For TypeName : DeepCore.GameData.Zone.ZoneEditor.EventTrigger.SpellPropertiesFieldBoolValue
EventDebugProtocolFactory - No Message ID Class For TypeName : DeepCore.GameData.Zone.ZoneEditor.EventTrigger.BuffPropertiesFieldStringValue
EventDebugProtocolFactory - No Message ID Class For TypeName : DeepCore.GameData.Zone.ZoneEditor.EventTrigger.BuffPropertiesFieldIntegerValue
EventDebugProtocolFactory - No Message ID Class For TypeName : DeepCore.GameData.Zone.ZoneEditor.EventTrigger.BuffPropertiesFieldRealValue
EventDebugProtocolFactory - No Message ID Class For TypeName : DeepCore.GameData.Zone.ZoneEditor.EventTrigger.BuffPropertiesFieldIntegerValue64
EventDebugProtocolFactory - No Message ID Class For TypeName : DeepCore.GameData.Zone.ZoneEditor.EventTrigger.BuffPropertiesFieldRealValue64
EventDebugProtocolFactory - No Message ID Class For TypeName : DeepCore.GameData.Zone.ZoneEditor.EventTrigger.BuffPropertiesFieldBoolValue
EventDebugProtocolFactory - No Message ID Class For TypeName : DeepCore.GameData.Zone.ZoneEditor.EventTrigger.AuraPropertiesFieldStringValue
EventDebugProtocolFactory - No Message ID Class For TypeName : DeepCore.GameData.Zone.ZoneEditor.EventTrigger.AuraPropertiesFieldIntegerValue
EventDebugProtocolFactory - No Message ID Class For TypeName : DeepCore.GameData.Zone.ZoneEditor.EventTrigger.AuraPropertiesFieldRealValue
EventDebugProtocolFactory - No Message ID Class For TypeName : DeepCore.GameData.Zone.ZoneEditor.EventTrigger.AuraPropertiesFieldIntegerValue64
EventDebugProtocolFactory - No Message ID Class For TypeName : DeepCore.GameData.Zone.ZoneEditor.EventTrigger.AuraPropertiesFieldRealValue64
EventDebugProtocolFactory - No Message ID Class For TypeName : DeepCore.GameData.Zone.ZoneEditor.EventTrigger.AuraPropertiesFieldBoolValue
EventDebugProtocolFactory - No Message ID Class For TypeName : DeepCore.GameData.Zone.ZoneEditor.EventTrigger.BuffTemplateComparison
EventDebugProtocolFactory - No Message ID Class For TypeName : DeepCore.GameData.Zone.ZoneEditor.EventTrigger.BuffTemplateID
EventDebugProtocolFactory - No Message ID Class For TypeName : DeepCore.GameData.Zone.ZoneEditor.EventTrigger.ValueBuffTemplateID
EventDebugProtocolFactory - No Message ID Class For TypeName : DeepCore.GameData.Zone.ZoneEditor.EventTrigger.ItemTemplateComparison
EventDebugProtocolFactory - No Message ID Class For TypeName : DeepCore.GameData.Zone.ZoneEditor.EventTrigger.ItemTemplateID
EventDebugProtocolFactory - No Message ID Class For TypeName : DeepCore.GameData.Zone.ZoneEditor.EventTrigger.ValueItemTemplateID
EventDebugProtocolFactory - No Message ID Class For TypeName : DeepCore.GameData.Zone.ZoneEditor.EventTrigger.IZoneItemTemplateID
EventDebugProtocolFactory - No Message ID Class For TypeName : DeepCore.GameData.Zone.ZoneEditor.EventTrigger.SkillTemplateComparison
EventDebugProtocolFactory - No Message ID Class For TypeName : DeepCore.GameData.Zone.ZoneEditor.EventTrigger.TriggingSkillTemplateComparison
EventDebugProtocolFactory - No Message ID Class For TypeName : DeepCore.GameData.Zone.ZoneEditor.EventTrigger.SkillTemplateID
EventDebugProtocolFactory - No Message ID Class For TypeName : DeepCore.GameData.Zone.ZoneEditor.EventTrigger.ValueSkillTemplateID
EventDebugProtocolFactory - No Message ID Class For TypeName : DeepCore.GameData.Zone.ZoneEditor.EventTrigger.SpellTemplateComparison
EventDebugProtocolFactory - No Message ID Class For TypeName : DeepCore.GameData.Zone.ZoneEditor.EventTrigger.TriggingSpellTemplateComparison
EventDebugProtocolFactory - No Message ID Class For TypeName : DeepCore.GameData.Zone.ZoneEditor.EventTrigger.SpellTemplateID
EventDebugProtocolFactory - No Message ID Class For TypeName : DeepCore.GameData.Zone.ZoneEditor.EventTrigger.ValueSpellTemplateID
EventDebugProtocolFactory - No Message ID Class For TypeName : DeepCore.GameData.Zone.ZoneEditor.EventTrigger.UnitTemplateID
EventDebugProtocolFactory - No Message ID Class For TypeName : DeepCore.GameData.Zone.ZoneEditor.EventTrigger.ValueUnitTemplateID
EventDebugProtocolFactory - No Message ID Class For TypeName : DeepCore.GameData.Zone.ZoneEditor.EventTrigger.AuraTemplateID
EventDebugProtocolFactory - No Message ID Class For TypeName : DeepCore.GameData.Zone.ZoneEditor.EventTrigger.ValueAuraTemplateID
EventDebugProtocolFactory - No Message ID Class For TypeName : DeepCore.GameData.Zone.ZoneEditor.EventTrigger.CardTemplateID
EventDebugProtocolFactory - No Message ID Class For TypeName : DeepCore.GameData.Zone.ZoneEditor.EventTrigger.ValueCardTemplateID
EventDebugProtocolFactory - No Message ID Class For TypeName : DeepCore.GameData.Zone.ZoneEditor.EventTrigger.NpcSetGuardPosition
EventDebugProtocolFactory - No Message ID Class For TypeName : DeepCore.GameData.Zone.ZoneEditor.EventTrigger.NpcClearGuardPosition
EventDebugProtocolFactory - No Message ID Class For TypeName : DeepCore.Game3D.Host.Instance.Components.NpcAIComponent+NpcAIComponentAction
EventDebugProtocolFactory - No Message ID Class For TypeName : DeepCore.Game3D.Host.Instance.Components.NpcAIComponent+NpcAIIsON
EventDebugProtocolFactory - No Message ID Class For TypeName : DeepCore.Game3D.Host.Instance.Components.UnitAutoAttackComponent+UnitAutoLaunchSkillAction
EventDebugProtocolFactory - No Message ID Class For TypeName : DeepCore.Game3D.Host.Instance.Components.UnitAutoShootComponent+UnitAutoShootlAction
EventDebugProtocolFactory - No Message ID Class For TypeName : DeepCore.Game3D.Host.Instance.Components.UnitElasticOtherComponent+UnitElasticOther
EventDebugProtocolFactory - No Message ID Class For TypeName : DeepCore.Game3D.Host.Instance.Components.UnitElasticOtherComponent+UnitElasticOtherStart
EventDebugProtocolFactory - No Message ID Class For TypeName : DeepCore.Game3D.Host.Instance.Components.UnitElasticOtherComponent+UnitElasticOtherStop
EventDebugProtocolFactory - No Message ID Class For TypeName : DeepCore.Game3D.Host.Instance.Components.UnitGuardViewComponent+OnObjectEnterViewTrigger
EventDebugProtocolFactory - No Message ID Class For TypeName : DeepCore.Game3D.Host.Instance.Components.UnitGuardViewComponent+OnObjectLeaveViewTrigger
EventDebugProtocolFactory - No Message ID Class For TypeName : DeepCore.Game3D.Host.Instance.Components.UnitGuardViewComponent+UnitGuardViewAction
EventDebugProtocolFactory - No Message ID Class For TypeName : DeepCore.Game3D.Host.Instance.Components.UnitGuardViewComponent+GetOrigionValue
EventDebugProtocolFactory - No Message ID Class For TypeName : DeepCore.Game3D.Host.Instance.Components.UnitGuardViewComponent+SetOrigionAction
EventDebugProtocolFactory - No Message ID Class For TypeName : DeepCore.Game3D.Host.Instance.Components.UnitGuardViewComponent+ClearOrigionAction
EventDebugProtocolFactory - No Message ID Class For TypeName : DeepCore.Game3D.Host.Instance.Components.UnitGuardViewComponent+ClearViewdAction
EventDebugProtocolFactory - No Message ID Class For TypeName : DeepCore.Game3D.Host.Instance.Components.UnitHateComponent+UnitAddHateSystem
EventDebugProtocolFactory - No Message ID Class For TypeName : DeepCore.Game3D.Host.Instance.Components.UnitHateComponent+HateAddedTrigger
EventDebugProtocolFactory - No Message ID Class For TypeName : DeepCore.Game3D.Host.Instance.Components.UnitHateComponent+HateRemovedTrigger
EventDebugProtocolFactory - No Message ID Class For TypeName : DeepCore.Game3D.Host.Instance.Components.UnitHateComponent+GetHateUnit
EventDebugProtocolFactory - No Message ID Class For TypeName : DeepCore.Game3D.Host.Instance.Components.UnitHateComponent+GetHateTargetCount
EventDebugProtocolFactory - No Message ID Class For TypeName : DeepCore.Game3D.Host.Instance.Components.UnitManualAttackComponent+UnitManualLaunchSkillAction
EventDebugProtocolFactory - No Message ID Class For TypeName : DeepCore.Game3D.Host.Instance.Components.UnitManualAttackComponent+SetUnitManualTarget
EventDebugProtocolFactory - No Message ID Class For TypeName : DeepCore.Game3D.Host.Instance.Components.UnitMoveTrackComponent+ForceUnitMoveTrack
EventDebugProtocolFactory - No Message ID Class For TypeName : DeepCore.Game3D.Host.Instance.Components.UnitMoveTrackComponent+ForceUnitMoveTrackPause
EventDebugProtocolFactory - No Message ID Class For TypeName : DeepCore.Game3D.Host.Instance.Components.UnitMoveTrackComponent+ForceUnitMoveTrackResume
EventDebugProtocolFactory - No Message ID Class For TypeName : DeepCore.Game3D.Host.Instance.Components.UnitMoveTrackComponent+ForceUnitMoveTrackStop
EventDebugProtocolFactory - No Message ID Class For TypeName : DeepCore.Game3D.Host.Instance.Components.UnitMoveBezierTrackComponent+ForceUnitMoveTrack
EventDebugProtocolFactory - No Message ID Class For TypeName : DeepCore.Game3D.Host.Instance.Components.UnitMoveBezierTrackComponent+ForceUnitMoveTrackPause
EventDebugProtocolFactory - No Message ID Class For TypeName : DeepCore.Game3D.Host.Instance.Components.UnitMoveBezierTrackComponent+ForceUnitMoveTrackResume
EventDebugProtocolFactory - No Message ID Class For TypeName : DeepCore.Game3D.Host.Instance.Components.UnitMoveBezierTrackComponent+ForceUnitMoveTrackStop
EventDebugProtocolFactory - No Message ID Class For TypeName : DeepCore.Game3D.Host.Instance.Components.UnitTouchBodyComponent+OnObjectEnterViewTrigger
EventDebugProtocolFactory - No Message ID Class For TypeName : DeepCore.Game3D.Host.Instance.Components.UnitTouchBodyComponent+OnObjectLeaveViewTrigger
EventDebugProtocolFactory - No Message ID Class For TypeName : DeepCore.Game3D.Host.Instance.Components.UnitTouchBodyComponent+UnitTouchBodyAction
EventDebugProtocolFactory - No Message ID Class For TypeName : DeepCore.Game3D.Host.EventTrigger.ZoneEventTrigger.PlayerGuardAction+PlayerSetGuardAction
EventDebugProtocolFactory - No Message ID Class For TypeName : DeepCore.Game3D.Host.EventTrigger.ZoneEventTrigger.PlayerGuardAction+PlayerResetAIAction
EventDebugProtocolFactory - No Message ID Class For TypeName : DeepCore.Game3D.Host.EventTrigger.ZoneEventTrigger.PlayerGuardAction+PlayerFollowTargetAction
EventDebugProtocolFactory - No Message ID Class For TypeName : DeepCore.Game3D.Host.EventTrigger.ZoneEventTrigger.PlayerGuardAction+PlayerFocusUnitTargetAction
EventDebugProtocolFactory - No Message ID Class For TypeName : DeepCore.Game3D.Host.EventTrigger.ZoneEventTrigger.PlayerGuardAction+PlayerFocusPickItemAction
EventDebugProtocolFactory - No Message ID Class For TypeName : DeepCore.Game3D.Host.EventTrigger.ZoneEventTrigger.PlayerGuardAction+PlayerAttackToAction
EventDebugProtocolFactory - No Message ID Class For TypeName : DeepCore.GameData.Zone.ZoneEditor.EventTrigger.ZoneLLMAgentValue+ZoneDialog
EventDebugProtocolFactory - No Message ID Class For TypeName : DeepCore.GameData.Zone.ZoneEditor.EventTrigger.ZoneLLMAgentValue+UnitDialog
EventDebugProtocolFactory - No Message ID Class For TypeName : DeepCore.GameData.Zone.ZoneEditor.EventTrigger.ZoneLLMAgentValue+BindingUnitDialog
EventDebugProtocolFactory - No Message ID Class For TypeName : DeepCore.GameData.Zone.ZoneEditor.EventTrigger.GUIValue+NA
EventDebugProtocolFactory - No Message ID Class For TypeName : DeepCore.GameData.Zone.ZoneEditor.EventTrigger.GUIValue+BindingForm
EventDebugProtocolFactory - No Message ID Class For TypeName : DeepCore.GameData.Zone.ZoneEditor.EventTrigger.GUIValue+BindingEditChild
EventDebugProtocolFactory - No Message ID Class For TypeName : DeepCore.GameData.Zone.ZoneEditor.EventTrigger.GUIValue+LastShownForm
EventDebugProtocolFactory - No Message ID Class For TypeName : DeepCore.GameData.Zone.ZoneEditor.EventTrigger.GUIValue+TriggingForm
EventDebugProtocolFactory - No Message ID Class For TypeName : DeepCore.GameData.Zone.ZoneEditor.EventTrigger.GUIValue+TriggingComponent
EventDebugProtocolFactory - No Message ID Class For TypeName : DeepCore.GameData.Zone.ZoneEditor.EventTrigger.GUIValue+ChildComponent
EventDebugProtocolFactory - No Message ID Class For TypeName : DeepCore.GameData.Zone.ZoneEditor.EventTrigger.GUIExt+GUIResComponentName
EventDebugProtocolFactory - No Message ID Class For TypeName : DeepCore.GameData.Zone.ZoneEditor.EventTrigger.GUIExt+GUIResFormName
EventDebugProtocolFactory - No Message ID Class For TypeName : DeepCore.GameData.Zone.ZoneEditor.EventTrigger.GUIExt+GUISubNameURL
EventDebugProtocolFactory - No Message ID Class For TypeName : DeepCore.GameData.Zone.ZoneEditor.EventTrigger.GUIFields+GUIComponentName
EventDebugProtocolFactory - No Message ID Class For TypeName : DeepCore.GameData.Zone.ZoneEditor.EventTrigger.GUIFields+GUIComponentText
EventDebugProtocolFactory - No Message ID Class For TypeName : DeepCore.GameData.Zone.ZoneEditor.EventTrigger.GUIFields+GUIComponentTextAsInt
EventDebugProtocolFactory - No Message ID Class For TypeName : DeepCore.GameData.Zone.ZoneEditor.EventTrigger.GUIFields+GUIComponentTextAsFloat
EventDebugProtocolFactory - No Message ID Class For TypeName : DeepCore.GameData.Zone.ZoneEditor.EventTrigger.GUIFields+GUIComponentTextAsBool
EventDebugProtocolFactory - No Message ID Class For TypeName : DeepCore.GameData.Zone.ZoneEditor.EventTrigger.GUIFields+GUIComponentBool
EventDebugProtocolFactory - No Message ID Class For TypeName : DeepCore.GameData.Zone.ZoneEditor.EventTrigger.GUIFields+GUIComponentInt
EventDebugProtocolFactory - No Message ID Class For TypeName : DeepCore.GameData.Zone.ZoneEditor.EventTrigger.GUIFields+GUIComponentReal
EventDebugProtocolFactory - No Message ID Class For TypeName : DeepCore.GameData.Zone.ZoneEditor.EventTrigger.GUIFields+GUIFieldStringValue
EventDebugProtocolFactory - No Message ID Class For TypeName : DeepCore.GameData.Zone.ZoneEditor.EventTrigger.GUIFields+GUIFieldIntegerValue
EventDebugProtocolFactory - No Message ID Class For TypeName : DeepCore.GameData.Zone.ZoneEditor.EventTrigger.GUIFields+GUIFieldRealValue
EventDebugProtocolFactory - No Message ID Class For TypeName : DeepCore.GameData.Zone.ZoneEditor.EventTrigger.GUIFields+GUIFieldBoolValue
EventDebugProtocolFactory - No Message ID Class For TypeName : DeepCore.GameData.Zone.ZoneEditor.EventTrigger.GUIFields+GUIMetaFieldStringValue
EventDebugProtocolFactory - No Message ID Class For TypeName : DeepCore.GameData.Zone.ZoneEditor.EventTrigger.GUIFields+GUIMetaFieldIntegerValue
EventDebugProtocolFactory - No Message ID Class For TypeName : DeepCore.GameData.Zone.ZoneEditor.EventTrigger.GUIFields+GUIMetaFieldRealValue
EventDebugProtocolFactory - No Message ID Class For TypeName : DeepCore.GameData.Zone.ZoneEditor.EventTrigger.GUIFields+GUIMetaFieldBoolValue
EventDebugProtocolFactory - No Message ID Class For TypeName : DeepCore.GameData.Zone.ZoneEditor.EventTrigger.ZoneBooleanValue+UnitComparison
EventDebugProtocolFactory - No Message ID Class For TypeName : DeepCore.GameData.Zone.ZoneEditor.EventTrigger.ZoneBooleanValue+ItemComparison
EventDebugProtocolFactory - No Message ID Class For TypeName : DeepCore.GameData.Zone.ZoneEditor.EventTrigger.ZoneBooleanValue+FlagComparison
EventDebugProtocolFactory - No Message ID Class For TypeName : DeepCore.GameData.Zone.ZoneEditor.EventTrigger.ZoneBooleanValue+FlagEnabled
EventDebugProtocolFactory - No Message ID Class For TypeName : DeepCore.GameData.Zone.ZoneEditor.EventTrigger.ZoneBooleanValue+FlagIsSpawnOver
EventDebugProtocolFactory - No Message ID Class For TypeName : DeepCore.GameData.Zone.ZoneEditor.EventTrigger.ZoneBooleanValue+FlagIsSpawnNoneAlive
EventDebugProtocolFactory - No Message ID Class For TypeName : DeepCore.GameData.Zone.ZoneEditor.EventTrigger.ZoneBooleanValue+ZoneBooleanAttribute
EventDebugProtocolFactory - No Message ID Class For TypeName : DeepCore.GameData.Zone.ZoneEditor.EventTrigger.ZoneBooleanValue+IsGameOver
EventDebugProtocolFactory - No Message ID Class For TypeName : DeepCore.GameData.Zone.ZoneEditor.EventTrigger.ZoneBooleanValue+UnitBooleanAttribute
EventDebugProtocolFactory - No Message ID Class For TypeName : DeepCore.GameData.Zone.ZoneEditor.EventTrigger.ZoneBooleanValue+UnitIsAlived
EventDebugProtocolFactory - No Message ID Class For TypeName : DeepCore.GameData.Zone.ZoneEditor.EventTrigger.ZoneBooleanValue+UnitInState
EventDebugProtocolFactory - No Message ID Class For TypeName : DeepCore.GameData.Zone.ZoneEditor.EventTrigger.ZoneBooleanValue+UnitIsDead
EventDebugProtocolFactory - No Message ID Class For TypeName : DeepCore.GameData.Zone.ZoneEditor.EventTrigger.ZoneBooleanValue+UnitExist
EventDebugProtocolFactory - No Message ID Class For TypeName : DeepCore.GameData.Zone.ZoneEditor.EventTrigger.ZoneBooleanValue+UnitExistsBuff
EventDebugProtocolFactory - No Message ID Class For TypeName : DeepCore.GameData.Zone.ZoneEditor.EventTrigger.ZoneBooleanValue+UnitExistsAura
EventDebugProtocolFactory - No Message ID Class For TypeName : DeepCore.GameData.Zone.ZoneEditor.EventTrigger.ZoneBooleanValue+UnitHasInventoryItem
EventDebugProtocolFactory - No Message ID Class For TypeName : DeepCore.GameData.Zone.ZoneEditor.EventTrigger.ZoneBooleanValue+PlayerIsGuard
EventDebugProtocolFactory - No Message ID Class For TypeName : DeepCore.GameData.Zone.ZoneEditor.EventTrigger.ZoneBooleanValue+PlayerIsReady
EventDebugProtocolFactory - No Message ID Class For TypeName : DeepCore.GameData.Zone.ZoneEditor.EventTrigger.ZoneBooleanValue+UnitIsPlayer
EventDebugProtocolFactory - No Message ID Class For TypeName : DeepCore.GameData.Zone.ZoneEditor.EventTrigger.ZoneBooleanValue+UnitTouch
EventDebugProtocolFactory - No Message ID Class For TypeName : DeepCore.GameData.Zone.ZoneEditor.EventTrigger.ZoneBooleanValue+ItemTouch
EventDebugProtocolFactory - No Message ID Class For TypeName : DeepCore.GameData.Zone.ZoneEditor.EventTrigger.ZoneBooleanValue+PositionIsInRegion
EventDebugProtocolFactory - No Message ID Class For TypeName : DeepCore.GameData.Zone.ZoneEditor.EventTrigger.ZoneBooleanValue+UnitIsInRegion
EventDebugProtocolFactory - No Message ID Class For TypeName : DeepCore.GameData.Zone.ZoneEditor.EventTrigger.ZoneBooleanValue+ItemIsInRegion
EventDebugProtocolFactory - No Message ID Class For TypeName : DeepCore.GameData.Zone.ZoneEditor.EventTrigger.ZoneBooleanValue+IsAttackableValue
EventDebugProtocolFactory - No Message ID Class For TypeName : DeepCore.GameData.Zone.ZoneEditor.EventTrigger.ZoneBooleanValue+FlagNotNull
EventDebugProtocolFactory - No Message ID Class For TypeName : DeepCore.GameData.Zone.ZoneEditor.EventTrigger.ZoneBooleanValue+UnitNotNull
EventDebugProtocolFactory - No Message ID Class For TypeName : DeepCore.GameData.Zone.ZoneEditor.EventTrigger.ZoneBooleanValue+ItemNotNull
EventDebugProtocolFactory - No Message ID Class For TypeName : DeepCore.GameData.Zone.ZoneEditor.EventTrigger.ZoneIntegerValue+TotalTimeSEC
EventDebugProtocolFactory - No Message ID Class For TypeName : DeepCore.GameData.Zone.ZoneEditor.EventTrigger.ZoneIntegerValue+ZoneTotalItemCount
EventDebugProtocolFactory - No Message ID Class For TypeName : DeepCore.GameData.Zone.ZoneEditor.EventTrigger.ZoneIntegerValue+TotalForceDeadCount
EventDebugProtocolFactory - No Message ID Class For TypeName : DeepCore.GameData.Zone.ZoneEditor.EventTrigger.ZoneIntegerValue+ZoneTotalUnitCount
EventDebugProtocolFactory - No Message ID Class For TypeName : DeepCore.GameData.Zone.ZoneEditor.EventTrigger.ZoneIntegerValue+ZoneTotalForceUnitCount
EventDebugProtocolFactory - No Message ID Class For TypeName : DeepCore.GameData.Zone.ZoneEditor.EventTrigger.ZoneIntegerValue+ZoneTotalAliveUnitCount
EventDebugProtocolFactory - No Message ID Class For TypeName : DeepCore.GameData.Zone.ZoneEditor.EventTrigger.ZoneIntegerValue+ZoneIntegerAttribute
EventDebugProtocolFactory - No Message ID Class For TypeName : DeepCore.GameData.Zone.ZoneEditor.EventTrigger.ZoneIntegerValue+ZoneTerrainDefintionFlag
EventDebugProtocolFactory - No Message ID Class For TypeName : DeepCore.GameData.Zone.ZoneEditor.EventTrigger.ZoneIntegerValue+ZoneTerrainDefintionFlagByFlag
EventDebugProtocolFactory - No Message ID Class For TypeName : DeepCore.GameData.Zone.ZoneEditor.EventTrigger.ZoneIntegerValue+ZoneTerrainDefintionFlagByName
EventDebugProtocolFactory - No Message ID Class For TypeName : DeepCore.GameData.Zone.ZoneEditor.EventTrigger.ZoneIntegerValue+UnitIntegerAttribute
EventDebugProtocolFactory - No Message ID Class For TypeName : DeepCore.GameData.Zone.ZoneEditor.EventTrigger.ZoneIntegerValue+UnitTemplateID
EventDebugProtocolFactory - No Message ID Class For TypeName : DeepCore.GameData.Zone.ZoneEditor.EventTrigger.ZoneIntegerValue+UnitCurrentMainState
EventDebugProtocolFactory - No Message ID Class For TypeName : DeepCore.GameData.Zone.ZoneEditor.EventTrigger.ZoneIntegerValue+UnitCurrentSubState
EventDebugProtocolFactory - No Message ID Class For TypeName : DeepCore.GameData.Zone.ZoneEditor.EventTrigger.ZoneIntegerValue+UnitHP
EventDebugProtocolFactory - No Message ID Class For TypeName : DeepCore.GameData.Zone.ZoneEditor.EventTrigger.ZoneIntegerValue+UnitMaxHP
EventDebugProtocolFactory - No Message ID Class For TypeName : DeepCore.GameData.Zone.ZoneEditor.EventTrigger.ZoneIntegerValue+UnitLevel
EventDebugProtocolFactory - No Message ID Class For TypeName : DeepCore.GameData.Zone.ZoneEditor.EventTrigger.ZoneIntegerValue+UnitForce
EventDebugProtocolFactory - No Message ID Class For TypeName : DeepCore.GameData.Zone.ZoneEditor.EventTrigger.ZoneIntegerValue+UnitTypeInt32
EventDebugProtocolFactory - No Message ID Class For TypeName : DeepCore.GameData.Zone.ZoneEditor.EventTrigger.ZoneIntegerValue+UnitTypeConst
EventDebugProtocolFactory - No Message ID Class For TypeName : DeepCore.GameData.Zone.ZoneEditor.EventTrigger.ZoneIntegerValue+UnitDeadCount
EventDebugProtocolFactory - No Message ID Class For TypeName : DeepCore.GameData.Zone.ZoneEditor.EventTrigger.ZoneIntegerValue+UnitKillUnitCount
EventDebugProtocolFactory - No Message ID Class For TypeName : DeepCore.GameData.Zone.ZoneEditor.EventTrigger.ZoneIntegerValue+UnitKillPlayerCount
EventDebugProtocolFactory - No Message ID Class For TypeName : DeepCore.GameData.Zone.ZoneEditor.EventTrigger.ZoneIntegerValue+UnitInventoryItemCount
EventDebugProtocolFactory - No Message ID Class For TypeName : DeepCore.GameData.Zone.ZoneEditor.EventTrigger.ZoneIntegerValue+UnitBuffOverlay
EventDebugProtocolFactory - No Message ID Class For TypeName : DeepCore.GameData.Zone.ZoneEditor.EventTrigger.ZoneIntegerValue+UnitCurrentZoneInfoFlag
EventDebugProtocolFactory - No Message ID Class For TypeName : DeepCore.GameData.Zone.ZoneEditor.EventTrigger.ZoneIntegerValue+RegionUnitCount
EventDebugProtocolFactory - No Message ID Class For TypeName : DeepCore.GameData.Zone.ZoneEditor.EventTrigger.ZoneIntegerValue+RegionForceUnitCount
EventDebugProtocolFactory - No Message ID Class For TypeName : DeepCore.GameData.Zone.ZoneEditor.EventTrigger.ZoneIntegerValue+RegionForceTypeUnitCount
EventDebugProtocolFactory - No Message ID Class For TypeName : DeepCore.GameData.Zone.ZoneEditor.EventTrigger.ZoneIntegerValue+RegionExpectUnitCount
EventDebugProtocolFactory - No Message ID Class For TypeName : DeepCore.GameData.Zone.ZoneEditor.EventTrigger.PositionValue+NULL
EventDebugProtocolFactory - No Message ID Class For TypeName : DeepCore.GameData.Zone.ZoneEditor.EventTrigger.PositionValue+VALUE
EventDebugProtocolFactory - No Message ID Class For TypeName : DeepCore.GameData.Zone.ZoneEditor.EventTrigger.PositionValue+VALUEVar
EventDebugProtocolFactory - No Message ID Class For TypeName : DeepCore.GameData.Zone.ZoneEditor.EventTrigger.PositionValue+ReturnVALUE
EventDebugProtocolFactory - No Message ID Class For TypeName : DeepCore.GameData.Zone.ZoneEditor.EventTrigger.PositionValue+PositionOfItem
EventDebugProtocolFactory - No Message ID Class For TypeName : DeepCore.GameData.Zone.ZoneEditor.EventTrigger.PositionValue+AlignToGridCenterOnLayer
EventDebugProtocolFactory - No Message ID Class For TypeName : DeepCore.GameData.Zone.ZoneEditor.EventTrigger.PositionValue+VoxelUpward
EventDebugProtocolFactory - No Message ID Class For TypeName : DeepCore.GameData.Zone.ZoneEditor.EventTrigger.PositionValue+AlignToLayerCenter
EventDebugProtocolFactory - No Message ID Class For TypeName : DeepCore.GameData.Zone.ZoneEditor.EventTrigger.PositionValue+PositionOfUnit
EventDebugProtocolFactory - No Message ID Class For TypeName : DeepCore.GameData.Zone.ZoneEditor.EventTrigger.PositionValue+PositionOfBuildingSpawn
EventDebugProtocolFactory - No Message ID Class For TypeName : DeepCore.GameData.Zone.ZoneEditor.EventTrigger.PositionValue+PositionOfTriggingSpell
EventDebugProtocolFactory - No Message ID Class For TypeName : DeepCore.GameData.Zone.ZoneEditor.EventTrigger.PositionValue+CenterOfFlag
EventDebugProtocolFactory - No Message ID Class For TypeName : DeepCore.GameData.Zone.ZoneEditor.EventTrigger.PositionValue+RandomPointInFlag
EventDebugProtocolFactory - No Message ID Class For TypeName : DeepCore.GameData.Zone.ZoneEditor.EventTrigger.PositionValue+RandomMovablePointInFlag
EventDebugProtocolFactory - No Message ID Class For TypeName : DeepCore.GameData.Zone.ZoneEditor.EventTrigger.PositionValue+RandomMoveableInRange
EventDebugProtocolFactory - No Message ID Class For TypeName : DeepCore.GameData.Zone.ZoneEditor.EventTrigger.PositionValue+AlignToGridCenter
EventDebugProtocolFactory - No Message ID Class For TypeName : DeepCore.GameData.Zone.ZoneEditor.EventTrigger.PositionValue+RandomPointInRound
EventDebugProtocolFactory - No Message ID Class For TypeName : DeepCore.GameData.Zone.ZoneEditor.EventTrigger.PositionValue+RandomPointInCycle
EventDebugProtocolFactory - No Message ID Class For TypeName : DeepCore.GameData.Zone.ZoneEditor.EventTrigger.PositionValue+PointWithOffset
EventDebugProtocolFactory - No Message ID Class For TypeName : DeepCore.GameData.Zone.ZoneEditor.EventTrigger.PositionValue+PointWithOffsetVar
EventDebugProtocolFactory - No Message ID Class For TypeName : DeepCore.GameData.Zone.ZoneEditor.EventTrigger.PositionValue+PointWithPolarOffset
EventDebugProtocolFactory - No Message ID Class For TypeName : DeepCore.GameData.Zone.ZoneEditor.EventTrigger.PositionValue+PointWithPolarOffsetVar
EventDebugProtocolFactory - No Message ID Class For TypeName : DeepCore.GameData.Zone.ZoneEditor.EventTrigger.PositionValue+PointWithPolarOfUnit
EventDebugProtocolFactory - No Message ID Class For TypeName : DeepCore.GameData.Zone.ZoneEditor.EventTrigger.PositionValue+PointWithPolarOfUnitVar
EventDebugProtocolFactory - No Message ID Class For TypeName : DeepCore.GameData.Zone.ZoneEditor.EventTrigger.PositionValue+PointOP
EventDebugProtocolFactory - No Message ID Class For TypeName : DeepCore.GameData.Zone.ZoneEditor.EventTrigger.PositionValue+PointDOT
EventDebugProtocolFactory - No Message ID Class For TypeName : DeepCore.GameData.Zone.ZoneEditor.EventTrigger.PositionValue+PointDEGREE
EventDebugProtocolFactory - No Message ID Class For TypeName : DeepCore.GameData.Zone.ZoneEditor.EventTrigger.PositionValue+PointX
EventDebugProtocolFactory - No Message ID Class For TypeName : DeepCore.GameData.Zone.ZoneEditor.EventTrigger.PositionValue+PointY
EventDebugProtocolFactory - No Message ID Class For TypeName : DeepCore.GameData.Zone.ZoneEditor.EventTrigger.PositionValue+PointZ
EventDebugProtocolFactory - No Message ID Class For TypeName : DeepCore.GameData.Zone.ZoneEditor.EventTrigger.ZoneRealValue+ZoneRealAttribute
EventDebugProtocolFactory - No Message ID Class For TypeName : DeepCore.GameData.Zone.ZoneEditor.EventTrigger.ZoneRealValue+UnitRealAttribute
EventDebugProtocolFactory - No Message ID Class For TypeName : DeepCore.GameData.Zone.ZoneEditor.EventTrigger.ZoneRealValue+GetTowUnitAngle2D
EventDebugProtocolFactory - No Message ID Class For TypeName : DeepCore.GameData.Zone.ZoneEditor.EventTrigger.ZoneRealValue+GetTowUnitAngle2DDegree
EventDebugProtocolFactory - No Message ID Class For TypeName : DeepCore.GameData.Zone.ZoneEditor.EventTrigger.ZoneRealValue+GetTowUnitDistance2D
EventDebugProtocolFactory - No Message ID Class For TypeName : DeepCore.GameData.Zone.ZoneEditor.EventTrigger.ZoneRealValue+GetTowPosAngle
EventDebugProtocolFactory - No Message ID Class For TypeName : DeepCore.GameData.Zone.ZoneEditor.EventTrigger.ZoneRealValue+GetTowPosAngleDegree
EventDebugProtocolFactory - No Message ID Class For TypeName : DeepCore.GameData.Zone.ZoneEditor.EventTrigger.ZoneRealValue+GetTowPosDistance
EventDebugProtocolFactory - No Message ID Class For TypeName : DeepCore.GameData.Zone.ZoneEditor.EventTrigger.ZoneStringValue+ZoneTextAttribute
EventDebugProtocolFactory - No Message ID Class For TypeName : DeepCore.GameData.Zone.ZoneEditor.EventTrigger.ZoneStringValue+FlagName
EventDebugProtocolFactory - No Message ID Class For TypeName : DeepCore.GameData.Zone.ZoneEditor.EventTrigger.ZoneStringValue+UnitTextAttribute
EventDebugProtocolFactory - No Message ID Class For TypeName : DeepCore.GameData.Zone.ZoneEditor.EventTrigger.ZoneStringValue+UnitName
EventDebugProtocolFactory - No Message ID Class For TypeName : DeepCore.GameData.Zone.ZoneEditor.EventTrigger.ZoneStringValue+ItemName
EventDebugProtocolFactory - No Message ID Class For TypeName : DeepCore.GameData.Zone.ZoneEditor.EventTrigger.ZoneStringValue+PlayerUUID
EventDebugProtocolFactory - No Message ID Class For TypeName : DeepCore.GameData.Zone.ZoneEditor.EventTrigger.FlagValue+NA
EventDebugProtocolFactory - No Message ID Class For TypeName : DeepCore.GameData.Zone.ZoneEditor.EventTrigger.FlagValue+Iterating
EventDebugProtocolFactory - No Message ID Class For TypeName : DeepCore.GameData.Zone.ZoneEditor.EventTrigger.FlagValue+ReturnVALUE
EventDebugProtocolFactory - No Message ID Class For TypeName : DeepCore.GameData.Zone.ZoneEditor.EventTrigger.FlagValue+FlagIsRegion
EventDebugProtocolFactory - No Message ID Class For TypeName : DeepCore.GameData.Zone.ZoneEditor.EventTrigger.FlagValue+FlagIsPoint
EventDebugProtocolFactory - No Message ID Class For TypeName : DeepCore.GameData.Zone.ZoneEditor.EventTrigger.FlagValue+FlagIsDecoration
EventDebugProtocolFactory - No Message ID Class For TypeName : DeepCore.GameData.Zone.ZoneEditor.EventTrigger.FlagValue+FlagIsArea
EventDebugProtocolFactory - No Message ID Class For TypeName : DeepCore.GameData.Zone.ZoneEditor.EventTrigger.FlagValue+EditorRegion
EventDebugProtocolFactory - No Message ID Class For TypeName : DeepCore.GameData.Zone.ZoneEditor.EventTrigger.FlagValue+EditorPoint
EventDebugProtocolFactory - No Message ID Class For TypeName : DeepCore.GameData.Zone.ZoneEditor.EventTrigger.FlagValue+EditorDecoration
EventDebugProtocolFactory - No Message ID Class For TypeName : DeepCore.GameData.Zone.ZoneEditor.EventTrigger.FlagValue+EditorArea
EventDebugProtocolFactory - No Message ID Class For TypeName : DeepCore.GameData.Zone.ZoneEditor.EventTrigger.FlagValue+EditorRegionVAR
EventDebugProtocolFactory - No Message ID Class For TypeName : DeepCore.GameData.Zone.ZoneEditor.EventTrigger.FlagValue+EditorPointVAR
EventDebugProtocolFactory - No Message ID Class For TypeName : DeepCore.GameData.Zone.ZoneEditor.EventTrigger.FlagValue+EditorDecorationVAR
EventDebugProtocolFactory - No Message ID Class For TypeName : DeepCore.GameData.Zone.ZoneEditor.EventTrigger.FlagValue+EditorAreaVAR
EventDebugProtocolFactory - No Message ID Class For TypeName : DeepCore.GameData.Zone.ZoneEditor.EventTrigger.FlagValue+TriggingFlag
EventDebugProtocolFactory - No Message ID Class For TypeName : DeepCore.GameData.Zone.ZoneEditor.EventTrigger.FlagValue+TriggingRegion
EventDebugProtocolFactory - No Message ID Class For TypeName : DeepCore.GameData.Zone.ZoneEditor.EventTrigger.FlagValue+TriggingDecoration
EventDebugProtocolFactory - No Message ID Class For TypeName : DeepCore.GameData.Zone.ZoneEditor.EventTrigger.FlagValue+TriggingArea
EventDebugProtocolFactory - No Message ID Class For TypeName : DeepCore.GameData.Zone.ZoneEditor.EventTrigger.FlagValue+TriggingPoint
EventDebugProtocolFactory - No Message ID Class For TypeName : DeepCore.GameData.Zone.ZoneEditor.EventTrigger.FlagValue+NearestFlag
EventDebugProtocolFactory - No Message ID Class For TypeName : DeepCore.GameData.Zone.ZoneEditor.EventTrigger.FlagValue+GetRegionWithPoint
EventDebugProtocolFactory - No Message ID Class For TypeName : DeepCore.GameData.Zone.ZoneEditor.EventTrigger.FlagValue+FindSceneRandomFlagWithPrefixSuffix
EventDebugProtocolFactory - No Message ID Class For TypeName : DeepCore.GameData.Zone.ZoneEditor.EventTrigger.FlagValue+FindSceneRandomFlagWithRegex
EventDebugProtocolFactory - No Message ID Class For TypeName : DeepCore.GameData.Zone.ZoneEditor.EventTrigger.FlagValue+FlagPopRandomNext
EventDebugProtocolFactory - No Message ID Class For TypeName : DeepCore.GameData.Zone.ZoneEditor.EventTrigger.ItemValue+NA
EventDebugProtocolFactory - No Message ID Class For TypeName : DeepCore.GameData.Zone.ZoneEditor.EventTrigger.ItemValue+ReturnVALUE
EventDebugProtocolFactory - No Message ID Class For TypeName : DeepCore.GameData.Zone.ZoneEditor.EventTrigger.ItemValue+Trigging
EventDebugProtocolFactory - No Message ID Class For TypeName : DeepCore.GameData.Zone.ZoneEditor.EventTrigger.ItemValue+LastCreated
EventDebugProtocolFactory - No Message ID Class For TypeName : DeepCore.GameData.Zone.ZoneEditor.EventTrigger.ItemValue+LastGotInstance
EventDebugProtocolFactory - No Message ID Class For TypeName : DeepCore.GameData.Zone.ZoneEditor.EventTrigger.ItemValue+LastPickingInstance
EventDebugProtocolFactory - No Message ID Class For TypeName : DeepCore.GameData.Zone.ZoneEditor.EventTrigger.ItemValue+NamedItem
EventDebugProtocolFactory - No Message ID Class For TypeName : DeepCore.GameData.Zone.ZoneEditor.EventTrigger.ItemValue+PickingIteratingItem
EventDebugProtocolFactory - No Message ID Class For TypeName : DeepCore.GameData.Zone.ZoneEditor.EventTrigger.ItemValue+RandomItem
EventDebugProtocolFactory - No Message ID Class For TypeName : DeepCore.GameData.Zone.ZoneEditor.EventTrigger.ItemValue+NearItem
EventDebugProtocolFactory - No Message ID Class For TypeName : DeepCore.GameData.Zone.ZoneEditor.EventTrigger.BuffTemplateValue+ReturnVALUE
EventDebugProtocolFactory - No Message ID Class For TypeName : DeepCore.GameData.Zone.ZoneEditor.EventTrigger.BuffTemplateValue+Template
EventDebugProtocolFactory - No Message ID Class For TypeName : DeepCore.GameData.Zone.ZoneEditor.EventTrigger.BuffTemplateValue+TemplateSV
EventDebugProtocolFactory - No Message ID Class For TypeName : DeepCore.GameData.Zone.ZoneEditor.EventTrigger.BuffTemplateValue+RandomInGroup
EventDebugProtocolFactory - No Message ID Class For TypeName : DeepCore.GameData.Zone.ZoneEditor.EventTrigger.BuffTemplateValue+Trigging
EventDebugProtocolFactory - No Message ID Class For TypeName : DeepCore.GameData.Zone.ZoneEditor.EventTrigger.ItemTemplateValue+ReturnVALUE
EventDebugProtocolFactory - No Message ID Class For TypeName : DeepCore.GameData.Zone.ZoneEditor.EventTrigger.ItemTemplateValue+Template
EventDebugProtocolFactory - No Message ID Class For TypeName : DeepCore.GameData.Zone.ZoneEditor.EventTrigger.ItemTemplateValue+TemplateSV
EventDebugProtocolFactory - No Message ID Class For TypeName : DeepCore.GameData.Zone.ZoneEditor.EventTrigger.ItemTemplateValue+RandomInGroup
EventDebugProtocolFactory - No Message ID Class For TypeName : DeepCore.GameData.Zone.ZoneEditor.EventTrigger.ItemTemplateValue+Instance
EventDebugProtocolFactory - No Message ID Class For TypeName : DeepCore.GameData.Zone.ZoneEditor.EventTrigger.ItemTemplateValue+Trigging
EventDebugProtocolFactory - No Message ID Class For TypeName : DeepCore.GameData.Zone.ZoneEditor.EventTrigger.ItemTemplateValue+LastCreatedItem
EventDebugProtocolFactory - No Message ID Class For TypeName : DeepCore.GameData.Zone.ZoneEditor.EventTrigger.ItemTemplateValue+LastUsedItem
EventDebugProtocolFactory - No Message ID Class For TypeName : DeepCore.GameData.Zone.ZoneEditor.EventTrigger.ItemTemplateValue+LastGotInventoryItem
EventDebugProtocolFactory - No Message ID Class For TypeName : DeepCore.GameData.Zone.ZoneEditor.EventTrigger.ItemTemplateValue+LastGotIZoneItem
EventDebugProtocolFactory - No Message ID Class For TypeName : DeepCore.GameData.Zone.ZoneEditor.EventTrigger.SkillTemplateValue+ReturnVALUE
EventDebugProtocolFactory - No Message ID Class For TypeName : DeepCore.GameData.Zone.ZoneEditor.EventTrigger.SkillTemplateValue+Template
EventDebugProtocolFactory - No Message ID Class For TypeName : DeepCore.GameData.Zone.ZoneEditor.EventTrigger.SkillTemplateValue+TemplateSV
EventDebugProtocolFactory - No Message ID Class For TypeName : DeepCore.GameData.Zone.ZoneEditor.EventTrigger.SkillTemplateValue+RandomInGroup
EventDebugProtocolFactory - No Message ID Class For TypeName : DeepCore.GameData.Zone.ZoneEditor.EventTrigger.SkillTemplateValue+Trigging
EventDebugProtocolFactory - No Message ID Class For TypeName : DeepCore.GameData.Zone.ZoneEditor.EventTrigger.SkillTemplateValue+LastLaunchSkill
EventDebugProtocolFactory - No Message ID Class For TypeName : DeepCore.GameData.Zone.ZoneEditor.EventTrigger.SpellTemplateValue+ReturnVALUE
EventDebugProtocolFactory - No Message ID Class For TypeName : DeepCore.GameData.Zone.ZoneEditor.EventTrigger.SpellTemplateValue+Template
EventDebugProtocolFactory - No Message ID Class For TypeName : DeepCore.GameData.Zone.ZoneEditor.EventTrigger.SpellTemplateValue+TemplateSV
EventDebugProtocolFactory - No Message ID Class For TypeName : DeepCore.GameData.Zone.ZoneEditor.EventTrigger.SpellTemplateValue+RandomInGroup
EventDebugProtocolFactory - No Message ID Class For TypeName : DeepCore.GameData.Zone.ZoneEditor.EventTrigger.SpellTemplateValue+Trigging
EventDebugProtocolFactory - No Message ID Class For TypeName : DeepCore.GameData.Zone.ZoneEditor.EventTrigger.SpellTemplateValue+LastLaunchSpell
EventDebugProtocolFactory - No Message ID Class For TypeName : DeepCore.GameData.Zone.ZoneEditor.EventTrigger.UnitTemplateValue+ReturnVALUE
EventDebugProtocolFactory - No Message ID Class For TypeName : DeepCore.GameData.Zone.ZoneEditor.EventTrigger.UnitTemplateValue+Template
EventDebugProtocolFactory - No Message ID Class For TypeName : DeepCore.GameData.Zone.ZoneEditor.EventTrigger.UnitTemplateValue+TemplateSV
EventDebugProtocolFactory - No Message ID Class For TypeName : DeepCore.GameData.Zone.ZoneEditor.EventTrigger.UnitTemplateValue+RandomInGroup
EventDebugProtocolFactory - No Message ID Class For TypeName : DeepCore.GameData.Zone.ZoneEditor.EventTrigger.UnitTemplateValue+Trigging
EventDebugProtocolFactory - No Message ID Class For TypeName : DeepCore.GameData.Zone.ZoneEditor.EventTrigger.AuraTemplateValue+ReturnVALUE
EventDebugProtocolFactory - No Message ID Class For TypeName : DeepCore.GameData.Zone.ZoneEditor.EventTrigger.AuraTemplateValue+Template
EventDebugProtocolFactory - No Message ID Class For TypeName : DeepCore.GameData.Zone.ZoneEditor.EventTrigger.AuraTemplateValue+TemplateSV
EventDebugProtocolFactory - No Message ID Class For TypeName : DeepCore.GameData.Zone.ZoneEditor.EventTrigger.AuraTemplateValue+Trigging
EventDebugProtocolFactory - No Message ID Class For TypeName : DeepCore.GameData.Zone.ZoneEditor.EventTrigger.AuraTemplateValue+LastLaunchedAura
EventDebugProtocolFactory - No Message ID Class For TypeName : DeepCore.GameData.Zone.ZoneEditor.EventTrigger.AuraTemplateValue+LastEnterdAura
EventDebugProtocolFactory - No Message ID Class For TypeName : DeepCore.GameData.Zone.ZoneEditor.EventTrigger.AuraTemplateValue+LastLeavedAura
EventDebugProtocolFactory - No Message ID Class For TypeName : DeepCore.GameData.Zone.ZoneEditor.EventTrigger.CardTemplateValue+ReturnVALUE
EventDebugProtocolFactory - No Message ID Class For TypeName : DeepCore.GameData.Zone.ZoneEditor.EventTrigger.CardTemplateValue+Template
EventDebugProtocolFactory - No Message ID Class For TypeName : DeepCore.GameData.Zone.ZoneEditor.EventTrigger.CardTemplateValue+TemplateSV
EventDebugProtocolFactory - No Message ID Class For TypeName : DeepCore.GameData.Zone.ZoneEditor.EventTrigger.CardTemplateValue+Trigging
EventDebugProtocolFactory - No Message ID Class For TypeName : DeepCore.GameData.Zone.ZoneEditor.EventTrigger.UnitValue+NA
EventDebugProtocolFactory - No Message ID Class For TypeName : DeepCore.GameData.Zone.ZoneEditor.EventTrigger.UnitValue+ReturnVALUE
EventDebugProtocolFactory - No Message ID Class For TypeName : DeepCore.GameData.Zone.ZoneEditor.EventTrigger.UnitValue+PickedUnit
EventDebugProtocolFactory - No Message ID Class For TypeName : DeepCore.GameData.Zone.ZoneEditor.EventTrigger.UnitValue+PickingIteratingUnit
EventDebugProtocolFactory - No Message ID Class For TypeName : DeepCore.GameData.Zone.ZoneEditor.EventTrigger.UnitValue+Editor
EventDebugProtocolFactory - No Message ID Class For TypeName : DeepCore.GameData.Zone.ZoneEditor.EventTrigger.UnitValue+Trigging
EventDebugProtocolFactory - No Message ID Class For TypeName : DeepCore.GameData.Zone.ZoneEditor.EventTrigger.UnitValue+TriggingTarget
EventDebugProtocolFactory - No Message ID Class For TypeName : DeepCore.GameData.Zone.ZoneEditor.EventTrigger.UnitValue+UnitByObjID
EventDebugProtocolFactory - No Message ID Class For TypeName : DeepCore.GameData.Zone.ZoneEditor.EventTrigger.UnitValue+BuffSender
EventDebugProtocolFactory - No Message ID Class For TypeName : DeepCore.GameData.Zone.ZoneEditor.EventTrigger.UnitValue+TriggingAuraOwner
EventDebugProtocolFactory - No Message ID Class For TypeName : DeepCore.GameData.Zone.ZoneEditor.EventTrigger.UnitValue+LastAdded
EventDebugProtocolFactory - No Message ID Class For TypeName : DeepCore.GameData.Zone.ZoneEditor.EventTrigger.UnitValue+LastSummoner
EventDebugProtocolFactory - No Message ID Class For TypeName : DeepCore.GameData.Zone.ZoneEditor.EventTrigger.UnitValue+LastAddedPlayer
EventDebugProtocolFactory - No Message ID Class For TypeName : DeepCore.GameData.Zone.ZoneEditor.EventTrigger.UnitValue+LastActivated
EventDebugProtocolFactory - No Message ID Class For TypeName : DeepCore.GameData.Zone.ZoneEditor.EventTrigger.UnitValue+LastRebirth
EventDebugProtocolFactory - No Message ID Class For TypeName : DeepCore.GameData.Zone.ZoneEditor.EventTrigger.UnitValue+LastAttack
EventDebugProtocolFactory - No Message ID Class For TypeName : DeepCore.GameData.Zone.ZoneEditor.EventTrigger.UnitValue+LastHitted
EventDebugProtocolFactory - No Message ID Class For TypeName : DeepCore.GameData.Zone.ZoneEditor.EventTrigger.UnitValue+LastKilled
EventDebugProtocolFactory - No Message ID Class For TypeName : DeepCore.GameData.Zone.ZoneEditor.EventTrigger.UnitValue+NearUnit
EventDebugProtocolFactory - No Message ID Class For TypeName : DeepCore.GameData.Zone.ZoneEditor.EventTrigger.UnitValue+RandomUnit
EventDebugProtocolFactory - No Message ID Class For TypeName : DeepCore.GameData.Zone.ZoneEditor.EventTrigger.UnitValue+RandomForceUnit
EventDebugProtocolFactory - No Message ID Class For TypeName : DeepCore.GameData.Zone.ZoneEditor.EventTrigger.UnitValue+RandomPlayer
EventDebugProtocolFactory - No Message ID Class For TypeName : DeepCore.GameData.Zone.ZoneEditor.EventTrigger.UnitValue+RandomForcePlayer
EventDebugProtocolFactory - No Message ID Class For TypeName : DeepCore.GameData.Zone.ZoneEditor.EventTrigger.UnitValue+LastPickingItemUnit
EventDebugProtocolFactory - No Message ID Class For TypeName : DeepCore.GameData.Zone.ZoneEditor.EventTrigger.UnitValue+LastPickableUnit
EventDebugProtocolFactory - No Message ID Class For TypeName : DeepCore.GameData.Zone.ZoneEditor.EventTrigger.UnitValue+LastLaunchSkillUnit
EventDebugProtocolFactory - No Message ID Class For TypeName : DeepCore.GameData.Zone.ZoneEditor.EventTrigger.UnitValue+LastLaunchSkillTarget
EventDebugProtocolFactory - No Message ID Class For TypeName : DeepCore.GameData.Zone.ZoneEditor.EventTrigger.UnitValue+UnitTarget
EventDebugProtocolFactory - No Message ID Class For TypeName : DeepCore.GameData.Zone.ZoneEditor.EventTrigger.UnitValue+SummonerUnit
EventDebugProtocolFactory - No Message ID Class For TypeName : DeepCore.GameData.Zone.ZoneEditor.EventTrigger.UnitValue+NamedUnit
EventDebugProtocolFactory - No Message ID Class For TypeName : DeepCore.GameData.Zone.ZoneEditor.EventTrigger.UnitValue+UnitWithPlayerUUID
EventDebugProtocolFactory - No Message ID Class For TypeName : DeepCore.GameData.Zone.ZoneEditor.EventTrigger.UnitValue+TestACTOR
EventDebugProtocolFactory - No Message ID Class For TypeName : DeepCore.GameData.Zone.ZoneEditor.EventTrigger.UnitValue+UnitAPI
EventDebugProtocolFactory - No Message ID Class For TypeName : DeepCore.GameData.Zone.ZoneEditor.EventTrigger.FindTarget+NearTargetInRange
EventDebugProtocolFactory - No Message ID Class For TypeName : DeepCore.GameData.Zone.ZoneEditor.EventTrigger.UnitEquipSkillValue+NA
EventDebugProtocolFactory - No Message ID Class For TypeName : DeepCore.GameData.Zone.ZoneEditor.EventTrigger.UnitEquipSkillValue+Trigging
EventDebugProtocolFactory - No Message ID Class For TypeName : DeepCore.GameData.Zone.ZoneEditor.EventTrigger.UnitEquipSkillValue+UnitSkill
EventDebugProtocolFactory - No Message ID Class For TypeName : DeepCore.GameData.Zone.ZoneEditor.EventTrigger.UnitEquipBuffValue+NA
EventDebugProtocolFactory - No Message ID Class For TypeName : DeepCore.GameData.Zone.ZoneEditor.EventTrigger.UnitEquipBuffValue+Trigging
EventDebugProtocolFactory - No Message ID Class For TypeName : DeepCore.GameData.Zone.ZoneEditor.EventTrigger.UnitEquipBuffValue+UnitBuff
EventDebugProtocolFactory - No Message ID Class For TypeName : DeepCore.GameData.Zone.ZoneEditor.EventTrigger.UnitEquipAuraValue+NA
EventDebugProtocolFactory - No Message ID Class For TypeName : DeepCore.GameData.Zone.ZoneEditor.EventTrigger.UnitEquipAuraValue+Trigging
EventDebugProtocolFactory - No Message ID Class For TypeName : DeepCore.GameData.Zone.ZoneEditor.EventTrigger.UnitEquipAuraValue+UnitBuff
EventDebugProtocolFactory - No Message ID Class For TypeName : DeepCore.EventTrigger.EventBehaviorLocalVar
EventDebugProtocolFactory - No Message ID Class For TypeName : DeepCore.EventTrigger.EventBehaviorTrigger
EventDebugProtocolFactory - No Message ID Class For TypeName : DeepCore.EventTrigger.EventBehaviorAction
EventDebugProtocolFactory - No Message ID Class For TypeName : DeepCore.EventTrigger.EventBehaviorValue
EventDebugProtocolFactory - No Message ID Class For TypeName : DeepCore.EventTrigger.EventBehaviorGroup
EventDebugProtocolFactory - No Message ID Class For TypeName : DeepCore.EventTrigger.BehaviorGroup
EventDebugProtocolFactory - No Message ID Class For TypeName : DeepCore.EventTrigger.Data.DoNoting
EventDebugProtocolFactory - No Message ID Class For TypeName : DeepCore.EventTrigger.Data.CommentAction
EventDebugProtocolFactory - No Message ID Class For TypeName : DeepCore.EventTrigger.Data.Print
EventDebugProtocolFactory - No Message ID Class For TypeName : DeepCore.EventTrigger.Data.SystemGC
EventDebugProtocolFactory - No Message ID Class For TypeName : DeepCore.EventTrigger.Data.Wait
EventDebugProtocolFactory - No Message ID Class For TypeName : DeepCore.EventTrigger.Data.DelayedAction
EventDebugProtocolFactory - No Message ID Class For TypeName : DeepCore.EventTrigger.Data.ConditionAction
EventDebugProtocolFactory - No Message ID Class For TypeName : DeepCore.EventTrigger.Data.ConditionNotAction
EventDebugProtocolFactory - No Message ID Class For TypeName : DeepCore.EventTrigger.Data.IteratorForInt32Action
EventDebugProtocolFactory - No Message ID Class For TypeName : DeepCore.EventTrigger.Data.DoAction2
EventDebugProtocolFactory - No Message ID Class For TypeName : DeepCore.EventTrigger.Data.DoAction3
EventDebugProtocolFactory - No Message ID Class For TypeName : DeepCore.EventTrigger.Data.DoActionQueue
EventDebugProtocolFactory - No Message ID Class For TypeName : DeepCore.EventTrigger.Data.SwitchCaseInteger
EventDebugProtocolFactory - No Message ID Class For TypeName : DeepCore.EventTrigger.Data.SwitchCaseString
EventDebugProtocolFactory - No Message ID Class For TypeName : DeepCore.EventTrigger.Data.CaseActionString
EventDebugProtocolFactory - No Message ID Class For TypeName : DeepCore.EventTrigger.Data.RandomAction
EventDebugProtocolFactory - No Message ID Class For TypeName : DeepCore.EventTrigger.Data.AlwaysTrue
EventDebugProtocolFactory - No Message ID Class For TypeName : DeepCore.EventTrigger.Data.BooleanCondition
EventDebugProtocolFactory - No Message ID Class For TypeName : DeepCore.EventTrigger.Data.CommentCondition
EventDebugProtocolFactory - No Message ID Class For TypeName : DeepCore.EventTrigger.Data.IFNumberAction
EventDebugProtocolFactory - No Message ID Class For TypeName : DeepCore.EventTrigger.Data.IFBoolAction
EventDebugProtocolFactory - No Message ID Class For TypeName : DeepCore.EventTrigger.Data.IFStringAction
EventDebugProtocolFactory - No Message ID Class For TypeName : DeepCore.EventTrigger.Data.SetEnvironmentString
EventDebugProtocolFactory - No Message ID Class For TypeName : DeepCore.EventTrigger.Data.SetEnvironmentInteger
EventDebugProtocolFactory - No Message ID Class For TypeName : DeepCore.EventTrigger.Data.SetEnvironmentReal
EventDebugProtocolFactory - No Message ID Class For TypeName : DeepCore.EventTrigger.Data.SetEnvironmentBool
EventDebugProtocolFactory - No Message ID Class For TypeName : DeepCore.EventTrigger.Data.SetEnvironmentStringSV
EventDebugProtocolFactory - No Message ID Class For TypeName : DeepCore.EventTrigger.Data.SetEnvironmentIntegerSV
EventDebugProtocolFactory - No Message ID Class For TypeName : DeepCore.EventTrigger.Data.SetEnvironmentRealSV
EventDebugProtocolFactory - No Message ID Class For TypeName : DeepCore.EventTrigger.Data.SetEnvironmentBoolSV
EventDebugProtocolFactory - No Message ID Class For TypeName : DeepCore.EventTrigger.Data.GetEnvironmentAsString
EventDebugProtocolFactory - No Message ID Class For TypeName : DeepCore.EventTrigger.Data.GetEnvironmentAsInteger
EventDebugProtocolFactory - No Message ID Class For TypeName : DeepCore.EventTrigger.Data.GetEnvironmentAsReal
EventDebugProtocolFactory - No Message ID Class For TypeName : DeepCore.EventTrigger.Data.GetEnvironmentAsBoolean
EventDebugProtocolFactory - No Message ID Class For TypeName : DeepCore.EventTrigger.Data.GetAndSetEnvironmentAsString
EventDebugProtocolFactory - No Message ID Class For TypeName : DeepCore.EventTrigger.Data.GetAndSetEnvironmentAsInteger
EventDebugProtocolFactory - No Message ID Class For TypeName : DeepCore.EventTrigger.Data.GetAndSetEnvironmentAsReal
EventDebugProtocolFactory - No Message ID Class For TypeName : DeepCore.EventTrigger.Data.GetAndSetEnvironmentAsBoolean
EventDebugProtocolFactory - No Message ID Class For TypeName : DeepCore.EventTrigger.Data.GetAndAddEnvironmentAsInteger
EventDebugProtocolFactory - No Message ID Class For TypeName : DeepCore.EventTrigger.Data.GetAndAddEnvironmentAsReal
EventDebugProtocolFactory - No Message ID Class For TypeName : DeepCore.EventTrigger.Data.AddAndGetEnvironmentAsInteger
EventDebugProtocolFactory - No Message ID Class For TypeName : DeepCore.EventTrigger.Data.AddAndGetEnvironmentAsReal
EventDebugProtocolFactory - No Message ID Class For TypeName : DeepCore.EventTrigger.Data.GetEnvironmentAsStringSV
EventDebugProtocolFactory - No Message ID Class For TypeName : DeepCore.EventTrigger.Data.GetEnvironmentAsIntegerSV
EventDebugProtocolFactory - No Message ID Class For TypeName : DeepCore.EventTrigger.Data.GetEnvironmentAsRealSV
EventDebugProtocolFactory - No Message ID Class For TypeName : DeepCore.EventTrigger.Data.GetEnvironmentAsBooleanSV
EventDebugProtocolFactory - No Message ID Class For TypeName : DeepCore.EventTrigger.Data.LocalVarString
EventDebugProtocolFactory - No Message ID Class For TypeName : DeepCore.EventTrigger.Data.LocalVarInteger
EventDebugProtocolFactory - No Message ID Class For TypeName : DeepCore.EventTrigger.Data.LocalVarReal
EventDebugProtocolFactory - No Message ID Class For TypeName : DeepCore.EventTrigger.Data.LocalVarBool
EventDebugProtocolFactory - No Message ID Class For TypeName : DeepCore.EventTrigger.Data.SetLocalString
EventDebugProtocolFactory - No Message ID Class For TypeName : DeepCore.EventTrigger.Data.SetLocalInteger
EventDebugProtocolFactory - No Message ID Class For TypeName : DeepCore.EventTrigger.Data.SetLocalReal
EventDebugProtocolFactory - No Message ID Class For TypeName : DeepCore.EventTrigger.Data.SetLocalBool
EventDebugProtocolFactory - No Message ID Class For TypeName : DeepCore.EventTrigger.Data.SetLocalStringSV
EventDebugProtocolFactory - No Message ID Class For TypeName : DeepCore.EventTrigger.Data.SetLocalIntegerSV
EventDebugProtocolFactory - No Message ID Class For TypeName : DeepCore.EventTrigger.Data.SetLocalRealSV
EventDebugProtocolFactory - No Message ID Class For TypeName : DeepCore.EventTrigger.Data.SetLocalBoolSV
EventDebugProtocolFactory - No Message ID Class For TypeName : DeepCore.EventTrigger.Data.GetLocalAsString
EventDebugProtocolFactory - No Message ID Class For TypeName : DeepCore.EventTrigger.Data.GetLocalAsInteger
EventDebugProtocolFactory - No Message ID Class For TypeName : DeepCore.EventTrigger.Data.GetLocalAsReal
EventDebugProtocolFactory - No Message ID Class For TypeName : DeepCore.EventTrigger.Data.GetLocalAsBoolean
EventDebugProtocolFactory - No Message ID Class For TypeName : DeepCore.EventTrigger.Data.GetAndSetLocalAsString
EventDebugProtocolFactory - No Message ID Class For TypeName : DeepCore.EventTrigger.Data.GetAndSetLocalAsInteger
EventDebugProtocolFactory - No Message ID Class For TypeName : DeepCore.EventTrigger.Data.GetAndSetLocalAsReal
EventDebugProtocolFactory - No Message ID Class For TypeName : DeepCore.EventTrigger.Data.GetAndSetLocalAsBoolean
EventDebugProtocolFactory - No Message ID Class For TypeName : DeepCore.EventTrigger.Data.GetAndAddLocalAsInteger
EventDebugProtocolFactory - No Message ID Class For TypeName : DeepCore.EventTrigger.Data.GetAndAddLocalAsReal
EventDebugProtocolFactory - No Message ID Class For TypeName : DeepCore.EventTrigger.Data.AddAndGetLocalAsInteger
EventDebugProtocolFactory - No Message ID Class For TypeName : DeepCore.EventTrigger.Data.AddAndGetLocalAsReal
EventDebugProtocolFactory - No Message ID Class For TypeName : DeepCore.EventTrigger.Data.GetLocalAsStringSV
EventDebugProtocolFactory - No Message ID Class For TypeName : DeepCore.EventTrigger.Data.GetLocalAsIntegerSV
EventDebugProtocolFactory - No Message ID Class For TypeName : DeepCore.EventTrigger.Data.GetLocalAsRealSV
EventDebugProtocolFactory - No Message ID Class For TypeName : DeepCore.EventTrigger.Data.GetLocalAsBooleanSV
EventDebugProtocolFactory - No Message ID Class For TypeName : DeepCore.EventTrigger.Data.CommentTrigger
EventDebugProtocolFactory - No Message ID Class For TypeName : DeepCore.EventTrigger.Data.EventActiveChangedInvoke
EventDebugProtocolFactory - No Message ID Class For TypeName : DeepCore.EventTrigger.Data.EventMainInvoke
EventDebugProtocolFactory - No Message ID Class For TypeName : DeepCore.EventTrigger.Data.EventOverInvoke
EventDebugProtocolFactory - No Message ID Class For TypeName : DeepCore.EventTrigger.Data.EventBeginInvoke
EventDebugProtocolFactory - No Message ID Class For TypeName : DeepCore.EventTrigger.Data.EventEndInvoke
EventDebugProtocolFactory - No Message ID Class For TypeName : DeepCore.EventTrigger.Data.ThisEventActiveChangedInvoke
EventDebugProtocolFactory - No Message ID Class For TypeName : DeepCore.EventTrigger.Data.ThisEventMainInvoke
EventDebugProtocolFactory - No Message ID Class For TypeName : DeepCore.EventTrigger.Data.ThisEventOverInvoke
EventDebugProtocolFactory - No Message ID Class For TypeName : DeepCore.EventTrigger.Data.ThisEventBeginInvoke
EventDebugProtocolFactory - No Message ID Class For TypeName : DeepCore.EventTrigger.Data.ThisEventEndInvoke
EventDebugProtocolFactory - No Message ID Class For TypeName : DeepCore.EventTrigger.Data.TimeElapsed
EventDebugProtocolFactory - No Message ID Class For TypeName : DeepCore.EventTrigger.Data.TimePeriodic
EventDebugProtocolFactory - No Message ID Class For TypeName : DeepCore.EventTrigger.Data.TimeTask
EventDebugProtocolFactory - No Message ID Class For TypeName : DeepCore.EventTrigger.Data.ValuedTimeElapsed
EventDebugProtocolFactory - No Message ID Class For TypeName : DeepCore.EventTrigger.Data.ValuedTimePeriodic
EventDebugProtocolFactory - No Message ID Class For TypeName : DeepCore.EventTrigger.Data.ValuedTimeTask
EventDebugProtocolFactory - No Message ID Class For TypeName : DeepCore.EventTrigger.Data.OnTimeMIN
EventDebugProtocolFactory - No Message ID Class For TypeName : DeepCore.EventTrigger.Data.OnTimeHOR
EventDebugProtocolFactory - No Message ID Class For TypeName : DeepCore.EventTrigger.Data.OnTimeDAY
EventDebugProtocolFactory - No Message ID Class For TypeName : DeepCore.EventTrigger.Data.OnDateTimeMIN
EventDebugProtocolFactory - No Message ID Class For TypeName : DeepCore.EventTrigger.Data.OnDateTimeHOR
EventDebugProtocolFactory - No Message ID Class For TypeName : DeepCore.EventTrigger.Data.OnDateTimeDAY
EventDebugProtocolFactory - No Message ID Class For TypeName : DeepCore.EventTrigger.Data.AngleToRadiance
EventDebugProtocolFactory - No Message ID Class For TypeName : DeepCore.EventTrigger.Data.RadianceToAngle
EventDebugProtocolFactory - No Message ID Class For TypeName : DeepCore.EventTrigger.Data.PassTimeTicks
EventDebugProtocolFactory - No Message ID Class For TypeName : DeepCore.EventTrigger.Data.PassTimeScaleTicks
EventDebugProtocolFactory - No Message ID Class For TypeName : DeepCore.EventTrigger.Data.SystemTimeTicks
EventDebugProtocolFactory - No Message ID Class For TypeName : DeepCore.EventTrigger.Data.SystemTimeScaleTicks
EventDebugProtocolFactory - No Message ID Class For TypeName : DeepCore.EventTrigger.Data.DateTimeTicks
EventDebugProtocolFactory - No Message ID Class For TypeName : DeepCore.EventTrigger.Data.DateTimeScaleTicks
EventDebugProtocolFactory - No Message ID Class For TypeName : DeepCore.EventTrigger.Data.InSystemTimeRange
EventDebugProtocolFactory - No Message ID Class For TypeName : DeepCore.EventTrigger.Data.InPassTimeRange
EventDebugProtocolFactory - No Message ID Class For TypeName : DeepCore.EventTrigger.Data.PassTimeMS
EventDebugProtocolFactory - No Message ID Class For TypeName : DeepCore.EventTrigger.Data.PassTimeSEC
EventDebugProtocolFactory - No Message ID Class For TypeName : DeepCore.EventTrigger.Data.PassTimeMIN
EventDebugProtocolFactory - No Message ID Class For TypeName : DeepCore.EventTrigger.Data.PassTimeHOR
EventDebugProtocolFactory - No Message ID Class For TypeName : DeepCore.EventTrigger.Data.PassTimeDAY
EventDebugProtocolFactory - No Message ID Class For TypeName : DeepCore.EventTrigger.Data.VPassTimeMS
EventDebugProtocolFactory - No Message ID Class For TypeName : DeepCore.EventTrigger.Data.VPassTimeSEC
EventDebugProtocolFactory - No Message ID Class For TypeName : DeepCore.EventTrigger.Data.VPassTimeMIN
EventDebugProtocolFactory - No Message ID Class For TypeName : DeepCore.EventTrigger.Data.VPassTimeHOR
EventDebugProtocolFactory - No Message ID Class For TypeName : DeepCore.EventTrigger.Data.VPassTimeDAY
EventDebugProtocolFactory - No Message ID Class For TypeName : DeepCore.EventTrigger.Data.PassTimeTotalMS
EventDebugProtocolFactory - No Message ID Class For TypeName : DeepCore.EventTrigger.Data.PassTimeTotalSEC
EventDebugProtocolFactory - No Message ID Class For TypeName : DeepCore.EventTrigger.Data.PassTimeTotalMIN
EventDebugProtocolFactory - No Message ID Class For TypeName : DeepCore.EventTrigger.Data.PassTimeTotalHOR
EventDebugProtocolFactory - No Message ID Class For TypeName : DeepCore.EventTrigger.Data.PassTimeTotalDAY
EventDebugProtocolFactory - No Message ID Class For TypeName : DeepCore.EventTrigger.Data.VPassTimeTotalMS
EventDebugProtocolFactory - No Message ID Class For TypeName : DeepCore.EventTrigger.Data.VPassTimeTotalSEC
EventDebugProtocolFactory - No Message ID Class For TypeName : DeepCore.EventTrigger.Data.VPassTimeTotalMIN
EventDebugProtocolFactory - No Message ID Class For TypeName : DeepCore.EventTrigger.Data.VPassTimeTotalHOR
EventDebugProtocolFactory - No Message ID Class For TypeName : DeepCore.EventTrigger.Data.VPassTimeTotalDAY
EventDebugProtocolFactory - No Message ID Class For TypeName : DeepCore.EventTrigger.Data.DateTimeMS
EventDebugProtocolFactory - No Message ID Class For TypeName : DeepCore.EventTrigger.Data.DateTimeSEC
EventDebugProtocolFactory - No Message ID Class For TypeName : DeepCore.EventTrigger.Data.DateTimeMIN
EventDebugProtocolFactory - No Message ID Class For TypeName : DeepCore.EventTrigger.Data.DateTimeHOR
EventDebugProtocolFactory - No Message ID Class For TypeName : DeepCore.EventTrigger.Data.DateTimeDAY
EventDebugProtocolFactory - No Message ID Class For TypeName : DeepCore.EventTrigger.Data.VDateTimeMS
EventDebugProtocolFactory - No Message ID Class For TypeName : DeepCore.EventTrigger.Data.VDateTimeSEC
EventDebugProtocolFactory - No Message ID Class For TypeName : DeepCore.EventTrigger.Data.VDateTimeMIN
EventDebugProtocolFactory - No Message ID Class For TypeName : DeepCore.EventTrigger.Data.VDateTimeHOR
EventDebugProtocolFactory - No Message ID Class For TypeName : DeepCore.EventTrigger.Data.VDateTimeDAY
EventDebugProtocolFactory - No Message ID Class For TypeName : DeepCore.EventTrigger.Data.CommentValue
EventDebugProtocolFactory - No Message ID Class For TypeName : DeepCore.EventTrigger.Data.AI.QuestionAnswer
EventDebugProtocolFactory - No Message ID Class For TypeName : DeepCore.EventTrigger.Data.AI.AddPrompt
EventDebugProtocolFactory - No Message ID Class For TypeName : DeepCore.EventTrigger.Data.AI.SetSystemPrompt
EventDebugProtocolFactory - No Message ID Class For TypeName : DeepCore.EventTrigger.Data.AI.ClearPrompt
EventDebugProtocolFactory - No Message ID Class For TypeName : DeepCore.EventTrigger.Data.AI.ClearAllPrompt
EventDebugProtocolFactory - No Message ID Class For TypeName : DeepCore.EventTrigger.Data.AI.AnswerText
EventDebugProtocolFactory - No Message ID Class For TypeName : DeepCore.EventTrigger.Data.AI.AnswerCondition
EventDebugProtocolFactory - No Message ID Class For TypeName : DeepCore.EventTrigger.Data.AI.LastResponse
EventDebugProtocolFactory - No Message ID Class For TypeName : DeepCore.EventTrigger.Data.AI.LastResponseChoicesCount
EventDebugProtocolFactory - No Message ID Class For TypeName : DeepCore.EventTrigger.Data.AI.LastResponseChoices
EventDebugProtocolFactory - No Message ID Class For TypeName : DeepCore.EventTrigger.Data.AI.UseJsonPrompt
EventDebugProtocolFactory - No Message ID Class For TypeName : DeepCore.EventTrigger.Data.SwitchCaseInteger+CaseActionInt32
EventDebugProtocolFactory - No Message ID Class For TypeName : DeepCore.EventTrigger.Data.BooleanValue+VALUE
EventDebugProtocolFactory - No Message ID Class For TypeName : DeepCore.EventTrigger.Data.BooleanValue+ReturnVALUE
EventDebugProtocolFactory - No Message ID Class For TypeName : DeepCore.EventTrigger.Data.BooleanValue+TriggingValue
EventDebugProtocolFactory - No Message ID Class For TypeName : DeepCore.EventTrigger.Data.BooleanValue+ParseFromString
EventDebugProtocolFactory - No Message ID Class For TypeName : DeepCore.EventTrigger.Data.BooleanValue+RandomPercent
EventDebugProtocolFactory - No Message ID Class For TypeName : DeepCore.EventTrigger.Data.BooleanValue+BooleanOperatorGroup
EventDebugProtocolFactory - No Message ID Class For TypeName : DeepCore.EventTrigger.Data.BooleanValue+BooleanOperator
EventDebugProtocolFactory - No Message ID Class For TypeName : DeepCore.EventTrigger.Data.BooleanValue+BooleanComparison
EventDebugProtocolFactory - No Message ID Class For TypeName : DeepCore.EventTrigger.Data.BooleanValue+StringComparison
EventDebugProtocolFactory - No Message ID Class For TypeName : DeepCore.EventTrigger.Data.BooleanValue+StringContains
EventDebugProtocolFactory - No Message ID Class For TypeName : DeepCore.EventTrigger.Data.BooleanValue+StringStartsWith
EventDebugProtocolFactory - No Message ID Class For TypeName : DeepCore.EventTrigger.Data.BooleanValue+StringEndsWith
EventDebugProtocolFactory - No Message ID Class For TypeName : DeepCore.EventTrigger.Data.BooleanValue+RealComparison
EventDebugProtocolFactory - No Message ID Class For TypeName : DeepCore.EventTrigger.Data.BooleanValue+IntegerComparison
EventDebugProtocolFactory - No Message ID Class For TypeName : DeepCore.EventTrigger.Data.BooleanValue+CurrentEventTriggerIsActive
EventDebugProtocolFactory - No Message ID Class For TypeName : DeepCore.EventTrigger.Data.BooleanValue+SpecifyEventTriggerIsActive
EventDebugProtocolFactory - No Message ID Class For TypeName : DeepCore.EventTrigger.Data.BooleanValue+ValueInRange
EventDebugProtocolFactory - No Message ID Class For TypeName : DeepCore.EventTrigger.Data.IntegerValue+VALUE
EventDebugProtocolFactory - No Message ID Class For TypeName : DeepCore.EventTrigger.Data.IntegerValue+ReturnVALUE
EventDebugProtocolFactory - No Message ID Class For TypeName : DeepCore.EventTrigger.Data.IntegerValue+TriggingValue
EventDebugProtocolFactory - No Message ID Class For TypeName : DeepCore.EventTrigger.Data.IntegerValue+ParseFromString
EventDebugProtocolFactory - No Message ID Class For TypeName : DeepCore.EventTrigger.Data.IntegerValue+IntegerOP
EventDebugProtocolFactory - No Message ID Class For TypeName : DeepCore.EventTrigger.Data.IntegerValue+MinFunction
EventDebugProtocolFactory - No Message ID Class For TypeName : DeepCore.EventTrigger.Data.IntegerValue+MaxFunction
EventDebugProtocolFactory - No Message ID Class For TypeName : DeepCore.EventTrigger.Data.IntegerValue+RandomInt
EventDebugProtocolFactory - No Message ID Class For TypeName : DeepCore.EventTrigger.Data.IntegerValue+ConvertFromReal
EventDebugProtocolFactory - No Message ID Class For TypeName : DeepCore.EventTrigger.Data.IntegerValue+PickingIteratorInt32
EventDebugProtocolFactory - No Message ID Class For TypeName : DeepCore.EventTrigger.Data.IntegerValue+EnumValueInt32
EventDebugProtocolFactory - No Message ID Class For TypeName : DeepCore.EventTrigger.Data.RealValue+VALUE
EventDebugProtocolFactory - No Message ID Class For TypeName : DeepCore.EventTrigger.Data.RealValue+ReturnVALUE
EventDebugProtocolFactory - No Message ID Class For TypeName : DeepCore.EventTrigger.Data.RealValue+TriggingValue
EventDebugProtocolFactory - No Message ID Class For TypeName : DeepCore.EventTrigger.Data.RealValue+RealOP
EventDebugProtocolFactory - No Message ID Class For TypeName : DeepCore.EventTrigger.Data.RealValue+MinFunction
EventDebugProtocolFactory - No Message ID Class For TypeName : DeepCore.EventTrigger.Data.RealValue+MaxFunction
EventDebugProtocolFactory - No Message ID Class For TypeName : DeepCore.EventTrigger.Data.RealValue+RandomReal
EventDebugProtocolFactory - No Message ID Class For TypeName : DeepCore.EventTrigger.Data.RealValue+RandomRealMinMax
EventDebugProtocolFactory - No Message ID Class For TypeName : DeepCore.EventTrigger.Data.RealValue+ConvertFromInteger
EventDebugProtocolFactory - No Message ID Class For TypeName : DeepCore.EventTrigger.Data.RealValue+ParseFromString
EventDebugProtocolFactory - No Message ID Class For TypeName : DeepCore.EventTrigger.Data.StringValue+NULL
EventDebugProtocolFactory - No Message ID Class For TypeName : DeepCore.EventTrigger.Data.StringValue+VALUE
EventDebugProtocolFactory - No Message ID Class For TypeName : DeepCore.EventTrigger.Data.StringValue+ReturnVALUE
EventDebugProtocolFactory - No Message ID Class For TypeName : DeepCore.EventTrigger.Data.StringValue+TriggingValue
EventDebugProtocolFactory - No Message ID Class For TypeName : DeepCore.EventTrigger.Data.StringValue+IntegerToString
EventDebugProtocolFactory - No Message ID Class For TypeName : DeepCore.EventTrigger.Data.StringValue+BooleanToString
EventDebugProtocolFactory - No Message ID Class For TypeName : DeepCore.EventTrigger.Data.StringValue+RealToString
EventDebugProtocolFactory - No Message ID Class For TypeName : DeepCore.EventTrigger.Data.StringValue+StringConcat
EventDebugProtocolFactory - No Message ID Class For TypeName : DeepCore.EventTrigger.Data.StringValue+StringConcatArray
EventDebugProtocolFactory - No Message ID Class For TypeName : DeepCore.EventTrigger.Data.StringValue+StringFormat4
EventDebugProtocolFactory - No Message ID Class For TypeName : DeepCore.EventTrigger.Data.StringValue+StringFormatArray
EventDebugProtocolFactory - No Message ID Class For TypeName : DeepCore.EventTrigger.Data.StringValue+SubString
EventDebugProtocolFactory - No Message ID Class For TypeName : DeepCore.EventTrigger.Data.StringValue+StringLength
EventDebugProtocolFactory - No Message ID Class For TypeName : DeepCore.EventTrigger.Data.AI.LLMAgentValue+Binding
EventDebugProtocolFactory - Append Codec : DeepCore.Event.Debug.EventRuntimeState
EventDebugProtocolFactory - Append Codec : DeepCore.Event.Debug.AddCollectionNotify
EventDebugProtocolFactory - Append Codec : DeepCore.Event.Debug.RemoveCollectionNotify
EventDebugProtocolFactory - Append Codec : DeepCore.Event.Debug.ExecutorChangedNotify
EventDebugProtocolFactory - Append Codec : DeepCore.Event.Debug.EventCollectionData
EventDebugProtocolFactory - Append Codec : DeepCore.Event.Debug.EventExecutorData
EventDebugProtocolFactory - Append Codec : DeepCore.Event.Debug.EventTraceData
EventDebugProtocolFactory - Append Codec : DeepCore.Event.Debug.EventBeginTraceNotify
EventDebugProtocolFactory - Append Codec : DeepCore.Voxel.StreamingVoxel.Data.StreamingChunk
EventDebugProtocolFactory - Append Codec : DeepCore.Voxel.StreamingVoxel.Data.StreamingCube
EventDebugProtocolFactory - Append Codec : DeepCore.Voxel.StreamingVoxel.Data.StreamingCubeTemplate
EventDebugProtocolFactory - Append Codec : DeepCore.Voxel.StreamingVoxel.Data.StreamingTouchLayer
EventDebugProtocolFactory - Append Codec : DeepCore.Voxel.StreamingVoxel.Data.StreamingMesh
EventDebugProtocolFactory - Append Codec : DeepCore.VoxelWorld.Message.WorldInfo
EventDebugProtocolFactory - Append Codec : DeepCore.VoxelWorld.Message.PlayerInfo
EventDebugProtocolFactory - Append Codec : DeepFrozen.RPC.Remote.ServiceNode.SyncShareDictMessage
EventDebugProtocolFactory - Append Codec : DeepFrozen.RPC.Remote.ServiceNode.ManySyncShareDictMessage
EventDebugProtocolFactory - Append Codec : DeepMetaGame.ZoneServer.Message.CreateRoomInfoR2B
EventDebugProtocolFactory - Append Codec : DeepMetaGame.ZoneServer.Message.CreateUnitInfoR2B
EventDebugProtocolFactory - Append Codec : DeepMetaGame.ZoneServer.Message.RoomFinishInfoB2R
EventDebugProtocolFactory - Append Codec : DeepMetaGame.ZoneServer.Message.UnitKillMonsterB2R
EventDebugProtocolFactory - Append Codec : DeepMetaGame.ZoneServer.Message.UnitGotItemB2R
EventDebugProtocolFactory - Append Codec : DeepMetaGame.ZoneServer.Message.UnitGotMoneyB2R
EventDebugProtocolFactory - Append Codec : DeepMetaGame.ZoneServer.Message.ClientCostRequestB2R
EventDebugProtocolFactory - Append Codec : DeepMetaGame.ZoneServer.Message.ClientCostResponseR2B
EventDebugProtocolFactory - Append Codec : DeepMetaGame.ZoneServer.Message.UnitUseItemB2R
EventDebugProtocolFactory - Append Codec : DeepMetaGame.ZoneServer.Message.CloseRoomNotifyR2B
EventDebugProtocolFactory - Append Codec : DeepMetaGame.ZoneServer.Message.SendMessageR2B
EventDebugProtocolFactory - Append Codec : DeepMetaGame.ZoneServer.Message.SendMessageB2R
EventDebugProtocolFactory - Append Codec : DeepMetaGame.ZoneServer.Message.SendEventB2R
EventDebugProtocolFactory - Append Codec : DeepMetaGame.ZoneServer.Message.EnterRoomRequestC2B
EventDebugProtocolFactory - Append Codec : DeepMetaGame.ZoneServer.Message.EnterRoomResponseB2C
EventDebugProtocolFactory - Append Codec : DeepMetaGame.ZoneServer.Message.LeaveRoomRequestC2B
EventDebugProtocolFactory - Append Codec : DeepMetaGame.ZoneServer.Message.KickedByServerNotifyB2C
EventDebugProtocolFactory - Append Codec : DeepMetaGame.ZoneServer.Message.RoomInfo
EventDebugProtocolFactory - Append Codec : DeepMetaGame.ZoneServer.Message.CreateRoomRequestR2B
EventDebugProtocolFactory - Append Codec : DeepMetaGame.ZoneServer.Message.CreateRoomResponseB2R
EventDebugProtocolFactory - Append Codec : DeepMetaGame.ZoneServer.Message.PlayerWillConnectRequestR2B
EventDebugProtocolFactory - Append Codec : DeepMetaGame.ZoneServer.Message.PlayerWillConnectResponseB2R
EventDebugProtocolFactory - Append Codec : DeepMetaGame.ZoneServer.Message.PlayerEnterRoomNotifyB2R
EventDebugProtocolFactory - Append Codec : DeepMetaGame.ZoneServer.Message.PlayerLeaveBattleNotifyB2R
EventDebugProtocolFactory - Append Codec : DeepMetaGame.ZoneServer.Message.ServerInfoNotifyB2R
EventDebugProtocolFactory - Append Codec : DeepMetaGame.ZoneServer.Message.RoomInfoNotifyB2R
EventDebugProtocolFactory - Append Codec : DeepMetaGame.ZoneServer.Message.DestroyRoomNotifyB2R
EventDebugProtocolFactory - Append Codec : DeepMetaGame.ZoneServer.Message.RoomEventNotifyB2R
EventDebugProtocolFactory - Append Codec : DeepMetaGame.ZoneServer.Message.RoomEventNotifyR2B
EventDebugProtocolFactory - Append Codec : DeepMetaGame.ZoneServer.Message.KickPlayerR2B
EventDebugProtocolFactory - Append Codec : DeepMetaGame.ZoneServer.Message.RoomDesc
EventDebugProtocolFactory - Append Codec : DeepMetaGame.ZoneServer.Message.QueryAllRoomDesc
EventDebugProtocolFactory - Append Codec : DeepMetaGame.ZoneServer.Message.AllRoomDesc
EventDebugProtocolFactory - Append Codec : DeepMetaGame.ZoneServer.Message.EchoTextCommand
EventDebugProtocolFactory - Append Codec : DeepMetaGame.ZoneServer.Message.RoomFinishInfoB2R+PlayerResult
UVPomeloServer - UVPomeloServer started on 0.0.0.0:14337
UVPomeloServer - UVPomeloServer started!
UVPomeloServer - UVPomeloServer shutting down...
UVPomeloServer - UVPomeloServer shutdown
UVPomeloServer - UVPomeloServer closing...
UVPomeloServer - eventloop closed
EditorTemplates - ------------------------------------------------------------------
EditorTemplates - TemplateDataCenter.ENABLE_LOAD_FROM_BIN : False
EditorTemplates - BeginPluginsData Use : 00:00:00.0000108
EditorTemplates - LoadAllConfig Use : 00:00:00.0021968
EditorTemplates - LoadAllList Use : 00:00:00.0003885
scope - Reload Comlete Use : 00:00:00.0000702
EditorTemplates - DataCenter ReloadAll Use : 00:00:00.0067905
EditorTemplates - LoadAllTemplateData Use : 00:00:00.1025659
EditorTemplates - InitPluginsData Use : 00:00:00.0000060
EditorTemplates - LoadAllTemplates Total Use : 00:00:00.1406574
EditorTemplates - ------------------------------------------------------------------
EventDebugProtocolFactory - No Message ID Class For TypeName : DeepMetaGame.Data.ZoneEditor.SceneToEditor.RspZoneHeightMapDataChanged
EventDebugProtocolFactory - No Message ID Class For TypeName : DeepMetaGame.Host.EventTrigger.UI.MouseDownTrigger
EventDebugProtocolFactory - No Message ID Class For TypeName : DeepMetaGame.Host.EventTrigger.UI.MouseUpTrigger
EventDebugProtocolFactory - No Message ID Class For TypeName : DeepMetaGame.Host.EventTrigger.UI.MouseMoveTrigger
EventDebugProtocolFactory - No Message ID Class For TypeName : DeepMetaGame.Host.EventTrigger.UI.MouseClickTrigger
EventDebugProtocolFactory - No Message ID Class For TypeName : DeepMetaGame.Host.EventTrigger.UI.MouseDownTriggerWithKey
EventDebugProtocolFactory - No Message ID Class For TypeName : DeepMetaGame.Host.EventTrigger.UI.MouseUpTriggerWithKey
EventDebugProtocolFactory - No Message ID Class For TypeName : DeepMetaGame.Host.EventTrigger.UI.MouseMoveTriggerWithKey
EventDebugProtocolFactory - No Message ID Class For TypeName : DeepMetaGame.Host.EventTrigger.UI.MouseClickTriggerWithKey
EventDebugProtocolFactory - No Message ID Class For TypeName : DeepMetaGame.Host.EventTrigger.UI.KeyDownTrigger
EventDebugProtocolFactory - No Message ID Class For TypeName : DeepMetaGame.Host.EventTrigger.UI.KeyUpTrigger
EventDebugProtocolFactory - No Message ID Class For TypeName : DeepMetaGame.Host.EventTrigger.UI.KeyDownTriggerWithKey
EventDebugProtocolFactory - No Message ID Class For TypeName : DeepMetaGame.Host.EventTrigger.UI.KeyUpTriggerWithKey
EventDebugProtocolFactory - No Message ID Class For TypeName : DeepMetaGame.Host.EventTrigger.UI.MouseSelectUnitTrigger
EventDebugProtocolFactory - No Message ID Class For TypeName : DeepMetaGame.Host.EventTrigger.UI.InteractiveSenderUnit
EventDebugProtocolFactory - No Message ID Class For TypeName : DeepMetaGame.Host.EventTrigger.UI.MouseComponentName
EventDebugProtocolFactory - No Message ID Class For TypeName : DeepMetaGame.Host.EventTrigger.UI.MouseButtonValue
EventDebugProtocolFactory - No Message ID Class For TypeName : DeepMetaGame.Host.EventTrigger.UI.MouseButtonConstant
EventDebugProtocolFactory - No Message ID Class For TypeName : DeepMetaGame.Host.EventTrigger.UI.RaycastHitPos
EventDebugProtocolFactory - No Message ID Class For TypeName : DeepMetaGame.Host.EventTrigger.UI.RaycastHitObjectPos
EventDebugProtocolFactory - No Message ID Class For TypeName : DeepMetaGame.Host.EventTrigger.UI.RaycastIsHitUnit
EventDebugProtocolFactory - No Message ID Class For TypeName : DeepMetaGame.Host.EventTrigger.UI.RaycastIsHitFlag
EventDebugProtocolFactory - No Message ID Class For TypeName : DeepMetaGame.Host.EventTrigger.UI.RaycastIsHitTerrain
EventDebugProtocolFactory - No Message ID Class For TypeName : DeepMetaGame.Host.EventTrigger.UI.RaycastHitUnit
EventDebugProtocolFactory - No Message ID Class For TypeName : DeepMetaGame.Host.EventTrigger.UI.RaycastHitFlag
EventDebugProtocolFactory - No Message ID Class For TypeName : DeepMetaGame.Host.EventTrigger.UI.DraggingUnit
EventDebugProtocolFactory - No Message ID Class For TypeName : DeepMetaGame.Host.EventTrigger.UI.KeyCodeValue
EventDebugProtocolFactory - No Message ID Class For TypeName : DeepMetaGame.Host.EventTrigger.UI.KeyCodeConstant
EventDebugProtocolFactory - No Message ID Class For TypeName : DeepMetaGame.Host.EventTrigger.UI.KeyModiferIsControl
EventDebugProtocolFactory - No Message ID Class For TypeName : DeepMetaGame.Host.EventTrigger.UI.KeyModiferIsAlt
EventDebugProtocolFactory - No Message ID Class For TypeName : DeepMetaGame.Host.EventTrigger.UI.KeyModiferIsShift
EventDebugProtocolFactory - No Message ID Class For TypeName : DeepMetaGame.Host.EventTrigger.UI.MouseSelectUnitValue
EventDebugProtocolFactory - No Message ID Class For TypeName : DeepCore.Game3D.Host.EventTrigger.ZoneEventTrigger.IFPositionAction
EventDebugProtocolFactory - No Message ID Class For TypeName : DeepCore.Game3D.Host.EventTrigger.ZoneEventTrigger.IFUnitAction
EventDebugProtocolFactory - No Message ID Class For TypeName : DeepCore.Game3D.Host.EventTrigger.ZoneEventTrigger.IFItemAction
EventDebugProtocolFactory - No Message ID Class For TypeName : DeepCore.Game3D.Host.EventTrigger.ZoneEventTrigger.IFFlagAction
EventDebugProtocolFactory - No Message ID Class For TypeName : DeepCore.Game3D.Host.EventTrigger.ZoneEventTrigger.UnitDockingAction
EventDebugProtocolFactory - No Message ID Class For TypeName : DeepCore.Game3D.Host.EventTrigger.ZoneEventTrigger.UnitSolidDockingAction
EventDebugProtocolFactory - No Message ID Class For TypeName : DeepCore.Game3D.Host.EventTrigger.ZoneEventTrigger.UnitDockingParent
EventDebugProtocolFactory - No Message ID Class For TypeName : DeepCore.Game3D.Host.EventTrigger.ZoneEventTrigger.UnitDockingPosition
EventDebugProtocolFactory - No Message ID Class For TypeName : DeepCore.Game3D.Host.EventTrigger.ZoneEventTrigger.IsUnitDocking
EventDebugProtocolFactory - No Message ID Class For TypeName : DeepCore.Game3D.Host.EventTrigger.UI.ShowHostFormAction
EventDebugProtocolFactory - No Message ID Class For TypeName : DeepCore.Game3D.Host.EventTrigger.UI.ShowHostDialogAction
EventDebugProtocolFactory - No Message ID Class For TypeName : DeepCore.Game3D.Host.EventTrigger.UI.ShowHostPlayerFormAction
EventDebugProtocolFactory - No Message ID Class For TypeName : DeepCore.Game3D.Host.EventTrigger.UI.ShowHostPlayerDialogAction
EventDebugProtocolFactory - No Message ID Class For TypeName : DeepCore.Game3D.Host.EventTrigger.UI.CloseBindingFormAction
EventDebugProtocolFactory - No Message ID Class For TypeName : DeepCore.Game3D.Host.EventTrigger.UI.GUIDataBindingAction
EventDebugProtocolFactory - No Message ID Class For TypeName : DeepCore.Game3D.Host.EventTrigger.UI.GUISetNodeVisibleAction
EventDebugProtocolFactory - No Message ID Class For TypeName : DeepCore.Game3D.Host.EventTrigger.UI.GUISetSubNodeNameVisibleAction
EventDebugProtocolFactory - No Message ID Class For TypeName : DeepCore.Game3D.Host.EventTrigger.UI.GUIControlSubNodeAction
EventDebugProtocolFactory - No Message ID Class For TypeName : DeepCore.Game3D.Host.EventTrigger.UI.GUISubNodeDataBindingAction
EventDebugProtocolFactory - No Message ID Class For TypeName : DeepCore.Game3D.Host.EventTrigger.UI.GenericFormShown
EventDebugProtocolFactory - No Message ID Class For TypeName : DeepCore.Game3D.Host.EventTrigger.UI.GenericFormClose
EventDebugProtocolFactory - No Message ID Class For TypeName : DeepCore.Game3D.Host.EventTrigger.UI.GenericFormNodeClick
EventDebugProtocolFactory - No Message ID Class For TypeName : DeepCore.Game3D.Host.EventTrigger.UI.GenericFormNodeDataChanged
EventDebugProtocolFactory - No Message ID Class For TypeName : DeepCore.Game3D.Host.EventTrigger.UI.BindingFormShown
EventDebugProtocolFactory - No Message ID Class For TypeName : DeepCore.Game3D.Host.EventTrigger.UI.BindingFormClose
EventDebugProtocolFactory - No Message ID Class For TypeName : DeepCore.Game3D.Host.EventTrigger.UI.BindingFormNodeClick
EventDebugProtocolFactory - No Message ID Class For TypeName : DeepCore.Game3D.Host.EventTrigger.UI.BindingFormNodeDataChanged
EventDebugProtocolFactory - No Message ID Class For TypeName : DeepCore.Game3D.Host.EventTrigger.UI.SpecifyFormShown
EventDebugProtocolFactory - No Message ID Class For TypeName : DeepCore.Game3D.Host.EventTrigger.UI.SpecifyFormClose
EventDebugProtocolFactory - No Message ID Class For TypeName : DeepCore.Game3D.Host.EventTrigger.UI.SpecifyFormNodeClick
EventDebugProtocolFactory - No Message ID Class For TypeName : DeepCore.Game3D.Host.EventTrigger.UI.SpecifyUINodeClick
EventDebugProtocolFactory - No Message ID Class For TypeName : DeepCore.Game3D.Host.EventTrigger.UI.SpecifyUINodeDataChanged
EventDebugProtocolFactory - No Message ID Class For TypeName : DeepCore.Game3D.Host.EventTrigger.UI.SetCameraOffsetAction
EventDebugProtocolFactory - No Message ID Class For TypeName : DeepCore.GameData.Zone.ZoneEditor.EventTrigger.UnitPrompt
EventDebugProtocolFactory - No Message ID Class For TypeName : DeepCore.GameData.Zone.ZoneEditor.EventTrigger.ZonePrompt
EventDebugProtocolFactory - No Message ID Class For TypeName : DeepCore.GameData.Zone.ZoneEditor.EventTrigger.ShowMessageBox
EventDebugProtocolFactory - No Message ID Class For TypeName : DeepCore.GameData.Zone.ZoneEditor.EventTrigger.InvokeLowMemory
EventDebugProtocolFactory - No Message ID Class For TypeName : DeepCore.GameData.Zone.ZoneEditor.EventTrigger.IsEditorMode
EventDebugProtocolFactory - No Message ID Class For TypeName : DeepCore.GameData.Zone.ZoneEditor.EventTrigger.IsEditorModeValue
EventDebugProtocolFactory - No Message ID Class For TypeName : DeepCore.GameData.Zone.ZoneEditor.EventTrigger.DialogResult
EventDebugProtocolFactory - No Message ID Class For TypeName : DeepCore.GameData.Zone.ZoneEditor.EventTrigger.TriggingComponentName
EventDebugProtocolFactory - No Message ID Class For TypeName : DeepCore.GameData.Zone.ZoneEditor.EventTrigger.TriggingComponentSubURL
EventDebugProtocolFactory - No Message ID Class For TypeName : DeepCore.GameData.Zone.ZoneEditor.EventTrigger.GUIFormTemplateID
EventDebugProtocolFactory - No Message ID Class For TypeName : DeepCore.GameData.Zone.ZoneEditor.EventTrigger.GUIComponentCompare
EventDebugProtocolFactory - No Message ID Class For TypeName : DeepCore.GameData.Zone.ZoneEditor.EventTrigger.GUISubUrlCheck
EventDebugProtocolFactory - No Message ID Class For TypeName : DeepCore.GameData.Zone.ZoneEditor.EventTrigger.IFGUIAction
EventDebugProtocolFactory - No Message ID Class For TypeName : DeepCore.GameData.Zone.ZoneEditor.EventTrigger.ZoneTextMessageTrigger
EventDebugProtocolFactory - No Message ID Class For TypeName : DeepCore.GameData.Zone.ZoneEditor.EventTrigger.ZoneTextMessageValue
EventDebugProtocolFactory - No Message ID Class For TypeName : DeepCore.GameData.Zone.ZoneEditor.EventTrigger.SendChatMessage
EventDebugProtocolFactory - No Message ID Class For TypeName : DeepCore.GameData.Zone.ZoneEditor.EventTrigger.CameraFocusUnitAction
EventDebugProtocolFactory - No Message ID Class For TypeName : DeepCore.GameData.Zone.ZoneEditor.EventTrigger.CameraControlAction
EventDebugProtocolFactory - No Message ID Class For TypeName : DeepCore.GameData.Zone.ZoneEditor.EventTrigger.ClientFocusAction
EventDebugProtocolFactory - No Message ID Class For TypeName : DeepCore.GameData.Zone.ZoneEditor.EventTrigger.RunClientScriptFileAction
EventDebugProtocolFactory - No Message ID Class For TypeName : DeepCore.GameData.Zone.ZoneEditor.EventTrigger.RunScriptCodeAction
EventDebugProtocolFactory - No Message ID Class For TypeName : DeepCore.GameData.Zone.ZoneEditor.EventTrigger.BubbleTalk
EventDebugProtocolFactory - No Message ID Class For TypeName : DeepCore.GameData.Zone.ZoneEditor.EventTrigger.SetZoneFieldStringValue
EventDebugProtocolFactory - No Message ID Class For TypeName : DeepCore.GameData.Zone.ZoneEditor.EventTrigger.SetZoneFieldIntegerValue
EventDebugProtocolFactory - No Message ID Class For TypeName : DeepCore.GameData.Zone.ZoneEditor.EventTrigger.SetZoneFieldRealValue
EventDebugProtocolFactory - No Message ID Class For TypeName : DeepCore.GameData.Zone.ZoneEditor.EventTrigger.SetZoneFieldIntegerValue64
EventDebugProtocolFactory - No Message ID Class For TypeName : DeepCore.GameData.Zone.ZoneEditor.EventTrigger.SetZoneFieldRealValue64
EventDebugProtocolFactory - No Message ID Class For TypeName : DeepCore.GameData.Zone.ZoneEditor.EventTrigger.SetZoneFieldBoolValue
EventDebugProtocolFactory - No Message ID Class For TypeName : DeepCore.GameData.Zone.ZoneEditor.EventTrigger.SetUnitFieldStringValue
EventDebugProtocolFactory - No Message ID Class For TypeName : DeepCore.GameData.Zone.ZoneEditor.EventTrigger.SetUnitFieldIntegerValue
EventDebugProtocolFactory - No Message ID Class For TypeName : DeepCore.GameData.Zone.ZoneEditor.EventTrigger.SetUnitFieldRealValue
EventDebugProtocolFactory - No Message ID Class For TypeName : DeepCore.GameData.Zone.ZoneEditor.EventTrigger.SetUnitFieldIntegerValue64
EventDebugProtocolFactory - No Message ID Class For TypeName : DeepCore.GameData.Zone.ZoneEditor.EventTrigger.SetUnitFieldRealValue64
EventDebugProtocolFactory - No Message ID Class For TypeName : DeepCore.GameData.Zone.ZoneEditor.EventTrigger.SetUnitFieldBoolValue
EventDebugProtocolFactory - No Message ID Class For TypeName : DeepCore.GameData.Zone.ZoneEditor.EventTrigger.SetItemFieldStringValue
EventDebugProtocolFactory - No Message ID Class For TypeName : DeepCore.GameData.Zone.ZoneEditor.EventTrigger.SetItemFieldIntegerValue
EventDebugProtocolFactory - No Message ID Class For TypeName : DeepCore.GameData.Zone.ZoneEditor.EventTrigger.SetItemFieldRealValue
EventDebugProtocolFactory - No Message ID Class For TypeName : DeepCore.GameData.Zone.ZoneEditor.EventTrigger.SetItemFieldIntegerValue64
EventDebugProtocolFactory - No Message ID Class For TypeName : DeepCore.GameData.Zone.ZoneEditor.EventTrigger.SetItemFieldRealValue64
EventDebugProtocolFactory - No Message ID Class For TypeName : DeepCore.GameData.Zone.ZoneEditor.EventTrigger.SetItemFieldBoolValue
EventDebugProtocolFactory - No Message ID Class For TypeName : DeepCore.GameData.Zone.ZoneEditor.EventTrigger.FlagCloseAction
EventDebugProtocolFactory - No Message ID Class For TypeName : DeepCore.GameData.Zone.ZoneEditor.EventTrigger.FlagOpenAction
EventDebugProtocolFactory - No Message ID Class For TypeName : DeepCore.GameData.Zone.ZoneEditor.EventTrigger.FlagOnOffAction
EventDebugProtocolFactory - No Message ID Class For TypeName : DeepCore.GameData.Zone.ZoneEditor.EventTrigger.FlagSwitchAction
EventDebugProtocolFactory - No Message ID Class For TypeName : DeepCore.GameData.Zone.ZoneEditor.EventTrigger.FlagGroupCloseAction
EventDebugProtocolFactory - No Message ID Class For TypeName : DeepCore.GameData.Zone.ZoneEditor.EventTrigger.FlagGroupOpenAction
EventDebugProtocolFactory - No Message ID Class For TypeName : DeepCore.GameData.Zone.ZoneEditor.EventTrigger.FlagTagAction
EventDebugProtocolFactory - No Message ID Class For TypeName : DeepCore.GameData.Zone.ZoneEditor.EventTrigger.WhenUnitEnterRegionOnceDo
EventDebugProtocolFactory - No Message ID Class For TypeName : DeepCore.GameData.Zone.ZoneEditor.EventTrigger.WhenUnitLeaveRegionOnceDo
EventDebugProtocolFactory - No Message ID Class For TypeName : DeepCore.GameData.Zone.ZoneEditor.EventTrigger.WhenUnitEnterAreaOnceDo
EventDebugProtocolFactory - No Message ID Class For TypeName : DeepCore.GameData.Zone.ZoneEditor.EventTrigger.WhenUnitLeaveAreaOnceDo
EventDebugProtocolFactory - No Message ID Class For TypeName : DeepCore.GameData.Zone.ZoneEditor.EventTrigger.AddAoiDecorationAction
EventDebugProtocolFactory - No Message ID Class For TypeName : DeepCore.GameData.Zone.ZoneEditor.EventTrigger.EveryFlagDoAction
EventDebugProtocolFactory - No Message ID Class For TypeName : DeepCore.GameData.Zone.ZoneEditor.EventTrigger.FlagResetSpawnAction
EventDebugProtocolFactory - No Message ID Class For TypeName : DeepCore.GameData.Zone.ZoneEditor.EventTrigger.RegionManualSpawn
EventDebugProtocolFactory - No Message ID Class For TypeName : DeepCore.GameData.Zone.ZoneEditor.EventTrigger.SpawnAttachmentInRegion
EventDebugProtocolFactory - No Message ID Class For TypeName : DeepCore.GameData.Zone.ZoneEditor.EventTrigger.AddItemAction
EventDebugProtocolFactory - No Message ID Class For TypeName : DeepCore.GameData.Zone.ZoneEditor.EventTrigger.RemoveItemAction
EventDebugProtocolFactory - No Message ID Class For TypeName : DeepCore.GameData.Zone.ZoneEditor.EventTrigger.DirectPickItemAction
EventDebugProtocolFactory - No Message ID Class For TypeName : DeepCore.GameData.Zone.ZoneEditor.EventTrigger.EveryRangedItemDoAction
EventDebugProtocolFactory - No Message ID Class For TypeName : DeepCore.GameData.Zone.ZoneEditor.EventTrigger.EveryItemInRegionDoAction
EventDebugProtocolFactory - No Message ID Class For TypeName : DeepCore.GameData.Zone.ZoneEditor.EventTrigger.UnitAutoLaunchSkillAction
EventDebugProtocolFactory - No Message ID Class For TypeName : DeepCore.GameData.Zone.ZoneEditor.EventTrigger.AttackLaunchSpell
EventDebugProtocolFactory - No Message ID Class For TypeName : DeepCore.GameData.Zone.ZoneEditor.EventTrigger.ControlUnitMoveAction
EventDebugProtocolFactory - No Message ID Class For TypeName : DeepCore.GameData.Zone.ZoneEditor.EventTrigger.ControlUnitLaunchSkillAction
EventDebugProtocolFactory - No Message ID Class For TypeName : DeepCore.GameData.Zone.ZoneEditor.EventTrigger.UnitStateDefinedAction
EventDebugProtocolFactory - No Message ID Class For TypeName : DeepCore.GameData.Zone.ZoneEditor.EventTrigger.ControlUnitIdleAction
EventDebugProtocolFactory - No Message ID Class For TypeName : DeepCore.GameData.Zone.ZoneEditor.EventTrigger.ControUnitDoClientAction
EventDebugProtocolFactory - No Message ID Class For TypeName : DeepCore.GameData.Zone.ZoneEditor.EventTrigger.ControUnitFaceToAction
EventDebugProtocolFactory - No Message ID Class For TypeName : DeepCore.GameData.Zone.ZoneEditor.EventTrigger.ControUnitFocuseAttackAction
EventDebugProtocolFactory - No Message ID Class For TypeName : DeepCore.GameData.Zone.ZoneEditor.EventTrigger.ForceUnitIdleAction
EventDebugProtocolFactory - No Message ID Class For TypeName : DeepCore.GameData.Zone.ZoneEditor.EventTrigger.ForceUnitDoAction
EventDebugProtocolFactory - No Message ID Class For TypeName : DeepCore.GameData.Zone.ZoneEditor.EventTrigger.ForceUnitMoveAction
EventDebugProtocolFactory - No Message ID Class For TypeName : DeepCore.GameData.Zone.ZoneEditor.EventTrigger.ForceUnitDirMoveAction
EventDebugProtocolFactory - No Message ID Class For TypeName : DeepCore.GameData.Zone.ZoneEditor.EventTrigger.ForceUnitFaceToAction
EventDebugProtocolFactory - No Message ID Class For TypeName : DeepCore.GameData.Zone.ZoneEditor.EventTrigger.ForceUnitLaunchSkillAction
EventDebugProtocolFactory - No Message ID Class For TypeName : DeepCore.GameData.Zone.ZoneEditor.EventTrigger.ForceUnitControlQueue
EventDebugProtocolFactory - No Message ID Class For TypeName : DeepCore.GameData.Zone.ZoneEditor.EventTrigger.ManualUnitIdleAction
EventDebugProtocolFactory - No Message ID Class For TypeName : DeepCore.GameData.Zone.ZoneEditor.EventTrigger.ManualUnitDoClientAction
EventDebugProtocolFactory - No Message ID Class For TypeName : DeepCore.GameData.Zone.ZoneEditor.EventTrigger.ManualUnitMoveAction
EventDebugProtocolFactory - No Message ID Class For TypeName : DeepCore.GameData.Zone.ZoneEditor.EventTrigger.ManualUnitFaceToAction
EventDebugProtocolFactory - No Message ID Class For TypeName : DeepCore.GameData.Zone.ZoneEditor.EventTrigger.ManualUnitLaunchSkillAction
EventDebugProtocolFactory - No Message ID Class For TypeName : DeepCore.GameData.Zone.ZoneEditor.EventTrigger.ManualUnitFocuseAttackAction
EventDebugProtocolFactory - No Message ID Class For TypeName : DeepCore.GameData.Zone.ZoneEditor.EventTrigger.ManualUnitWaitCommandAction
EventDebugProtocolFactory - No Message ID Class For TypeName : DeepCore.GameData.Zone.ZoneEditor.EventTrigger.ManualUnitControlQueue
EventDebugProtocolFactory - No Message ID Class For TypeName : DeepCore.GameData.Zone.ZoneEditor.EventTrigger.UnitBindEventAction
EventDebugProtocolFactory - No Message ID Class For TypeName : DeepCore.GameData.Zone.ZoneEditor.EventTrigger.UnitEventTriggerActive
EventDebugProtocolFactory - No Message ID Class For TypeName : DeepCore.GameData.Zone.ZoneEditor.EventTrigger.UnitEventTriggerDeactive
EventDebugProtocolFactory - No Message ID Class For TypeName : DeepCore.GameData.Zone.ZoneEditor.EventTrigger.UnitEventGroupTriggerActive
EventDebugProtocolFactory - No Message ID Class For TypeName : DeepCore.GameData.Zone.ZoneEditor.EventTrigger.UnitEventGroupTriggerDeactive
EventDebugProtocolFactory - No Message ID Class For TypeName : DeepCore.GameData.Zone.ZoneEditor.EventTrigger.CopyDecorationShape
EventDebugProtocolFactory - No Message ID Class For TypeName : DeepCore.GameData.Zone.ZoneEditor.EventTrigger.AddUnitAction
EventDebugProtocolFactory - No Message ID Class For TypeName : DeepCore.GameData.Zone.ZoneEditor.EventTrigger.UnitAddMoneyAction
EventDebugProtocolFactory - No Message ID Class For TypeName : DeepCore.GameData.Zone.ZoneEditor.EventTrigger.KillUnitAction
EventDebugProtocolFactory - No Message ID Class For TypeName : DeepCore.GameData.Zone.ZoneEditor.EventTrigger.RemoveUnitAction
EventDebugProtocolFactory - No Message ID Class For TypeName : DeepCore.GameData.Zone.ZoneEditor.EventTrigger.UnitUseItemAction
EventDebugProtocolFactory - No Message ID Class For TypeName : DeepCore.GameData.Zone.ZoneEditor.EventTrigger.UnitAddInventoryItemAction
EventDebugProtocolFactory - No Message ID Class For TypeName : DeepCore.GameData.Zone.ZoneEditor.EventTrigger.UnitDropInventoryItemAction
EventDebugProtocolFactory - No Message ID Class For TypeName : DeepCore.GameData.Zone.ZoneEditor.EventTrigger.UnitClearInventoryItemAction
EventDebugProtocolFactory - No Message ID Class For TypeName : DeepCore.GameData.Zone.ZoneEditor.EventTrigger.UnitUseInventoryItemAction
EventDebugProtocolFactory - No Message ID Class For TypeName : DeepCore.GameData.Zone.ZoneEditor.EventTrigger.UnitAddHPAction
EventDebugProtocolFactory - No Message ID Class For TypeName : DeepCore.GameData.Zone.ZoneEditor.EventTrigger.UnitAddHPToUnitAction
EventDebugProtocolFactory - No Message ID Class For TypeName : DeepCore.GameData.Zone.ZoneEditor.EventTrigger.UnitAddMPAction
EventDebugProtocolFactory - No Message ID Class For TypeName : DeepCore.GameData.Zone.ZoneEditor.EventTrigger.UnitAddHPPctAction
EventDebugProtocolFactory - No Message ID Class For TypeName : DeepCore.GameData.Zone.ZoneEditor.EventTrigger.UnitTransportAction
EventDebugProtocolFactory - No Message ID Class For TypeName : DeepCore.GameData.Zone.ZoneEditor.EventTrigger.UnitPauseAction
EventDebugProtocolFactory - No Message ID Class For TypeName : DeepCore.GameData.Zone.ZoneEditor.EventTrigger.CloneUnitAction
EventDebugProtocolFactory - No Message ID Class For TypeName : DeepCore.GameData.Zone.ZoneEditor.EventTrigger.SummonPetAction
EventDebugProtocolFactory - No Message ID Class For TypeName : DeepCore.GameData.Zone.ZoneEditor.EventTrigger.UnitEscapeAction
EventDebugProtocolFactory - No Message ID Class For TypeName : DeepCore.GameData.Zone.ZoneEditor.EventTrigger.UnitChaosAction
EventDebugProtocolFactory - No Message ID Class For TypeName : DeepCore.GameData.Zone.ZoneEditor.EventTrigger.UnitRebrithAction
EventDebugProtocolFactory - No Message ID Class For TypeName : DeepCore.GameData.Zone.ZoneEditor.EventTrigger.UnitStartRebrithAction
EventDebugProtocolFactory - No Message ID Class For TypeName : DeepCore.GameData.Zone.ZoneEditor.EventTrigger.BuildingRebuildAction
EventDebugProtocolFactory - No Message ID Class For TypeName : DeepCore.GameData.Zone.ZoneEditor.EventTrigger.UnitSetScale
EventDebugProtocolFactory - No Message ID Class For TypeName : DeepCore.GameData.Zone.ZoneEditor.EventTrigger.UnitSetScaleAdd
EventDebugProtocolFactory - No Message ID Class For TypeName : DeepCore.GameData.Zone.ZoneEditor.EventTrigger.UnitGetScale
EventDebugProtocolFactory - No Message ID Class For TypeName : DeepCore.GameData.Zone.ZoneEditor.EventTrigger.UnitBubbleTalk
EventDebugProtocolFactory - No Message ID Class For TypeName : DeepCore.GameData.Zone.ZoneEditor.EventTrigger.UnitBubbleTalkNext
EventDebugProtocolFactory - No Message ID Class For TypeName : DeepCore.GameData.Zone.ZoneEditor.EventTrigger.UnitDoSomething
EventDebugProtocolFactory - No Message ID Class For TypeName : DeepCore.GameData.Zone.ZoneEditor.EventTrigger.EveryForceUnitDoAction
EventDebugProtocolFactory - No Message ID Class For TypeName : DeepCore.GameData.Zone.ZoneEditor.EventTrigger.EveryRangedUnitDoAction
EventDebugProtocolFactory - No Message ID Class For TypeName : DeepCore.GameData.Zone.ZoneEditor.EventTrigger.EveryUnitInRegionDoAction
EventDebugProtocolFactory - No Message ID Class For TypeName : DeepCore.GameData.Zone.ZoneEditor.EventTrigger.EverySpawnedUnitInRegionDoAction
EventDebugProtocolFactory - No Message ID Class For TypeName : DeepCore.GameData.Zone.ZoneEditor.EventTrigger.UnitLaunchSkillAction
EventDebugProtocolFactory - No Message ID Class For TypeName : DeepCore.GameData.Zone.ZoneEditor.EventTrigger.UnitStopSkillAction
EventDebugProtocolFactory - No Message ID Class For TypeName : DeepCore.GameData.Zone.ZoneEditor.EventTrigger.UnitAddBuffAction
EventDebugProtocolFactory - No Message ID Class For TypeName : DeepCore.GameData.Zone.ZoneEditor.EventTrigger.UnitSelfAddBuffAction
EventDebugProtocolFactory - No Message ID Class For TypeName : DeepCore.GameData.Zone.ZoneEditor.EventTrigger.UnitRemoveBuffAction
EventDebugProtocolFactory - No Message ID Class For TypeName : DeepCore.GameData.Zone.ZoneEditor.EventTrigger.UnitCleanBuffAction
EventDebugProtocolFactory - No Message ID Class For TypeName : DeepCore.GameData.Zone.ZoneEditor.EventTrigger.UnitLaunchAuraAction
EventDebugProtocolFactory - No Message ID Class For TypeName : DeepCore.GameData.Zone.ZoneEditor.EventTrigger.UnitRemoveAuraAction
EventDebugProtocolFactory - No Message ID Class For TypeName : DeepCore.GameData.Zone.ZoneEditor.EventTrigger.UnitClearCDAction
EventDebugProtocolFactory - No Message ID Class For TypeName : DeepCore.GameData.Zone.ZoneEditor.EventTrigger.UnitEnterCDAction
EventDebugProtocolFactory - No Message ID Class For TypeName : DeepCore.GameData.Zone.ZoneEditor.EventTrigger.UnitEnterSkillCDAction
EventDebugProtocolFactory - No Message ID Class For TypeName : DeepCore.GameData.Zone.ZoneEditor.EventTrigger.UnitLaunchSpellAction
EventDebugProtocolFactory - No Message ID Class For TypeName : DeepCore.GameData.Zone.ZoneEditor.EventTrigger.UnitLaunchSpellLinesAction
EventDebugProtocolFactory - No Message ID Class For TypeName : DeepCore.GameData.Zone.ZoneEditor.EventTrigger.TriggingSpellTimeTaskAction
EventDebugProtocolFactory - No Message ID Class For TypeName : DeepCore.GameData.Zone.ZoneEditor.EventTrigger.TriggingSpellAddLifeTimeAction
EventDebugProtocolFactory - No Message ID Class For TypeName : DeepCore.GameData.Zone.ZoneEditor.EventTrigger.TriggingSpellChangeSpeedAction
EventDebugProtocolFactory - No Message ID Class For TypeName : DeepCore.GameData.Zone.ZoneEditor.EventTrigger.UnitSetNoneBlockTimeMS
EventDebugProtocolFactory - No Message ID Class For TypeName : DeepCore.GameData.Zone.ZoneEditor.EventTrigger.UnitSetStunTimeMS
EventDebugProtocolFactory - No Message ID Class For TypeName : DeepCore.GameData.Zone.ZoneEditor.EventTrigger.UnitSetInvisibleTimeMS
EventDebugProtocolFactory - No Message ID Class For TypeName : DeepCore.GameData.Zone.ZoneEditor.EventTrigger.UnitSetInvincibleTimeMS
EventDebugProtocolFactory - No Message ID Class For TypeName : DeepCore.GameData.Zone.ZoneEditor.EventTrigger.UnitSetNoDamageTimeMS
EventDebugProtocolFactory - No Message ID Class For TypeName : DeepCore.GameData.Zone.ZoneEditor.EventTrigger.UnitSetSilentTimeMS
EventDebugProtocolFactory - No Message ID Class For TypeName : DeepCore.GameData.Zone.ZoneEditor.EventTrigger.UnitSetLockTimeMS
EventDebugProtocolFactory - No Message ID Class For TypeName : DeepCore.GameData.Zone.ZoneEditor.EventTrigger.UnitCleanNoneBlockTimeMS
EventDebugProtocolFactory - No Message ID Class For TypeName : DeepCore.GameData.Zone.ZoneEditor.EventTrigger.UnitCleanStunTimeMS
EventDebugProtocolFactory - No Message ID Class For TypeName : DeepCore.GameData.Zone.ZoneEditor.EventTrigger.UnitCleanInvisibleTimeMS
EventDebugProtocolFactory - No Message ID Class For TypeName : DeepCore.GameData.Zone.ZoneEditor.EventTrigger.UnitCleanInvincibleTimeMS
EventDebugProtocolFactory - No Message ID Class For TypeName : DeepCore.GameData.Zone.ZoneEditor.EventTrigger.UnitCleanNoDamageTimeMS
EventDebugProtocolFactory - No Message ID Class For TypeName : DeepCore.GameData.Zone.ZoneEditor.EventTrigger.UnitCleanSilentTimeMS
EventDebugProtocolFactory - No Message ID Class For TypeName : DeepCore.GameData.Zone.ZoneEditor.EventTrigger.UnitCleanLockTimeMS
EventDebugProtocolFactory - No Message ID Class For TypeName : DeepCore.GameData.Zone.ZoneEditor.EventTrigger.GamePauseAction
EventDebugProtocolFactory - No Message ID Class For TypeName : DeepCore.GameData.Zone.ZoneEditor.EventTrigger.GamePauseOnAction
EventDebugProtocolFactory - No Message ID Class For TypeName : DeepCore.GameData.Zone.ZoneEditor.EventTrigger.GamePauseOffAction
EventDebugProtocolFactory - No Message ID Class For TypeName : DeepCore.GameData.Zone.ZoneEditor.EventTrigger.GameTimeScaleAction
EventDebugProtocolFactory - No Message ID Class For TypeName : DeepCore.GameData.Zone.ZoneEditor.EventTrigger.GameOverAction
EventDebugProtocolFactory - No Message ID Class For TypeName : DeepCore.GameData.Zone.ZoneEditor.EventTrigger.GameOverActionVar
EventDebugProtocolFactory - No Message ID Class For TypeName : DeepCore.GameData.Zone.ZoneEditor.EventTrigger.ChangeBGMAction
EventDebugProtocolFactory - No Message ID Class For TypeName : DeepCore.GameData.Zone.ZoneEditor.EventTrigger.EventTriggerActive
EventDebugProtocolFactory - No Message ID Class For TypeName : DeepCore.GameData.Zone.ZoneEditor.EventTrigger.EventTriggerDeactive
EventDebugProtocolFactory - No Message ID Class For TypeName : DeepCore.GameData.Zone.ZoneEditor.EventTrigger.EventGroupTriggerActive
EventDebugProtocolFactory - No Message ID Class For TypeName : DeepCore.GameData.Zone.ZoneEditor.EventTrigger.EventGroupTriggerDeactive
EventDebugProtocolFactory - No Message ID Class For TypeName : DeepCore.GameData.Zone.ZoneEditor.EventTrigger.ZoneBindEventAction
EventDebugProtocolFactory - No Message ID Class For TypeName : DeepCore.GameData.Zone.ZoneEditor.EventTrigger.AddZoneEffect
EventDebugProtocolFactory - No Message ID Class For TypeName : DeepCore.GameData.Zone.ZoneEditor.EventTrigger.AddUnitEffect
EventDebugProtocolFactory - No Message ID Class For TypeName : DeepCore.GameData.Zone.ZoneEditor.EventTrigger.AddItemActionAOI
EventDebugProtocolFactory - No Message ID Class For TypeName : DeepCore.GameData.Zone.ZoneEditor.EventTrigger.AddUnitActionAOI
EventDebugProtocolFactory - No Message ID Class For TypeName : DeepCore.GameData.Zone.ZoneEditor.EventTrigger.PlayerEnterAOI
EventDebugProtocolFactory - No Message ID Class For TypeName : DeepCore.GameData.Zone.ZoneEditor.EventTrigger.PlayerLeaveAOI
EventDebugProtocolFactory - No Message ID Class For TypeName : DeepCore.GameData.Zone.ZoneEditor.EventTrigger.UnitInAOIStatus
EventDebugProtocolFactory - No Message ID Class For TypeName : DeepCore.GameData.Zone.ZoneEditor.EventTrigger.UnitEqualAOIStatus
EventDebugProtocolFactory - No Message ID Class For TypeName : DeepCore.GameData.Zone.ZoneEditor.EventTrigger.UnitAOIOwnerUnit
EventDebugProtocolFactory - No Message ID Class For TypeName : DeepCore.GameData.Zone.ZoneEditor.EventTrigger.GetAOIUnitCount
EventDebugProtocolFactory - No Message ID Class For TypeName : DeepCore.GameData.Zone.ZoneEditor.EventTrigger.GetAOIUnitCountByForce
EventDebugProtocolFactory - No Message ID Class For TypeName : DeepCore.GameData.Zone.ZoneEditor.EventTrigger.GetAOIUnitCountByTemplateID
EventDebugProtocolFactory - No Message ID Class For TypeName : DeepCore.GameData.Zone.ZoneEditor.EventTrigger.GetAOIUnitByTemplateID
EventDebugProtocolFactory - No Message ID Class For TypeName : DeepCore.GameData.Zone.ZoneEditor.EventTrigger.GetAOIUnitByName
EventDebugProtocolFactory - No Message ID Class For TypeName : DeepCore.GameData.Zone.ZoneEditor.EventTrigger.UnitPutCardAction
EventDebugProtocolFactory - No Message ID Class For TypeName : DeepCore.GameData.Zone.ZoneEditor.EventTrigger.BindingUnitCardsChanged
EventDebugProtocolFactory - No Message ID Class For TypeName : DeepCore.GameData.Zone.ZoneEditor.EventTrigger.SpecUnitCardsChanged
EventDebugProtocolFactory - No Message ID Class For TypeName : DeepCore.GameData.Zone.ZoneEditor.EventTrigger.BindingUnitAddCard
EventDebugProtocolFactory - No Message ID Class For TypeName : DeepCore.GameData.Zone.ZoneEditor.EventTrigger.SpecUnitAddCard
EventDebugProtocolFactory - No Message ID Class For TypeName : DeepCore.GameData.Zone.ZoneEditor.EventTrigger.BindingUnitRemoveCard
EventDebugProtocolFactory - No Message ID Class For TypeName : DeepCore.GameData.Zone.ZoneEditor.EventTrigger.SpecUnitRemoveCard
EventDebugProtocolFactory - No Message ID Class For TypeName : DeepCore.GameData.Zone.ZoneEditor.EventTrigger.BindingUnitCardLevelChange
EventDebugProtocolFactory - No Message ID Class For TypeName : DeepCore.GameData.Zone.ZoneEditor.EventTrigger.SpecUnitCardLevelChange
EventDebugProtocolFactory - No Message ID Class For TypeName : DeepCore.GameData.Zone.ZoneEditor.EventTrigger.UnitCardExist
EventDebugProtocolFactory - No Message ID Class For TypeName : DeepCore.GameData.Zone.ZoneEditor.EventTrigger.UnitCardLevel
EventDebugProtocolFactory - No Message ID Class For TypeName : DeepCore.GameData.Zone.ZoneEditor.EventTrigger.IteratingUnit
EventDebugProtocolFactory - No Message ID Class For TypeName : DeepCore.GameData.Zone.ZoneEditor.EventTrigger.SumUnits
EventDebugProtocolFactory - No Message ID Class For TypeName : DeepCore.GameData.Zone.ZoneEditor.EventTrigger.FindUnit
EventDebugProtocolFactory - No Message ID Class For TypeName : DeepCore.GameData.Zone.ZoneEditor.EventTrigger.ForEachUnitsAction
EventDebugProtocolFactory - No Message ID Class For TypeName : DeepCore.GameData.Zone.ZoneEditor.EventTrigger.IteratingItem
EventDebugProtocolFactory - No Message ID Class For TypeName : DeepCore.GameData.Zone.ZoneEditor.EventTrigger.SumItems
EventDebugProtocolFactory - No Message ID Class For TypeName : DeepCore.GameData.Zone.ZoneEditor.EventTrigger.FindItem
EventDebugProtocolFactory - No Message ID Class For TypeName : DeepCore.GameData.Zone.ZoneEditor.EventTrigger.ForEachItemsAction
EventDebugProtocolFactory - No Message ID Class For TypeName : DeepCore.GameData.Zone.ZoneEditor.EventTrigger.IteratingFlag
EventDebugProtocolFactory - No Message ID Class For TypeName : DeepCore.GameData.Zone.ZoneEditor.EventTrigger.SumFlags
EventDebugProtocolFactory - No Message ID Class For TypeName : DeepCore.GameData.Zone.ZoneEditor.EventTrigger.FindFlag
EventDebugProtocolFactory - No Message ID Class For TypeName : DeepCore.GameData.Zone.ZoneEditor.EventTrigger.ForEachFlagsAction
EventDebugProtocolFactory - No Message ID Class For TypeName : DeepCore.GameData.Zone.ZoneEditor.EventTrigger.StateMoveAIAction
EventDebugProtocolFactory - No Message ID Class For TypeName : DeepCore.GameData.Zone.ZoneEditor.EventTrigger.TryMoveScatterTargetAction
EventDebugProtocolFactory - No Message ID Class For TypeName : DeepCore.GameData.Zone.ZoneEditor.EventTrigger.StateIdleMoveAction
EventDebugProtocolFactory - No Message ID Class For TypeName : DeepCore.GameData.Zone.ZoneEditor.EventTrigger.StateFollowAndGuardAction
EventDebugProtocolFactory - No Message ID Class For TypeName : DeepCore.GameData.Zone.ZoneEditor.EventTrigger.StateFollowAndAttackAction
EventDebugProtocolFactory - No Message ID Class For TypeName : DeepCore.GameData.Zone.ZoneEditor.EventTrigger.StateFollowAndPickObjectAction
EventDebugProtocolFactory - No Message ID Class For TypeName : DeepCore.GameData.Zone.ZoneEditor.EventTrigger.StateFollowAndPickItemAction
EventDebugProtocolFactory - No Message ID Class For TypeName : DeepCore.GameData.Zone.ZoneEditor.EventTrigger.StateAttackToZoneWayPointAction
EventDebugProtocolFactory - No Message ID Class For TypeName : DeepCore.GameData.Zone.ZoneEditor.EventTrigger.StateGuardInPositionAction
EventDebugProtocolFactory - No Message ID Class For TypeName : DeepCore.GameData.Zone.ZoneEditor.EventTrigger.StateBackToPositionAction
EventDebugProtocolFactory - No Message ID Class For TypeName : DeepCore.GameData.Zone.ZoneEditor.EventTrigger.NpcAttackToWayPoint
EventDebugProtocolFactory - No Message ID Class For TypeName : DeepCore.GameData.Zone.ZoneEditor.EventTrigger.NpcPatrolWithWayPoint
EventDebugProtocolFactory - No Message ID Class For TypeName : DeepCore.GameData.Zone.ZoneEditor.EventTrigger.NpcFollowAndGuardUnit
EventDebugProtocolFactory - No Message ID Class For TypeName : DeepCore.GameData.Zone.ZoneEditor.EventTrigger.NpcFollowAndAttackUnit
EventDebugProtocolFactory - No Message ID Class For TypeName : DeepCore.GameData.Zone.ZoneEditor.EventTrigger.StateMoveFindPathWayPointAction
EventDebugProtocolFactory - No Message ID Class For TypeName : DeepCore.GameData.Zone.ZoneEditor.EventTrigger.LocalVarUnit
EventDebugProtocolFactory - No Message ID Class For TypeName : DeepCore.GameData.Zone.ZoneEditor.EventTrigger.LocalVarFlag
EventDebugProtocolFactory - No Message ID Class For TypeName : DeepCore.GameData.Zone.ZoneEditor.EventTrigger.LocalVarItem
EventDebugProtocolFactory - No Message ID Class For TypeName : DeepCore.GameData.Zone.ZoneEditor.EventTrigger.LocalVarPosition
EventDebugProtocolFactory - No Message ID Class For TypeName : DeepCore.GameData.Zone.ZoneEditor.EventTrigger.GetLocalAsUnit
EventDebugProtocolFactory - No Message ID Class For TypeName : DeepCore.GameData.Zone.ZoneEditor.EventTrigger.GetLocalAsItem
EventDebugProtocolFactory - No Message ID Class For TypeName : DeepCore.GameData.Zone.ZoneEditor.EventTrigger.GetLocalAsFlag
EventDebugProtocolFactory - No Message ID Class For TypeName : DeepCore.GameData.Zone.ZoneEditor.EventTrigger.GetLocalAsPosition
EventDebugProtocolFactory - No Message ID Class For TypeName : DeepCore.GameData.Zone.ZoneEditor.EventTrigger.GetLocalAsUnitSV
EventDebugProtocolFactory - No Message ID Class For TypeName : DeepCore.GameData.Zone.ZoneEditor.EventTrigger.GetLocalAsItemSV
EventDebugProtocolFactory - No Message ID Class For TypeName : DeepCore.GameData.Zone.ZoneEditor.EventTrigger.GetLocalAsFlagSV
EventDebugProtocolFactory - No Message ID Class For TypeName : DeepCore.GameData.Zone.ZoneEditor.EventTrigger.GetLocalAsPositionSV
EventDebugProtocolFactory - No Message ID Class For TypeName : DeepCore.GameData.Zone.ZoneEditor.EventTrigger.SetLocalAsUnit
EventDebugProtocolFactory - No Message ID Class For TypeName : DeepCore.GameData.Zone.ZoneEditor.EventTrigger.SetLocalAsItem
EventDebugProtocolFactory - No Message ID Class For TypeName : DeepCore.GameData.Zone.ZoneEditor.EventTrigger.SetLocalAsFlag
EventDebugProtocolFactory - No Message ID Class For TypeName : DeepCore.GameData.Zone.ZoneEditor.EventTrigger.SetLocalAsPosition
EventDebugProtocolFactory - No Message ID Class For TypeName : DeepCore.GameData.Zone.ZoneEditor.EventTrigger.SetLocalAsUnitSV
EventDebugProtocolFactory - No Message ID Class For TypeName : DeepCore.GameData.Zone.ZoneEditor.EventTrigger.SetLocalAsItemSV
EventDebugProtocolFactory - No Message ID Class For TypeName : DeepCore.GameData.Zone.ZoneEditor.EventTrigger.SetLocalAsFlagSV
EventDebugProtocolFactory - No Message ID Class For TypeName : DeepCore.GameData.Zone.ZoneEditor.EventTrigger.SetLocalAsPositionSV
EventDebugProtocolFactory - No Message ID Class For TypeName : DeepCore.GameData.Zone.ZoneEditor.EventTrigger.AcceptQuest
EventDebugProtocolFactory - No Message ID Class For TypeName : DeepCore.GameData.Zone.ZoneEditor.EventTrigger.CommitQuest
EventDebugProtocolFactory - No Message ID Class For TypeName : DeepCore.GameData.Zone.ZoneEditor.EventTrigger.DropQuest
EventDebugProtocolFactory - No Message ID Class For TypeName : DeepCore.GameData.Zone.ZoneEditor.EventTrigger.UpdateQuestStatus
EventDebugProtocolFactory - No Message ID Class For TypeName : DeepCore.GameData.Zone.ZoneEditor.EventTrigger.AcceptQuestVar
EventDebugProtocolFactory - No Message ID Class For TypeName : DeepCore.GameData.Zone.ZoneEditor.EventTrigger.CommitQuestVar
EventDebugProtocolFactory - No Message ID Class For TypeName : DeepCore.GameData.Zone.ZoneEditor.EventTrigger.DropQuestVar
EventDebugProtocolFactory - No Message ID Class For TypeName : DeepCore.GameData.Zone.ZoneEditor.EventTrigger.UpdateQuestStatusVar
EventDebugProtocolFactory - No Message ID Class For TypeName : DeepCore.GameData.Zone.ZoneEditor.EventTrigger.OnQuestAccepted
EventDebugProtocolFactory - No Message ID Class For TypeName : DeepCore.GameData.Zone.ZoneEditor.EventTrigger.OnQuestCommitted
EventDebugProtocolFactory - No Message ID Class For TypeName : DeepCore.GameData.Zone.ZoneEditor.EventTrigger.OnQuestDropped
EventDebugProtocolFactory - No Message ID Class For TypeName : DeepCore.GameData.Zone.ZoneEditor.EventTrigger.OnQuestStateUpdated
EventDebugProtocolFactory - No Message ID Class For TypeName : DeepCore.GameData.Zone.ZoneEditor.EventTrigger.TriggingQuestIdentify
EventDebugProtocolFactory - No Message ID Class For TypeName : DeepCore.GameData.Zone.ZoneEditor.EventTrigger.GetQuestField
EventDebugProtocolFactory - No Message ID Class For TypeName : DeepCore.GameData.Zone.ZoneEditor.EventTrigger.GetQuestState
EventDebugProtocolFactory - No Message ID Class For TypeName : DeepCore.GameData.Zone.ZoneEditor.EventTrigger.QuestAccepted
EventDebugProtocolFactory - No Message ID Class For TypeName : DeepCore.GameData.Zone.ZoneEditor.EventTrigger.QuestAcceptedSV
EventDebugProtocolFactory - No Message ID Class For TypeName : DeepCore.GameData.Zone.ZoneEditor.EventTrigger.SetEnvironmentUnit
EventDebugProtocolFactory - No Message ID Class For TypeName : DeepCore.GameData.Zone.ZoneEditor.EventTrigger.SetEnvironmentFlag
EventDebugProtocolFactory - No Message ID Class For TypeName : DeepCore.GameData.Zone.ZoneEditor.EventTrigger.SetEnvironmentItem
EventDebugProtocolFactory - No Message ID Class For TypeName : DeepCore.GameData.Zone.ZoneEditor.EventTrigger.SetEnvironmentPosition
EventDebugProtocolFactory - No Message ID Class For TypeName : DeepCore.GameData.Zone.ZoneEditor.EventTrigger.SetEnvironmentGUI
EventDebugProtocolFactory - No Message ID Class For TypeName : DeepCore.GameData.Zone.ZoneEditor.EventTrigger.SetEnvironmentUnitSV
EventDebugProtocolFactory - No Message ID Class For TypeName : DeepCore.GameData.Zone.ZoneEditor.EventTrigger.SetEnvironmentFlagSV
EventDebugProtocolFactory - No Message ID Class For TypeName : DeepCore.GameData.Zone.ZoneEditor.EventTrigger.SetEnvironmentItemSV
EventDebugProtocolFactory - No Message ID Class For TypeName : DeepCore.GameData.Zone.ZoneEditor.EventTrigger.SetEnvironmentPositionSV
EventDebugProtocolFactory - No Message ID Class For TypeName : DeepCore.GameData.Zone.ZoneEditor.EventTrigger.SetEnvironmentGUISV
EventDebugProtocolFactory - No Message ID Class For TypeName : DeepCore.GameData.Zone.ZoneEditor.EventTrigger.GetEnvironmentAsUnit
EventDebugProtocolFactory - No Message ID Class For TypeName : DeepCore.GameData.Zone.ZoneEditor.EventTrigger.GetEnvironmentAsItem
EventDebugProtocolFactory - No Message ID Class For TypeName : DeepCore.GameData.Zone.ZoneEditor.EventTrigger.GetEnvironmentAsFlag
EventDebugProtocolFactory - No Message ID Class For TypeName : DeepCore.GameData.Zone.ZoneEditor.EventTrigger.GetEnvironmentAsPosition
EventDebugProtocolFactory - No Message ID Class For TypeName : DeepCore.GameData.Zone.ZoneEditor.EventTrigger.GetEnvironmentAsGUI
EventDebugProtocolFactory - No Message ID Class For TypeName : DeepCore.GameData.Zone.ZoneEditor.EventTrigger.GetEnvironmentAsUnitSV
EventDebugProtocolFactory - No Message ID Class For TypeName : DeepCore.GameData.Zone.ZoneEditor.EventTrigger.GetEnvironmentAsItemSV
EventDebugProtocolFactory - No Message ID Class For TypeName : DeepCore.GameData.Zone.ZoneEditor.EventTrigger.GetEnvironmentAsFlagSV
EventDebugProtocolFactory - No Message ID Class For TypeName : DeepCore.GameData.Zone.ZoneEditor.EventTrigger.GetEnvironmentAsPositionSV
EventDebugProtocolFactory - No Message ID Class For TypeName : DeepCore.GameData.Zone.ZoneEditor.EventTrigger.GetEnvironmentAsGUISV
EventDebugProtocolFactory - No Message ID Class For TypeName : DeepCore.GameData.Zone.ZoneEditor.EventTrigger.SpawnTriggerAliveCount
EventDebugProtocolFactory - No Message ID Class For TypeName : DeepCore.GameData.Zone.ZoneEditor.EventTrigger.SpawnTriggerTotalSpawnCount
EventDebugProtocolFactory - No Message ID Class For TypeName : DeepCore.GameData.Zone.ZoneEditor.EventTrigger.SpawnTriggerOnceSpawnCount
EventDebugProtocolFactory - No Message ID Class For TypeName : DeepCore.GameData.Zone.ZoneEditor.EventTrigger.SpawnTriggerLimitedSpawnCount
EventDebugProtocolFactory - No Message ID Class For TypeName : DeepCore.GameData.Zone.ZoneEditor.EventTrigger.SpawnTriggerLimitedAliveCount
EventDebugProtocolFactory - No Message ID Class For TypeName : DeepCore.GameData.Zone.ZoneEditor.EventTrigger.SpawnTriggerIsSpawnOver
EventDebugProtocolFactory - No Message ID Class For TypeName : DeepCore.GameData.Zone.ZoneEditor.EventTrigger.FlagOpenedTrigger
EventDebugProtocolFactory - No Message ID Class For TypeName : DeepCore.GameData.Zone.ZoneEditor.EventTrigger.FlagClosedTrigger
EventDebugProtocolFactory - No Message ID Class For TypeName : DeepCore.GameData.Zone.ZoneEditor.EventTrigger.UnitEnterRegion
EventDebugProtocolFactory - No Message ID Class For TypeName : DeepCore.GameData.Zone.ZoneEditor.EventTrigger.UnitLeaveRegion
EventDebugProtocolFactory - No Message ID Class For TypeName : DeepCore.GameData.Zone.ZoneEditor.EventTrigger.SpawnUnitRegionIsDone
EventDebugProtocolFactory - No Message ID Class For TypeName : DeepCore.GameData.Zone.ZoneEditor.EventTrigger.SpawnUnitRegionSpawned
EventDebugProtocolFactory - No Message ID Class For TypeName : DeepCore.GameData.Zone.ZoneEditor.EventTrigger.UnitEnterRegionOnce
EventDebugProtocolFactory - No Message ID Class For TypeName : DeepCore.GameData.Zone.ZoneEditor.EventTrigger.UnitLeaveRegionOnce
EventDebugProtocolFactory - No Message ID Class For TypeName : DeepCore.GameData.Zone.ZoneEditor.EventTrigger.UnitEnterArea
EventDebugProtocolFactory - No Message ID Class For TypeName : DeepCore.GameData.Zone.ZoneEditor.EventTrigger.UnitLeaveArea
EventDebugProtocolFactory - No Message ID Class For TypeName : DeepCore.GameData.Zone.ZoneEditor.EventTrigger.UnitEnterAreaOnce
EventDebugProtocolFactory - No Message ID Class For TypeName : DeepCore.GameData.Zone.ZoneEditor.EventTrigger.UnitLeaveAreaOnce
EventDebugProtocolFactory - No Message ID Class For TypeName : DeepCore.GameData.Zone.ZoneEditor.EventTrigger.AnyFlagOnTrigger
EventDebugProtocolFactory - No Message ID Class For TypeName : DeepCore.GameData.Zone.ZoneEditor.EventTrigger.AnyFlagOffTrigger
EventDebugProtocolFactory - No Message ID Class For TypeName : DeepCore.GameData.Zone.ZoneEditor.EventTrigger.AnySpawnUnitRegionIsDone
EventDebugProtocolFactory - No Message ID Class For TypeName : DeepCore.GameData.Zone.ZoneEditor.EventTrigger.AnySpawnUnitRegionSpawned
EventDebugProtocolFactory - No Message ID Class For TypeName : DeepCore.GameData.Zone.ZoneEditor.EventTrigger.AnyUnitPassPointTrigger
EventDebugProtocolFactory - No Message ID Class For TypeName : DeepCore.GameData.Zone.ZoneEditor.EventTrigger.AnyUnitHoldOnPointTrigger
EventDebugProtocolFactory - No Message ID Class For TypeName : DeepCore.GameData.Zone.ZoneEditor.EventTrigger.AnyUnitEnterRegion
EventDebugProtocolFactory - No Message ID Class For TypeName : DeepCore.GameData.Zone.ZoneEditor.EventTrigger.AnyUnitLeaveRegion
EventDebugProtocolFactory - No Message ID Class For TypeName : DeepCore.GameData.Zone.ZoneEditor.EventTrigger.AnyUnitEnterArea
EventDebugProtocolFactory - No Message ID Class For TypeName : DeepCore.GameData.Zone.ZoneEditor.EventTrigger.AnyUnitLeaveArea
EventDebugProtocolFactory - No Message ID Class For TypeName : DeepCore.GameData.Zone.ZoneEditor.EventTrigger.AddedItem
EventDebugProtocolFactory - No Message ID Class For TypeName : DeepCore.GameData.Zone.ZoneEditor.EventTrigger.TryUnitPickItem
EventDebugProtocolFactory - No Message ID Class For TypeName : DeepCore.GameData.Zone.ZoneEditor.EventTrigger.TryUnitPickAnyItem
EventDebugProtocolFactory - No Message ID Class For TypeName : DeepCore.GameData.Zone.ZoneEditor.EventTrigger.GenericUnitAdded
EventDebugProtocolFactory - No Message ID Class For TypeName : DeepCore.GameData.Zone.ZoneEditor.EventTrigger.GenericUnitRemoved
EventDebugProtocolFactory - No Message ID Class For TypeName : DeepCore.GameData.Zone.ZoneEditor.EventTrigger.GenericUnitFirstActivated
EventDebugProtocolFactory - No Message ID Class For TypeName : DeepCore.GameData.Zone.ZoneEditor.EventTrigger.GenericUnitActivated
EventDebugProtocolFactory - No Message ID Class For TypeName : DeepCore.GameData.Zone.ZoneEditor.EventTrigger.GenericUnitDamaged
EventDebugProtocolFactory - No Message ID Class For TypeName : DeepCore.GameData.Zone.ZoneEditor.EventTrigger.GenericUnitGotBuff
EventDebugProtocolFactory - No Message ID Class For TypeName : DeepCore.GameData.Zone.ZoneEditor.EventTrigger.GenericUnitDead
EventDebugProtocolFactory - No Message ID Class For TypeName : DeepCore.GameData.Zone.ZoneEditor.EventTrigger.GenericUnitRebirth
EventDebugProtocolFactory - No Message ID Class For TypeName : DeepCore.GameData.Zone.ZoneEditor.EventTrigger.GenericUnitGotItem
EventDebugProtocolFactory - No Message ID Class For TypeName : DeepCore.GameData.Zone.ZoneEditor.EventTrigger.GenericUnitLostItem
EventDebugProtocolFactory - No Message ID Class For TypeName : DeepCore.GameData.Zone.ZoneEditor.EventTrigger.GenericUnitGotIZoneItem
EventDebugProtocolFactory - No Message ID Class For TypeName : DeepCore.GameData.Zone.ZoneEditor.EventTrigger.GenericUnitUseItem
EventDebugProtocolFactory - No Message ID Class For TypeName : DeepCore.GameData.Zone.ZoneEditor.EventTrigger.GenericUnitPickUnit
EventDebugProtocolFactory - No Message ID Class For TypeName : DeepCore.GameData.Zone.ZoneEditor.EventTrigger.GenericPlayReady
EventDebugProtocolFactory - No Message ID Class For TypeName : DeepCore.GameData.Zone.ZoneEditor.EventTrigger.GenericUnitLaunchAura
EventDebugProtocolFactory - No Message ID Class For TypeName : DeepCore.GameData.Zone.ZoneEditor.EventTrigger.GenericUnitEnterAura
EventDebugProtocolFactory - No Message ID Class For TypeName : DeepCore.GameData.Zone.ZoneEditor.EventTrigger.GenericUnitLeaveAura
EventDebugProtocolFactory - No Message ID Class For TypeName : DeepCore.GameData.Zone.ZoneEditor.EventTrigger.GenericUnitLevelUp
EventDebugProtocolFactory - No Message ID Class For TypeName : DeepCore.GameData.Zone.ZoneEditor.EventTrigger.GenericUnitTransport
EventDebugProtocolFactory - No Message ID Class For TypeName : DeepCore.GameData.Zone.ZoneEditor.EventTrigger.UnitLeaveAOI
EventDebugProtocolFactory - No Message ID Class For TypeName : DeepCore.GameData.Zone.ZoneEditor.EventTrigger.UnitEnterAOI
EventDebugProtocolFactory - No Message ID Class For TypeName : DeepCore.GameData.Zone.ZoneEditor.EventTrigger.UnitSwapZoneInfoFlag
EventDebugProtocolFactory - No Message ID Class For TypeName : DeepCore.GameData.Zone.ZoneEditor.EventTrigger.SpecifyUnitFirstActivated
EventDebugProtocolFactory - No Message ID Class For TypeName : DeepCore.GameData.Zone.ZoneEditor.EventTrigger.SpecifyUnitActivated
EventDebugProtocolFactory - No Message ID Class For TypeName : DeepCore.GameData.Zone.ZoneEditor.EventTrigger.SpecifyUnitAttack
EventDebugProtocolFactory - No Message ID Class For TypeName : DeepCore.GameData.Zone.ZoneEditor.EventTrigger.SpecifyUnitDamaged
EventDebugProtocolFactory - No Message ID Class For TypeName : DeepCore.GameData.Zone.ZoneEditor.EventTrigger.SpecifyUnitDead
EventDebugProtocolFactory - No Message ID Class For TypeName : DeepCore.GameData.Zone.ZoneEditor.EventTrigger.SpecifyUnitKill
EventDebugProtocolFactory - No Message ID Class For TypeName : DeepCore.GameData.Zone.ZoneEditor.EventTrigger.SpecifyUnitRebirth
EventDebugProtocolFactory - No Message ID Class For TypeName : DeepCore.GameData.Zone.ZoneEditor.EventTrigger.SpecifyUnitGotItem
EventDebugProtocolFactory - No Message ID Class For TypeName : DeepCore.GameData.Zone.ZoneEditor.EventTrigger.SpecifyUnitLostItem
EventDebugProtocolFactory - No Message ID Class For TypeName : DeepCore.GameData.Zone.ZoneEditor.EventTrigger.SpecifyUnitUseItem
EventDebugProtocolFactory - No Message ID Class For TypeName : DeepCore.GameData.Zone.ZoneEditor.EventTrigger.SpecifyUnitGotIZoneItem
EventDebugProtocolFactory - No Message ID Class For TypeName : DeepCore.GameData.Zone.ZoneEditor.EventTrigger.SpecifyUnitGotBuff
EventDebugProtocolFactory - No Message ID Class For TypeName : DeepCore.GameData.Zone.ZoneEditor.EventTrigger.SpecifyUnitLaunchAura
EventDebugProtocolFactory - No Message ID Class For TypeName : DeepCore.GameData.Zone.ZoneEditor.EventTrigger.SpecifyUnitEnterAura
EventDebugProtocolFactory - No Message ID Class For TypeName : DeepCore.GameData.Zone.ZoneEditor.EventTrigger.SpecifyUnitLeaveAura
EventDebugProtocolFactory - No Message ID Class For TypeName : DeepCore.GameData.Zone.ZoneEditor.EventTrigger.SpecifyUnitEnvironmentVarChange
EventDebugProtocolFactory - No Message ID Class For TypeName : DeepCore.GameData.Zone.ZoneEditor.EventTrigger.SpecifyUnitLevelUp
EventDebugProtocolFactory - No Message ID Class For TypeName : DeepCore.GameData.Zone.ZoneEditor.EventTrigger.SpecifyUnitTransport
EventDebugProtocolFactory - No Message ID Class For TypeName : DeepCore.GameData.Zone.ZoneEditor.EventTrigger.SpecifyUnitDoSometing
EventDebugProtocolFactory - No Message ID Class For TypeName : DeepCore.GameData.Zone.ZoneEditor.EventTrigger.BindingUnitFirstActivated
EventDebugProtocolFactory - No Message ID Class For TypeName : DeepCore.GameData.Zone.ZoneEditor.EventTrigger.BindingUnitActivated
EventDebugProtocolFactory - No Message ID Class For TypeName : DeepCore.GameData.Zone.ZoneEditor.EventTrigger.BindingUnitAttack
EventDebugProtocolFactory - No Message ID Class For TypeName : DeepCore.GameData.Zone.ZoneEditor.EventTrigger.BindingUnitDamaged
EventDebugProtocolFactory - No Message ID Class For TypeName : DeepCore.GameData.Zone.ZoneEditor.EventTrigger.BindingUnitDead
EventDebugProtocolFactory - No Message ID Class For TypeName : DeepCore.GameData.Zone.ZoneEditor.EventTrigger.BindingUnitKill
EventDebugProtocolFactory - No Message ID Class For TypeName : DeepCore.GameData.Zone.ZoneEditor.EventTrigger.BindingUnitRebirth
EventDebugProtocolFactory - No Message ID Class For TypeName : DeepCore.GameData.Zone.ZoneEditor.EventTrigger.BindingUnitGotItem
EventDebugProtocolFactory - No Message ID Class For TypeName : DeepCore.GameData.Zone.ZoneEditor.EventTrigger.BindingUnitLostItem
EventDebugProtocolFactory - No Message ID Class For TypeName : DeepCore.GameData.Zone.ZoneEditor.EventTrigger.BindingUnitUseItem
EventDebugProtocolFactory - No Message ID Class For TypeName : DeepCore.GameData.Zone.ZoneEditor.EventTrigger.BindingUnitGotIZoneItem
EventDebugProtocolFactory - No Message ID Class For TypeName : DeepCore.GameData.Zone.ZoneEditor.EventTrigger.BindingUnitGotBuff
EventDebugProtocolFactory - No Message ID Class For TypeName : DeepCore.GameData.Zone.ZoneEditor.EventTrigger.BindingUnitRemoveBuff
EventDebugProtocolFactory - No Message ID Class For TypeName : DeepCore.GameData.Zone.ZoneEditor.EventTrigger.BindingUnitLaunchAura
EventDebugProtocolFactory - No Message ID Class For TypeName : DeepCore.GameData.Zone.ZoneEditor.EventTrigger.BindingUnitEnterAura
EventDebugProtocolFactory - No Message ID Class For TypeName : DeepCore.GameData.Zone.ZoneEditor.EventTrigger.BindingUnitLeaveAura
EventDebugProtocolFactory - No Message ID Class For TypeName : DeepCore.GameData.Zone.ZoneEditor.EventTrigger.BindingUnitLevelUp
EventDebugProtocolFactory - No Message ID Class For TypeName : DeepCore.GameData.Zone.ZoneEditor.EventTrigger.BindingUnitTransport
EventDebugProtocolFactory - No Message ID Class For TypeName : DeepCore.GameData.Zone.ZoneEditor.EventTrigger.BindingUnitTryGetCard
EventDebugProtocolFactory - No Message ID Class For TypeName : DeepCore.GameData.Zone.ZoneEditor.EventTrigger.BindingUnitDoSometing
EventDebugProtocolFactory - No Message ID Class For TypeName : DeepCore.GameData.Zone.ZoneEditor.EventTrigger.GenericUnitLaunchSkill
EventDebugProtocolFactory - No Message ID Class For TypeName : DeepCore.GameData.Zone.ZoneEditor.EventTrigger.GenericUnitOverSkill
EventDebugProtocolFactory - No Message ID Class For TypeName : DeepCore.GameData.Zone.ZoneEditor.EventTrigger.GenericUnitLaunchSpell
EventDebugProtocolFactory - No Message ID Class For TypeName : DeepCore.GameData.Zone.ZoneEditor.EventTrigger.GenericUnitRemoveSpell
EventDebugProtocolFactory - No Message ID Class For TypeName : DeepCore.GameData.Zone.ZoneEditor.EventTrigger.SpecifyUnitLaunchSkill
EventDebugProtocolFactory - No Message ID Class For TypeName : DeepCore.GameData.Zone.ZoneEditor.EventTrigger.SpecifyUnitOverSkill
EventDebugProtocolFactory - No Message ID Class For TypeName : DeepCore.GameData.Zone.ZoneEditor.EventTrigger.SpecifyUnitLaunchSpell
EventDebugProtocolFactory - No Message ID Class For TypeName : DeepCore.GameData.Zone.ZoneEditor.EventTrigger.SpecifyUnitRemoveSpell
EventDebugProtocolFactory - No Message ID Class For TypeName : DeepCore.GameData.Zone.ZoneEditor.EventTrigger.BindingUnitLaunchSkill
EventDebugProtocolFactory - No Message ID Class For TypeName : DeepCore.GameData.Zone.ZoneEditor.EventTrigger.BindingUnitOverSkill
EventDebugProtocolFactory - No Message ID Class For TypeName : DeepCore.GameData.Zone.ZoneEditor.EventTrigger.BindingUnitLaunchSpell
EventDebugProtocolFactory - No Message ID Class For TypeName : DeepCore.GameData.Zone.ZoneEditor.EventTrigger.BindingUnitRemoveSpell
EventDebugProtocolFactory - No Message ID Class For TypeName : DeepCore.GameData.Zone.ZoneEditor.EventTrigger.GenericUnitSpellLaunchSpell
EventDebugProtocolFactory - No Message ID Class For TypeName : DeepCore.GameData.Zone.ZoneEditor.EventTrigger.SpecifyUnitSpellLaunchSpell
EventDebugProtocolFactory - No Message ID Class For TypeName : DeepCore.GameData.Zone.ZoneEditor.EventTrigger.BindingUnitSpellLaunchSpell
EventDebugProtocolFactory - No Message ID Class For TypeName : DeepCore.GameData.Zone.ZoneEditor.EventTrigger.GenericUnitSpellHitted
EventDebugProtocolFactory - No Message ID Class For TypeName : DeepCore.GameData.Zone.ZoneEditor.EventTrigger.SpecifyUnitSpellHitted
EventDebugProtocolFactory - No Message ID Class For TypeName : DeepCore.GameData.Zone.ZoneEditor.EventTrigger.BindingUnitSpellHitted
EventDebugProtocolFactory - No Message ID Class For TypeName : DeepCore.GameData.Zone.ZoneEditor.EventTrigger.GenericUnitSpellFirstHitted
EventDebugProtocolFactory - No Message ID Class For TypeName : DeepCore.GameData.Zone.ZoneEditor.EventTrigger.SpecifyUnitSpellFirstHitted
EventDebugProtocolFactory - No Message ID Class For TypeName : DeepCore.GameData.Zone.ZoneEditor.EventTrigger.BindingUnitSpellFirstHitted
EventDebugProtocolFactory - No Message ID Class For TypeName : DeepCore.GameData.Zone.ZoneEditor.EventTrigger.SceneInitialized
EventDebugProtocolFactory - No Message ID Class For TypeName : DeepCore.GameData.Zone.ZoneEditor.EventTrigger.TimeElapsed
EventDebugProtocolFactory - No Message ID Class For TypeName : DeepCore.GameData.Zone.ZoneEditor.EventTrigger.TimePeriodic
EventDebugProtocolFactory - No Message ID Class For TypeName : DeepCore.GameData.Zone.ZoneEditor.EventTrigger.TimeTask
EventDebugProtocolFactory - No Message ID Class For TypeName : DeepCore.GameData.Zone.ZoneEditor.EventTrigger.ValuedTimeElapsed
EventDebugProtocolFactory - No Message ID Class For TypeName : DeepCore.GameData.Zone.ZoneEditor.EventTrigger.ValuedTimePeriodic
EventDebugProtocolFactory - No Message ID Class For TypeName : DeepCore.GameData.Zone.ZoneEditor.EventTrigger.ValuedTimeTask
EventDebugProtocolFactory - No Message ID Class For TypeName : DeepCore.GameData.Zone.ZoneEditor.EventTrigger.EnvironmentVarChange
EventDebugProtocolFactory - No Message ID Class For TypeName : DeepCore.GameData.Zone.ZoneEditor.EventTrigger.PlayerEnterScene
EventDebugProtocolFactory - No Message ID Class For TypeName : DeepCore.GameData.Zone.ZoneEditor.EventTrigger.SetUnitString
EventDebugProtocolFactory - No Message ID Class For TypeName : DeepCore.GameData.Zone.ZoneEditor.EventTrigger.SetUnitInteger
EventDebugProtocolFactory - No Message ID Class For TypeName : DeepCore.GameData.Zone.ZoneEditor.EventTrigger.SetUnitReal
EventDebugProtocolFactory - No Message ID Class For TypeName : DeepCore.GameData.Zone.ZoneEditor.EventTrigger.SetUnitBool
EventDebugProtocolFactory - No Message ID Class For TypeName : DeepCore.GameData.Zone.ZoneEditor.EventTrigger.SetUnitUnit
EventDebugProtocolFactory - No Message ID Class For TypeName : DeepCore.GameData.Zone.ZoneEditor.EventTrigger.SetUnitFlag
EventDebugProtocolFactory - No Message ID Class For TypeName : DeepCore.GameData.Zone.ZoneEditor.EventTrigger.SetUnitItem
EventDebugProtocolFactory - No Message ID Class For TypeName : DeepCore.GameData.Zone.ZoneEditor.EventTrigger.SetUnitPosition
EventDebugProtocolFactory - No Message ID Class For TypeName : DeepCore.GameData.Zone.ZoneEditor.EventTrigger.SetUnitStringStringValueKey
EventDebugProtocolFactory - No Message ID Class For TypeName : DeepCore.GameData.Zone.ZoneEditor.EventTrigger.SetUnitIntegerStringValueKey
EventDebugProtocolFactory - No Message ID Class For TypeName : DeepCore.GameData.Zone.ZoneEditor.EventTrigger.SetUnitRealStringValueKey
EventDebugProtocolFactory - No Message ID Class For TypeName : DeepCore.GameData.Zone.ZoneEditor.EventTrigger.SetUnitBoolStringValueKey
EventDebugProtocolFactory - No Message ID Class For TypeName : DeepCore.GameData.Zone.ZoneEditor.EventTrigger.SetUnitUnitStringValueKey
EventDebugProtocolFactory - No Message ID Class For TypeName : DeepCore.GameData.Zone.ZoneEditor.EventTrigger.SetUnitFlagStringValueKey
EventDebugProtocolFactory - No Message ID Class For TypeName : DeepCore.GameData.Zone.ZoneEditor.EventTrigger.SetUnitItemStringValueKey
EventDebugProtocolFactory - No Message ID Class For TypeName : DeepCore.GameData.Zone.ZoneEditor.EventTrigger.SetUnitPositionStringValueKey
EventDebugProtocolFactory - No Message ID Class For TypeName : DeepCore.GameData.Zone.ZoneEditor.EventTrigger.PlayerSetString
EventDebugProtocolFactory - No Message ID Class For TypeName : DeepCore.GameData.Zone.ZoneEditor.EventTrigger.PlayerSetInteger
EventDebugProtocolFactory - No Message ID Class For TypeName : DeepCore.GameData.Zone.ZoneEditor.EventTrigger.PlayerSetReal
EventDebugProtocolFactory - No Message ID Class For TypeName : DeepCore.GameData.Zone.ZoneEditor.EventTrigger.PlayerSetBool
EventDebugProtocolFactory - No Message ID Class For TypeName : DeepCore.GameData.Zone.ZoneEditor.EventTrigger.PlayerSetUnit
EventDebugProtocolFactory - No Message ID Class For TypeName : DeepCore.GameData.Zone.ZoneEditor.EventTrigger.PlayerSetFlag
EventDebugProtocolFactory - No Message ID Class For TypeName : DeepCore.GameData.Zone.ZoneEditor.EventTrigger.PlayerSetItem
EventDebugProtocolFactory - No Message ID Class For TypeName : DeepCore.GameData.Zone.ZoneEditor.EventTrigger.PlayerSetPosition
EventDebugProtocolFactory - No Message ID Class For TypeName : DeepCore.GameData.Zone.ZoneEditor.EventTrigger.GetUnitAsString
EventDebugProtocolFactory - No Message ID Class For TypeName : DeepCore.GameData.Zone.ZoneEditor.EventTrigger.GetUnitAsInteger
EventDebugProtocolFactory - No Message ID Class For TypeName : DeepCore.GameData.Zone.ZoneEditor.EventTrigger.GetUnitAsReal
EventDebugProtocolFactory - No Message ID Class For TypeName : DeepCore.GameData.Zone.ZoneEditor.EventTrigger.GetUnitAsBoolean
EventDebugProtocolFactory - No Message ID Class For TypeName : DeepCore.GameData.Zone.ZoneEditor.EventTrigger.GetUnitAsUnit
EventDebugProtocolFactory - No Message ID Class For TypeName : DeepCore.GameData.Zone.ZoneEditor.EventTrigger.GetUnitAsItem
EventDebugProtocolFactory - No Message ID Class For TypeName : DeepCore.GameData.Zone.ZoneEditor.EventTrigger.GetUnitAsFlag
EventDebugProtocolFactory - No Message ID Class For TypeName : DeepCore.GameData.Zone.ZoneEditor.EventTrigger.GetUnitAsPosition
EventDebugProtocolFactory - No Message ID Class For TypeName : DeepCore.GameData.Zone.ZoneEditor.EventTrigger.GetUnitAsStringStringValueKey
EventDebugProtocolFactory - No Message ID Class For TypeName : DeepCore.GameData.Zone.ZoneEditor.EventTrigger.GetUnitAsIntegerStringValueKey
EventDebugProtocolFactory - No Message ID Class For TypeName : DeepCore.GameData.Zone.ZoneEditor.EventTrigger.GetUnitAsRealStringValueKey
EventDebugProtocolFactory - No Message ID Class For TypeName : DeepCore.GameData.Zone.ZoneEditor.EventTrigger.GetUnitAsBooleanStringValueKey
EventDebugProtocolFactory - No Message ID Class For TypeName : DeepCore.GameData.Zone.ZoneEditor.EventTrigger.GetUnitAsUnitStringValueKey
EventDebugProtocolFactory - No Message ID Class For TypeName : DeepCore.GameData.Zone.ZoneEditor.EventTrigger.GetUnitAsItemStringValueKey
EventDebugProtocolFactory - No Message ID Class For TypeName : DeepCore.GameData.Zone.ZoneEditor.EventTrigger.GetUnitAsFlagStringValueKey
EventDebugProtocolFactory - No Message ID Class For TypeName : DeepCore.GameData.Zone.ZoneEditor.EventTrigger.GetUnitAsPositionStringValueKey
EventDebugProtocolFactory - No Message ID Class For TypeName : DeepCore.GameData.Zone.ZoneEditor.EventTrigger.GetPlayerAsStringStringValueKey
EventDebugProtocolFactory - No Message ID Class For TypeName : DeepCore.GameData.Zone.ZoneEditor.EventTrigger.GetPlayerAsIntegerStringValueKey
EventDebugProtocolFactory - No Message ID Class For TypeName : DeepCore.GameData.Zone.ZoneEditor.EventTrigger.GetPlayerAsRealStringValueKey
EventDebugProtocolFactory - No Message ID Class For TypeName : DeepCore.GameData.Zone.ZoneEditor.EventTrigger.GetPlayerAsBooleanStringValueKey
EventDebugProtocolFactory - No Message ID Class For TypeName : DeepCore.GameData.Zone.ZoneEditor.EventTrigger.GetPlayerAsUnitStringValueKey
EventDebugProtocolFactory - No Message ID Class For TypeName : DeepCore.GameData.Zone.ZoneEditor.EventTrigger.GetPlayerAsItemStringValueKey
EventDebugProtocolFactory - No Message ID Class For TypeName : DeepCore.GameData.Zone.ZoneEditor.EventTrigger.GetPlayerAsFlagStringValueKey
EventDebugProtocolFactory - No Message ID Class For TypeName : DeepCore.GameData.Zone.ZoneEditor.EventTrigger.GetPlayerAsPositionStringValueKey
EventDebugProtocolFactory - No Message ID Class For TypeName : DeepCore.GameData.Zone.ZoneEditor.EventTrigger.TriggingAttackDamage
EventDebugProtocolFactory - No Message ID Class For TypeName : DeepCore.GameData.Zone.ZoneEditor.EventTrigger.TriggingAttackFromSkill
EventDebugProtocolFactory - No Message ID Class For TypeName : DeepCore.GameData.Zone.ZoneEditor.EventTrigger.TriggingAttackFromSourceSkill
EventDebugProtocolFactory - No Message ID Class For TypeName : DeepCore.GameData.Zone.ZoneEditor.EventTrigger.TriggingAttackFromSpell
EventDebugProtocolFactory - No Message ID Class For TypeName : DeepCore.GameData.Zone.ZoneEditor.EventTrigger.TriggingAttackFromBuff
EventDebugProtocolFactory - No Message ID Class For TypeName : DeepCore.GameData.Zone.ZoneEditor.EventTrigger.TriggingAttackOutHitted
EventDebugProtocolFactory - No Message ID Class For TypeName : DeepCore.GameData.Zone.ZoneEditor.EventTrigger.TriggingAttackOutIsDamage
EventDebugProtocolFactory - No Message ID Class For TypeName : DeepCore.GameData.Zone.ZoneEditor.EventTrigger.TriggingAttackOutIsCrush
EventDebugProtocolFactory - No Message ID Class For TypeName : DeepCore.GameData.Zone.ZoneEditor.EventTrigger.TriggingAttackOutIsCritical
EventDebugProtocolFactory - No Message ID Class For TypeName : DeepCore.GameData.Zone.ZoneEditor.EventTrigger.TriggingAttackOutHasFly
EventDebugProtocolFactory - No Message ID Class For TypeName : DeepCore.GameData.Zone.ZoneEditor.EventTrigger.TriggingAttackOutHasKnockDown
EventDebugProtocolFactory - No Message ID Class For TypeName : DeepCore.GameData.Zone.ZoneEditor.EventTrigger.TriggingAttackOutKnockDownTimeMS
EventDebugProtocolFactory - No Message ID Class For TypeName : DeepCore.GameData.Zone.ZoneEditor.EventTrigger.TriggingAttackOutCanWhiplashDeadBody
EventDebugProtocolFactory - No Message ID Class For TypeName : DeepCore.GameData.Zone.ZoneEditor.EventTrigger.TriggingAttackOutWeight
EventDebugProtocolFactory - No Message ID Class For TypeName : DeepCore.GameData.Zone.ZoneEditor.EventTrigger.TriggingAttackOutReducedHP
EventDebugProtocolFactory - No Message ID Class For TypeName : DeepCore.GameData.Zone.ZoneEditor.EventTrigger.TriggingAttackOutClientState
EventDebugProtocolFactory - No Message ID Class For TypeName : DeepCore.GameData.Zone.ZoneEditor.EventTrigger.TriggingSpellChainLevel
EventDebugProtocolFactory - No Message ID Class For TypeName : DeepCore.GameData.Zone.ZoneEditor.EventTrigger.TriggingChainLevel
EventDebugProtocolFactory - No Message ID Class For TypeName : DeepCore.GameData.Zone.ZoneEditor.EventTrigger.TriggingChainLastTarget
EventDebugProtocolFactory - No Message ID Class For TypeName : DeepCore.GameData.Zone.ZoneEditor.EventTrigger.TriggingChainHasNextChain
EventDebugProtocolFactory - No Message ID Class For TypeName : DeepCore.GameData.Zone.ZoneEditor.EventTrigger.TriggingBuffOverlay
EventDebugProtocolFactory - No Message ID Class For TypeName : DeepCore.GameData.Zone.ZoneEditor.EventTrigger.ConfigFieldStringValue
EventDebugProtocolFactory - No Message ID Class For TypeName : DeepCore.GameData.Zone.ZoneEditor.EventTrigger.ConfigFieldIntegerValue
EventDebugProtocolFactory - No Message ID Class For TypeName : DeepCore.GameData.Zone.ZoneEditor.EventTrigger.ConfigFieldRealValue
EventDebugProtocolFactory - No Message ID Class For TypeName : DeepCore.GameData.Zone.ZoneEditor.EventTrigger.ConfigFieldIntegerValue64
EventDebugProtocolFactory - No Message ID Class For TypeName : DeepCore.GameData.Zone.ZoneEditor.EventTrigger.ConfigFieldRealValue64
EventDebugProtocolFactory - No Message ID Class For TypeName : DeepCore.GameData.Zone.ZoneEditor.EventTrigger.ConfigFieldBoolValue
EventDebugProtocolFactory - No Message ID Class For TypeName : DeepCore.GameData.Zone.ZoneEditor.EventTrigger.ZoneFieldStringValue
EventDebugProtocolFactory - No Message ID Class For TypeName : DeepCore.GameData.Zone.ZoneEditor.EventTrigger.ZoneFieldIntegerValue
EventDebugProtocolFactory - No Message ID Class For TypeName : DeepCore.GameData.Zone.ZoneEditor.EventTrigger.ZoneFieldLongValue
EventDebugProtocolFactory - No Message ID Class For TypeName : DeepCore.GameData.Zone.ZoneEditor.EventTrigger.ZoneFieldRealValue
EventDebugProtocolFactory - No Message ID Class For TypeName : DeepCore.GameData.Zone.ZoneEditor.EventTrigger.ZoneFieldDoubleValue
EventDebugProtocolFactory - No Message ID Class For TypeName : DeepCore.GameData.Zone.ZoneEditor.EventTrigger.ZoneFieldBoolValue
EventDebugProtocolFactory - No Message ID Class For TypeName : DeepCore.GameData.Zone.ZoneEditor.EventTrigger.UnitFieldStringValue
EventDebugProtocolFactory - No Message ID Class For TypeName : DeepCore.GameData.Zone.ZoneEditor.EventTrigger.UnitFieldIntegerValue
EventDebugProtocolFactory - No Message ID Class For TypeName : DeepCore.GameData.Zone.ZoneEditor.EventTrigger.UnitFieldRealValue
EventDebugProtocolFactory - No Message ID Class For TypeName : DeepCore.GameData.Zone.ZoneEditor.EventTrigger.UnitFieldLongValue
EventDebugProtocolFactory - No Message ID Class For TypeName : DeepCore.GameData.Zone.ZoneEditor.EventTrigger.UnitFieldDoubleValue
EventDebugProtocolFactory - No Message ID Class For TypeName : DeepCore.GameData.Zone.ZoneEditor.EventTrigger.UnitFieldBoolValue
EventDebugProtocolFactory - No Message ID Class For TypeName : DeepCore.GameData.Zone.ZoneEditor.EventTrigger.ItemFieldStringValue
EventDebugProtocolFactory - No Message ID Class For TypeName : DeepCore.GameData.Zone.ZoneEditor.EventTrigger.ItemFieldIntegerValue
EventDebugProtocolFactory - No Message ID Class For TypeName : DeepCore.GameData.Zone.ZoneEditor.EventTrigger.ItemFieldRealValue
EventDebugProtocolFactory - No Message ID Class For TypeName : DeepCore.GameData.Zone.ZoneEditor.EventTrigger.ItemFieldLongValue
EventDebugProtocolFactory - No Message ID Class For TypeName : DeepCore.GameData.Zone.ZoneEditor.EventTrigger.ItemFieldDoubleValue
EventDebugProtocolFactory - No Message ID Class For TypeName : DeepCore.GameData.Zone.ZoneEditor.EventTrigger.ItemFieldBoolValue
EventDebugProtocolFactory - No Message ID Class For TypeName : DeepCore.GameData.Zone.ZoneEditor.EventTrigger.SceneTemplateFieldStringValue
EventDebugProtocolFactory - No Message ID Class For TypeName : DeepCore.GameData.Zone.ZoneEditor.EventTrigger.SceneTemplateFieldIntegerValue
EventDebugProtocolFactory - No Message ID Class For TypeName : DeepCore.GameData.Zone.ZoneEditor.EventTrigger.SceneTemplateFieldRealValue
EventDebugProtocolFactory - No Message ID Class For TypeName : DeepCore.GameData.Zone.ZoneEditor.EventTrigger.SceneTemplateFieldLongValue
EventDebugProtocolFactory - No Message ID Class For TypeName : DeepCore.GameData.Zone.ZoneEditor.EventTrigger.SceneTemplateFieldDoubleValue
EventDebugProtocolFactory - No Message ID Class For TypeName : DeepCore.GameData.Zone.ZoneEditor.EventTrigger.SceneTemplateFieldBoolValue
EventDebugProtocolFactory - No Message ID Class For TypeName : DeepCore.GameData.Zone.ZoneEditor.EventTrigger.UnitTemplateFieldStringValue
EventDebugProtocolFactory - No Message ID Class For TypeName : DeepCore.GameData.Zone.ZoneEditor.EventTrigger.UnitTemplateFieldIntegerValue
EventDebugProtocolFactory - No Message ID Class For TypeName : DeepCore.GameData.Zone.ZoneEditor.EventTrigger.UnitTemplateFieldRealValue
EventDebugProtocolFactory - No Message ID Class For TypeName : DeepCore.GameData.Zone.ZoneEditor.EventTrigger.UnitTemplateFieldIntegerValue64
EventDebugProtocolFactory - No Message ID Class For TypeName : DeepCore.GameData.Zone.ZoneEditor.EventTrigger.UnitTemplateFieldRealValue64
EventDebugProtocolFactory - No Message ID Class For TypeName : DeepCore.GameData.Zone.ZoneEditor.EventTrigger.UnitTemplateFieldBoolValue
EventDebugProtocolFactory - No Message ID Class For TypeName : DeepCore.GameData.Zone.ZoneEditor.EventTrigger.ItemTemplateFieldStringValue
EventDebugProtocolFactory - No Message ID Class For TypeName : DeepCore.GameData.Zone.ZoneEditor.EventTrigger.ItemTemplateFieldIntegerValue
EventDebugProtocolFactory - No Message ID Class For TypeName : DeepCore.GameData.Zone.ZoneEditor.EventTrigger.ItemTemplateFieldRealValue
EventDebugProtocolFactory - No Message ID Class For TypeName : DeepCore.GameData.Zone.ZoneEditor.EventTrigger.ItemTemplateFieldIntegerValue64
EventDebugProtocolFactory - No Message ID Class For TypeName : DeepCore.GameData.Zone.ZoneEditor.EventTrigger.ItemTemplateFieldRealValue64
EventDebugProtocolFactory - No Message ID Class For TypeName : DeepCore.GameData.Zone.ZoneEditor.EventTrigger.ItemTemplateFieldBoolValue
EventDebugProtocolFactory - No Message ID Class For TypeName : DeepCore.GameData.Zone.ZoneEditor.EventTrigger.SkillTemplateFieldStringValue
EventDebugProtocolFactory - No Message ID Class For TypeName : DeepCore.GameData.Zone.ZoneEditor.EventTrigger.SkillTemplateFieldIntegerValue
EventDebugProtocolFactory - No Message ID Class For TypeName : DeepCore.GameData.Zone.ZoneEditor.EventTrigger.SkillTemplateFieldRealValue
EventDebugProtocolFactory - No Message ID Class For TypeName : DeepCore.GameData.Zone.ZoneEditor.EventTrigger.SkillTemplateFieldIntegerValue64
EventDebugProtocolFactory - No Message ID Class For TypeName : DeepCore.GameData.Zone.ZoneEditor.EventTrigger.SkillTemplateFieldRealValue64
EventDebugProtocolFactory - No Message ID Class For TypeName : DeepCore.GameData.Zone.ZoneEditor.EventTrigger.SkillTemplateFieldBoolValue
EventDebugProtocolFactory - No Message ID Class For TypeName : DeepCore.GameData.Zone.ZoneEditor.EventTrigger.SpellTemplateFieldStringValue
EventDebugProtocolFactory - No Message ID Class For TypeName : DeepCore.GameData.Zone.ZoneEditor.EventTrigger.SpellTemplateFieldIntegerValue
EventDebugProtocolFactory - No Message ID Class For TypeName : DeepCore.GameData.Zone.ZoneEditor.EventTrigger.SpellTemplateFieldRealValue
EventDebugProtocolFactory - No Message ID Class For TypeName : DeepCore.GameData.Zone.ZoneEditor.EventTrigger.SpellTemplateFieldIntegerValue64
EventDebugProtocolFactory - No Message ID Class For TypeName : DeepCore.GameData.Zone.ZoneEditor.EventTrigger.SpellTemplateFieldRealValue64
EventDebugProtocolFactory - No Message ID Class For TypeName : DeepCore.GameData.Zone.ZoneEditor.EventTrigger.SpellTemplateFieldBoolValue
EventDebugProtocolFactory - No Message ID Class For TypeName : DeepCore.GameData.Zone.ZoneEditor.EventTrigger.BuffTemplateFieldStringValue
EventDebugProtocolFactory - No Message ID Class For TypeName : DeepCore.GameData.Zone.ZoneEditor.EventTrigger.BuffTemplateFieldIntegerValue
EventDebugProtocolFactory - No Message ID Class For TypeName : DeepCore.GameData.Zone.ZoneEditor.EventTrigger.BuffTemplateFieldRealValue
EventDebugProtocolFactory - No Message ID Class For TypeName : DeepCore.GameData.Zone.ZoneEditor.EventTrigger.BuffTemplateFieldIntegerValue64
EventDebugProtocolFactory - No Message ID Class For TypeName : DeepCore.GameData.Zone.ZoneEditor.EventTrigger.BuffTemplateFieldRealValue64
EventDebugProtocolFactory - No Message ID Class For TypeName : DeepCore.GameData.Zone.ZoneEditor.EventTrigger.BuffTemplateFieldBoolValue
EventDebugProtocolFactory - No Message ID Class For TypeName : DeepCore.GameData.Zone.ZoneEditor.EventTrigger.AuraTemplateFieldStringValue
EventDebugProtocolFactory - No Message ID Class For TypeName : DeepCore.GameData.Zone.ZoneEditor.EventTrigger.AuraTemplateFieldIntegerValue
EventDebugProtocolFactory - No Message ID Class For TypeName : DeepCore.GameData.Zone.ZoneEditor.EventTrigger.AuraTemplateFieldRealValue
EventDebugProtocolFactory - No Message ID Class For TypeName : DeepCore.GameData.Zone.ZoneEditor.EventTrigger.AuraTemplateFieldIntegerValue64
EventDebugProtocolFactory - No Message ID Class For TypeName : DeepCore.GameData.Zone.ZoneEditor.EventTrigger.AuraTemplateFieldRealValue64
EventDebugProtocolFactory - No Message ID Class For TypeName : DeepCore.GameData.Zone.ZoneEditor.EventTrigger.AuraTemplateFieldBoolValue
EventDebugProtocolFactory - No Message ID Class For TypeName : DeepCore.GameData.Zone.ZoneEditor.EventTrigger.ExtConfigFieldStringValue
EventDebugProtocolFactory - No Message ID Class For TypeName : DeepCore.GameData.Zone.ZoneEditor.EventTrigger.ExtConfigFieldIntegerValue
EventDebugProtocolFactory - No Message ID Class For TypeName : DeepCore.GameData.Zone.ZoneEditor.EventTrigger.ExtConfigFieldRealValue
EventDebugProtocolFactory - No Message ID Class For TypeName : DeepCore.GameData.Zone.ZoneEditor.EventTrigger.ExtConfigFieldIntegerValue64
EventDebugProtocolFactory - No Message ID Class For TypeName : DeepCore.GameData.Zone.ZoneEditor.EventTrigger.ExtConfigFieldRealValue64
EventDebugProtocolFactory - No Message ID Class For TypeName : DeepCore.GameData.Zone.ZoneEditor.EventTrigger.ExtConfigFieldBoolValue
EventDebugProtocolFactory - No Message ID Class For TypeName : DeepCore.GameData.Zone.ZoneEditor.EventTrigger.ZonePropertiesFieldStringValue
EventDebugProtocolFactory - No Message ID Class For TypeName : DeepCore.GameData.Zone.ZoneEditor.EventTrigger.ZonePropertiesFieldIntegerValue
EventDebugProtocolFactory - No Message ID Class For TypeName : DeepCore.GameData.Zone.ZoneEditor.EventTrigger.ZonePropertiesFieldRealValue
EventDebugProtocolFactory - No Message ID Class For TypeName : DeepCore.GameData.Zone.ZoneEditor.EventTrigger.ZonePropertiesFieldIntegerValue64
EventDebugProtocolFactory - No Message ID Class For TypeName : DeepCore.GameData.Zone.ZoneEditor.EventTrigger.ZonePropertiesFieldRealValue64
EventDebugProtocolFactory - No Message ID Class For TypeName : DeepCore.GameData.Zone.ZoneEditor.EventTrigger.ZonePropertiesFieldBoolValue
EventDebugProtocolFactory - No Message ID Class For TypeName : DeepCore.GameData.Zone.ZoneEditor.EventTrigger.UnitPropertiesFieldStringValue
EventDebugProtocolFactory - No Message ID Class For TypeName : DeepCore.GameData.Zone.ZoneEditor.EventTrigger.UnitPropertiesFieldIntegerValue
EventDebugProtocolFactory - No Message ID Class For TypeName : DeepCore.GameData.Zone.ZoneEditor.EventTrigger.UnitPropertiesFieldRealValue
EventDebugProtocolFactory - No Message ID Class For TypeName : DeepCore.GameData.Zone.ZoneEditor.EventTrigger.UnitPropertiesFieldIntegerValue64
EventDebugProtocolFactory - No Message ID Class For TypeName : DeepCore.GameData.Zone.ZoneEditor.EventTrigger.UnitPropertiesFieldRealValue64
EventDebugProtocolFactory - No Message ID Class For TypeName : DeepCore.GameData.Zone.ZoneEditor.EventTrigger.UnitPropertiesFieldBoolValue
EventDebugProtocolFactory - No Message ID Class For TypeName : DeepCore.GameData.Zone.ZoneEditor.EventTrigger.ItemPropertiesFieldStringValue
EventDebugProtocolFactory - No Message ID Class For TypeName : DeepCore.GameData.Zone.ZoneEditor.EventTrigger.ItemPropertiesFieldIntegerValue
EventDebugProtocolFactory - No Message ID Class For TypeName : DeepCore.GameData.Zone.ZoneEditor.EventTrigger.ItemPropertiesFieldRealValue
EventDebugProtocolFactory - No Message ID Class For TypeName : DeepCore.GameData.Zone.ZoneEditor.EventTrigger.ItemPropertiesFieldIntegerValue64
EventDebugProtocolFactory - No Message ID Class For TypeName : DeepCore.GameData.Zone.ZoneEditor.EventTrigger.ItemPropertiesFieldRealValue64
EventDebugProtocolFactory - No Message ID Class For TypeName : DeepCore.GameData.Zone.ZoneEditor.EventTrigger.ItemPropertiesFieldBoolValue
EventDebugProtocolFactory - No Message ID Class For TypeName : DeepCore.GameData.Zone.ZoneEditor.EventTrigger.SkillPropertiesFieldStringValue
EventDebugProtocolFactory - No Message ID Class For TypeName : DeepCore.GameData.Zone.ZoneEditor.EventTrigger.SkillPropertiesFieldIntegerValue
EventDebugProtocolFactory - No Message ID Class For TypeName : DeepCore.GameData.Zone.ZoneEditor.EventTrigger.SkillPropertiesFieldRealValue
EventDebugProtocolFactory - No Message ID Class For TypeName : DeepCore.GameData.Zone.ZoneEditor.EventTrigger.SkillPropertiesFieldIntegerValue64
EventDebugProtocolFactory - No Message ID Class For TypeName : DeepCore.GameData.Zone.ZoneEditor.EventTrigger.SkillPropertiesFieldRealValue64
EventDebugProtocolFactory - No Message ID Class For TypeName : DeepCore.GameData.Zone.ZoneEditor.EventTrigger.SkillPropertiesFieldBoolValue
EventDebugProtocolFactory - No Message ID Class For TypeName : DeepCore.GameData.Zone.ZoneEditor.EventTrigger.SpellPropertiesFieldStringValue
EventDebugProtocolFactory - No Message ID Class For TypeName : DeepCore.GameData.Zone.ZoneEditor.EventTrigger.SpellPropertiesFieldIntegerValue
EventDebugProtocolFactory - No Message ID Class For TypeName : DeepCore.GameData.Zone.ZoneEditor.EventTrigger.SpellPropertiesFieldRealValue
EventDebugProtocolFactory - No Message ID Class For TypeName : DeepCore.GameData.Zone.ZoneEditor.EventTrigger.SpellPropertiesFieldIntegerValue64
EventDebugProtocolFactory - No Message ID Class For TypeName : DeepCore.GameData.Zone.ZoneEditor.EventTrigger.SpellPropertiesFieldRealValue64
EventDebugProtocolFactory - No Message ID Class For TypeName : DeepCore.GameData.Zone.ZoneEditor.EventTrigger.SpellPropertiesFieldBoolValue
EventDebugProtocolFactory - No Message ID Class For TypeName : DeepCore.GameData.Zone.ZoneEditor.EventTrigger.BuffPropertiesFieldStringValue
EventDebugProtocolFactory - No Message ID Class For TypeName : DeepCore.GameData.Zone.ZoneEditor.EventTrigger.BuffPropertiesFieldIntegerValue
EventDebugProtocolFactory - No Message ID Class For TypeName : DeepCore.GameData.Zone.ZoneEditor.EventTrigger.BuffPropertiesFieldRealValue
EventDebugProtocolFactory - No Message ID Class For TypeName : DeepCore.GameData.Zone.ZoneEditor.EventTrigger.BuffPropertiesFieldIntegerValue64
EventDebugProtocolFactory - No Message ID Class For TypeName : DeepCore.GameData.Zone.ZoneEditor.EventTrigger.BuffPropertiesFieldRealValue64
EventDebugProtocolFactory - No Message ID Class For TypeName : DeepCore.GameData.Zone.ZoneEditor.EventTrigger.BuffPropertiesFieldBoolValue
EventDebugProtocolFactory - No Message ID Class For TypeName : DeepCore.GameData.Zone.ZoneEditor.EventTrigger.AuraPropertiesFieldStringValue
EventDebugProtocolFactory - No Message ID Class For TypeName : DeepCore.GameData.Zone.ZoneEditor.EventTrigger.AuraPropertiesFieldIntegerValue
EventDebugProtocolFactory - No Message ID Class For TypeName : DeepCore.GameData.Zone.ZoneEditor.EventTrigger.AuraPropertiesFieldRealValue
EventDebugProtocolFactory - No Message ID Class For TypeName : DeepCore.GameData.Zone.ZoneEditor.EventTrigger.AuraPropertiesFieldIntegerValue64
EventDebugProtocolFactory - No Message ID Class For TypeName : DeepCore.GameData.Zone.ZoneEditor.EventTrigger.AuraPropertiesFieldRealValue64
EventDebugProtocolFactory - No Message ID Class For TypeName : DeepCore.GameData.Zone.ZoneEditor.EventTrigger.AuraPropertiesFieldBoolValue
EventDebugProtocolFactory - No Message ID Class For TypeName : DeepCore.GameData.Zone.ZoneEditor.EventTrigger.BuffTemplateComparison
EventDebugProtocolFactory - No Message ID Class For TypeName : DeepCore.GameData.Zone.ZoneEditor.EventTrigger.BuffTemplateID
EventDebugProtocolFactory - No Message ID Class For TypeName : DeepCore.GameData.Zone.ZoneEditor.EventTrigger.ValueBuffTemplateID
EventDebugProtocolFactory - No Message ID Class For TypeName : DeepCore.GameData.Zone.ZoneEditor.EventTrigger.ItemTemplateComparison
EventDebugProtocolFactory - No Message ID Class For TypeName : DeepCore.GameData.Zone.ZoneEditor.EventTrigger.ItemTemplateID
EventDebugProtocolFactory - No Message ID Class For TypeName : DeepCore.GameData.Zone.ZoneEditor.EventTrigger.ValueItemTemplateID
EventDebugProtocolFactory - No Message ID Class For TypeName : DeepCore.GameData.Zone.ZoneEditor.EventTrigger.IZoneItemTemplateID
EventDebugProtocolFactory - No Message ID Class For TypeName : DeepCore.GameData.Zone.ZoneEditor.EventTrigger.SkillTemplateComparison
EventDebugProtocolFactory - No Message ID Class For TypeName : DeepCore.GameData.Zone.ZoneEditor.EventTrigger.TriggingSkillTemplateComparison
EventDebugProtocolFactory - No Message ID Class For TypeName : DeepCore.GameData.Zone.ZoneEditor.EventTrigger.SkillTemplateID
EventDebugProtocolFactory - No Message ID Class For TypeName : DeepCore.GameData.Zone.ZoneEditor.EventTrigger.ValueSkillTemplateID
EventDebugProtocolFactory - No Message ID Class For TypeName : DeepCore.GameData.Zone.ZoneEditor.EventTrigger.SpellTemplateComparison
EventDebugProtocolFactory - No Message ID Class For TypeName : DeepCore.GameData.Zone.ZoneEditor.EventTrigger.TriggingSpellTemplateComparison
EventDebugProtocolFactory - No Message ID Class For TypeName : DeepCore.GameData.Zone.ZoneEditor.EventTrigger.SpellTemplateID
EventDebugProtocolFactory - No Message ID Class For TypeName : DeepCore.GameData.Zone.ZoneEditor.EventTrigger.ValueSpellTemplateID
EventDebugProtocolFactory - No Message ID Class For TypeName : DeepCore.GameData.Zone.ZoneEditor.EventTrigger.UnitTemplateID
EventDebugProtocolFactory - No Message ID Class For TypeName : DeepCore.GameData.Zone.ZoneEditor.EventTrigger.ValueUnitTemplateID
EventDebugProtocolFactory - No Message ID Class For TypeName : DeepCore.GameData.Zone.ZoneEditor.EventTrigger.AuraTemplateID
EventDebugProtocolFactory - No Message ID Class For TypeName : DeepCore.GameData.Zone.ZoneEditor.EventTrigger.ValueAuraTemplateID
EventDebugProtocolFactory - No Message ID Class For TypeName : DeepCore.GameData.Zone.ZoneEditor.EventTrigger.CardTemplateID
EventDebugProtocolFactory - No Message ID Class For TypeName : DeepCore.GameData.Zone.ZoneEditor.EventTrigger.ValueCardTemplateID
EventDebugProtocolFactory - No Message ID Class For TypeName : DeepCore.GameData.Zone.ZoneEditor.EventTrigger.NpcSetGuardPosition
EventDebugProtocolFactory - No Message ID Class For TypeName : DeepCore.GameData.Zone.ZoneEditor.EventTrigger.NpcClearGuardPosition
EventDebugProtocolFactory - No Message ID Class For TypeName : DeepCore.Game3D.Host.Instance.Components.NpcAIComponent+NpcAIComponentAction
EventDebugProtocolFactory - No Message ID Class For TypeName : DeepCore.Game3D.Host.Instance.Components.NpcAIComponent+NpcAIIsON
EventDebugProtocolFactory - No Message ID Class For TypeName : DeepCore.Game3D.Host.Instance.Components.UnitAutoAttackComponent+UnitAutoLaunchSkillAction
EventDebugProtocolFactory - No Message ID Class For TypeName : DeepCore.Game3D.Host.Instance.Components.UnitAutoShootComponent+UnitAutoShootlAction
EventDebugProtocolFactory - No Message ID Class For TypeName : DeepCore.Game3D.Host.Instance.Components.UnitElasticOtherComponent+UnitElasticOther
EventDebugProtocolFactory - No Message ID Class For TypeName : DeepCore.Game3D.Host.Instance.Components.UnitElasticOtherComponent+UnitElasticOtherStart
EventDebugProtocolFactory - No Message ID Class For TypeName : DeepCore.Game3D.Host.Instance.Components.UnitElasticOtherComponent+UnitElasticOtherStop
EventDebugProtocolFactory - No Message ID Class For TypeName : DeepCore.Game3D.Host.Instance.Components.UnitGuardViewComponent+OnObjectEnterViewTrigger
EventDebugProtocolFactory - No Message ID Class For TypeName : DeepCore.Game3D.Host.Instance.Components.UnitGuardViewComponent+OnObjectLeaveViewTrigger
EventDebugProtocolFactory - No Message ID Class For TypeName : DeepCore.Game3D.Host.Instance.Components.UnitGuardViewComponent+UnitGuardViewAction
EventDebugProtocolFactory - No Message ID Class For TypeName : DeepCore.Game3D.Host.Instance.Components.UnitGuardViewComponent+GetOrigionValue
EventDebugProtocolFactory - No Message ID Class For TypeName : DeepCore.Game3D.Host.Instance.Components.UnitGuardViewComponent+SetOrigionAction
EventDebugProtocolFactory - No Message ID Class For TypeName : DeepCore.Game3D.Host.Instance.Components.UnitGuardViewComponent+ClearOrigionAction
EventDebugProtocolFactory - No Message ID Class For TypeName : DeepCore.Game3D.Host.Instance.Components.UnitGuardViewComponent+ClearViewdAction
EventDebugProtocolFactory - No Message ID Class For TypeName : DeepCore.Game3D.Host.Instance.Components.UnitHateComponent+UnitAddHateSystem
EventDebugProtocolFactory - No Message ID Class For TypeName : DeepCore.Game3D.Host.Instance.Components.UnitHateComponent+HateAddedTrigger
EventDebugProtocolFactory - No Message ID Class For TypeName : DeepCore.Game3D.Host.Instance.Components.UnitHateComponent+HateRemovedTrigger
EventDebugProtocolFactory - No Message ID Class For TypeName : DeepCore.Game3D.Host.Instance.Components.UnitHateComponent+GetHateUnit
EventDebugProtocolFactory - No Message ID Class For TypeName : DeepCore.Game3D.Host.Instance.Components.UnitHateComponent+GetHateTargetCount
EventDebugProtocolFactory - No Message ID Class For TypeName : DeepCore.Game3D.Host.Instance.Components.UnitManualAttackComponent+UnitManualLaunchSkillAction
EventDebugProtocolFactory - No Message ID Class For TypeName : DeepCore.Game3D.Host.Instance.Components.UnitManualAttackComponent+SetUnitManualTarget
EventDebugProtocolFactory - No Message ID Class For TypeName : DeepCore.Game3D.Host.Instance.Components.UnitMoveTrackComponent+ForceUnitMoveTrack
EventDebugProtocolFactory - No Message ID Class For TypeName : DeepCore.Game3D.Host.Instance.Components.UnitMoveTrackComponent+ForceUnitMoveTrackPause
EventDebugProtocolFactory - No Message ID Class For TypeName : DeepCore.Game3D.Host.Instance.Components.UnitMoveTrackComponent+ForceUnitMoveTrackResume
EventDebugProtocolFactory - No Message ID Class For TypeName : DeepCore.Game3D.Host.Instance.Components.UnitMoveTrackComponent+ForceUnitMoveTrackStop
EventDebugProtocolFactory - No Message ID Class For TypeName : DeepCore.Game3D.Host.Instance.Components.UnitMoveBezierTrackComponent+ForceUnitMoveTrack
EventDebugProtocolFactory - No Message ID Class For TypeName : DeepCore.Game3D.Host.Instance.Components.UnitMoveBezierTrackComponent+ForceUnitMoveTrackPause
EventDebugProtocolFactory - No Message ID Class For TypeName : DeepCore.Game3D.Host.Instance.Components.UnitMoveBezierTrackComponent+ForceUnitMoveTrackResume
EventDebugProtocolFactory - No Message ID Class For TypeName : DeepCore.Game3D.Host.Instance.Components.UnitMoveBezierTrackComponent+ForceUnitMoveTrackStop
EventDebugProtocolFactory - No Message ID Class For TypeName : DeepCore.Game3D.Host.Instance.Components.UnitTouchBodyComponent+OnObjectEnterViewTrigger
EventDebugProtocolFactory - No Message ID Class For TypeName : DeepCore.Game3D.Host.Instance.Components.UnitTouchBodyComponent+OnObjectLeaveViewTrigger
EventDebugProtocolFactory - No Message ID Class For TypeName : DeepCore.Game3D.Host.Instance.Components.UnitTouchBodyComponent+UnitTouchBodyAction
EventDebugProtocolFactory - No Message ID Class For TypeName : DeepCore.Game3D.Host.EventTrigger.ZoneEventTrigger.PlayerGuardAction+PlayerSetGuardAction
EventDebugProtocolFactory - No Message ID Class For TypeName : DeepCore.Game3D.Host.EventTrigger.ZoneEventTrigger.PlayerGuardAction+PlayerResetAIAction
EventDebugProtocolFactory - No Message ID Class For TypeName : DeepCore.Game3D.Host.EventTrigger.ZoneEventTrigger.PlayerGuardAction+PlayerFollowTargetAction
EventDebugProtocolFactory - No Message ID Class For TypeName : DeepCore.Game3D.Host.EventTrigger.ZoneEventTrigger.PlayerGuardAction+PlayerFocusUnitTargetAction
EventDebugProtocolFactory - No Message ID Class For TypeName : DeepCore.Game3D.Host.EventTrigger.ZoneEventTrigger.PlayerGuardAction+PlayerFocusPickItemAction
EventDebugProtocolFactory - No Message ID Class For TypeName : DeepCore.Game3D.Host.EventTrigger.ZoneEventTrigger.PlayerGuardAction+PlayerAttackToAction
EventDebugProtocolFactory - No Message ID Class For TypeName : DeepCore.GameData.Zone.ZoneEditor.EventTrigger.ZoneLLMAgentValue+ZoneDialog
EventDebugProtocolFactory - No Message ID Class For TypeName : DeepCore.GameData.Zone.ZoneEditor.EventTrigger.ZoneLLMAgentValue+UnitDialog
EventDebugProtocolFactory - No Message ID Class For TypeName : DeepCore.GameData.Zone.ZoneEditor.EventTrigger.ZoneLLMAgentValue+BindingUnitDialog
EventDebugProtocolFactory - No Message ID Class For TypeName : DeepCore.GameData.Zone.ZoneEditor.EventTrigger.GUIValue+NA
EventDebugProtocolFactory - No Message ID Class For TypeName : DeepCore.GameData.Zone.ZoneEditor.EventTrigger.GUIValue+BindingForm
EventDebugProtocolFactory - No Message ID Class For TypeName : DeepCore.GameData.Zone.ZoneEditor.EventTrigger.GUIValue+BindingEditChild
EventDebugProtocolFactory - No Message ID Class For TypeName : DeepCore.GameData.Zone.ZoneEditor.EventTrigger.GUIValue+LastShownForm
EventDebugProtocolFactory - No Message ID Class For TypeName : DeepCore.GameData.Zone.ZoneEditor.EventTrigger.GUIValue+TriggingForm
EventDebugProtocolFactory - No Message ID Class For TypeName : DeepCore.GameData.Zone.ZoneEditor.EventTrigger.GUIValue+TriggingComponent
EventDebugProtocolFactory - No Message ID Class For TypeName : DeepCore.GameData.Zone.ZoneEditor.EventTrigger.GUIValue+ChildComponent
EventDebugProtocolFactory - No Message ID Class For TypeName : DeepCore.GameData.Zone.ZoneEditor.EventTrigger.GUIExt+GUIResComponentName
EventDebugProtocolFactory - No Message ID Class For TypeName : DeepCore.GameData.Zone.ZoneEditor.EventTrigger.GUIExt+GUIResFormName
EventDebugProtocolFactory - No Message ID Class For TypeName : DeepCore.GameData.Zone.ZoneEditor.EventTrigger.GUIExt+GUISubNameURL
EventDebugProtocolFactory - No Message ID Class For TypeName : DeepCore.GameData.Zone.ZoneEditor.EventTrigger.GUIFields+GUIComponentName
EventDebugProtocolFactory - No Message ID Class For TypeName : DeepCore.GameData.Zone.ZoneEditor.EventTrigger.GUIFields+GUIComponentText
EventDebugProtocolFactory - No Message ID Class For TypeName : DeepCore.GameData.Zone.ZoneEditor.EventTrigger.GUIFields+GUIComponentTextAsInt
EventDebugProtocolFactory - No Message ID Class For TypeName : DeepCore.GameData.Zone.ZoneEditor.EventTrigger.GUIFields+GUIComponentTextAsFloat
EventDebugProtocolFactory - No Message ID Class For TypeName : DeepCore.GameData.Zone.ZoneEditor.EventTrigger.GUIFields+GUIComponentTextAsBool
EventDebugProtocolFactory - No Message ID Class For TypeName : DeepCore.GameData.Zone.ZoneEditor.EventTrigger.GUIFields+GUIComponentBool
EventDebugProtocolFactory - No Message ID Class For TypeName : DeepCore.GameData.Zone.ZoneEditor.EventTrigger.GUIFields+GUIComponentInt
EventDebugProtocolFactory - No Message ID Class For TypeName : DeepCore.GameData.Zone.ZoneEditor.EventTrigger.GUIFields+GUIComponentReal
EventDebugProtocolFactory - No Message ID Class For TypeName : DeepCore.GameData.Zone.ZoneEditor.EventTrigger.GUIFields+GUIFieldStringValue
EventDebugProtocolFactory - No Message ID Class For TypeName : DeepCore.GameData.Zone.ZoneEditor.EventTrigger.GUIFields+GUIFieldIntegerValue
EventDebugProtocolFactory - No Message ID Class For TypeName : DeepCore.GameData.Zone.ZoneEditor.EventTrigger.GUIFields+GUIFieldRealValue
EventDebugProtocolFactory - No Message ID Class For TypeName : DeepCore.GameData.Zone.ZoneEditor.EventTrigger.GUIFields+GUIFieldBoolValue
EventDebugProtocolFactory - No Message ID Class For TypeName : DeepCore.GameData.Zone.ZoneEditor.EventTrigger.GUIFields+GUIMetaFieldStringValue
EventDebugProtocolFactory - No Message ID Class For TypeName : DeepCore.GameData.Zone.ZoneEditor.EventTrigger.GUIFields+GUIMetaFieldIntegerValue
EventDebugProtocolFactory - No Message ID Class For TypeName : DeepCore.GameData.Zone.ZoneEditor.EventTrigger.GUIFields+GUIMetaFieldRealValue
EventDebugProtocolFactory - No Message ID Class For TypeName : DeepCore.GameData.Zone.ZoneEditor.EventTrigger.GUIFields+GUIMetaFieldBoolValue
EventDebugProtocolFactory - No Message ID Class For TypeName : DeepCore.GameData.Zone.ZoneEditor.EventTrigger.ZoneBooleanValue+UnitComparison
EventDebugProtocolFactory - No Message ID Class For TypeName : DeepCore.GameData.Zone.ZoneEditor.EventTrigger.ZoneBooleanValue+ItemComparison
EventDebugProtocolFactory - No Message ID Class For TypeName : DeepCore.GameData.Zone.ZoneEditor.EventTrigger.ZoneBooleanValue+FlagComparison
EventDebugProtocolFactory - No Message ID Class For TypeName : DeepCore.GameData.Zone.ZoneEditor.EventTrigger.ZoneBooleanValue+FlagEnabled
EventDebugProtocolFactory - No Message ID Class For TypeName : DeepCore.GameData.Zone.ZoneEditor.EventTrigger.ZoneBooleanValue+FlagIsSpawnOver
EventDebugProtocolFactory - No Message ID Class For TypeName : DeepCore.GameData.Zone.ZoneEditor.EventTrigger.ZoneBooleanValue+FlagIsSpawnNoneAlive
EventDebugProtocolFactory - No Message ID Class For TypeName : DeepCore.GameData.Zone.ZoneEditor.EventTrigger.ZoneBooleanValue+ZoneBooleanAttribute
EventDebugProtocolFactory - No Message ID Class For TypeName : DeepCore.GameData.Zone.ZoneEditor.EventTrigger.ZoneBooleanValue+IsGameOver
EventDebugProtocolFactory - No Message ID Class For TypeName : DeepCore.GameData.Zone.ZoneEditor.EventTrigger.ZoneBooleanValue+UnitBooleanAttribute
EventDebugProtocolFactory - No Message ID Class For TypeName : DeepCore.GameData.Zone.ZoneEditor.EventTrigger.ZoneBooleanValue+UnitIsAlived
EventDebugProtocolFactory - No Message ID Class For TypeName : DeepCore.GameData.Zone.ZoneEditor.EventTrigger.ZoneBooleanValue+UnitInState
EventDebugProtocolFactory - No Message ID Class For TypeName : DeepCore.GameData.Zone.ZoneEditor.EventTrigger.ZoneBooleanValue+UnitIsDead
EventDebugProtocolFactory - No Message ID Class For TypeName : DeepCore.GameData.Zone.ZoneEditor.EventTrigger.ZoneBooleanValue+UnitExist
EventDebugProtocolFactory - No Message ID Class For TypeName : DeepCore.GameData.Zone.ZoneEditor.EventTrigger.ZoneBooleanValue+UnitExistsBuff
EventDebugProtocolFactory - No Message ID Class For TypeName : DeepCore.GameData.Zone.ZoneEditor.EventTrigger.ZoneBooleanValue+UnitExistsAura
EventDebugProtocolFactory - No Message ID Class For TypeName : DeepCore.GameData.Zone.ZoneEditor.EventTrigger.ZoneBooleanValue+UnitHasInventoryItem
EventDebugProtocolFactory - No Message ID Class For TypeName : DeepCore.GameData.Zone.ZoneEditor.EventTrigger.ZoneBooleanValue+PlayerIsGuard
EventDebugProtocolFactory - No Message ID Class For TypeName : DeepCore.GameData.Zone.ZoneEditor.EventTrigger.ZoneBooleanValue+PlayerIsReady
EventDebugProtocolFactory - No Message ID Class For TypeName : DeepCore.GameData.Zone.ZoneEditor.EventTrigger.ZoneBooleanValue+UnitIsPlayer
EventDebugProtocolFactory - No Message ID Class For TypeName : DeepCore.GameData.Zone.ZoneEditor.EventTrigger.ZoneBooleanValue+UnitTouch
EventDebugProtocolFactory - No Message ID Class For TypeName : DeepCore.GameData.Zone.ZoneEditor.EventTrigger.ZoneBooleanValue+ItemTouch
EventDebugProtocolFactory - No Message ID Class For TypeName : DeepCore.GameData.Zone.ZoneEditor.EventTrigger.ZoneBooleanValue+PositionIsInRegion
EventDebugProtocolFactory - No Message ID Class For TypeName : DeepCore.GameData.Zone.ZoneEditor.EventTrigger.ZoneBooleanValue+UnitIsInRegion
EventDebugProtocolFactory - No Message ID Class For TypeName : DeepCore.GameData.Zone.ZoneEditor.EventTrigger.ZoneBooleanValue+ItemIsInRegion
EventDebugProtocolFactory - No Message ID Class For TypeName : DeepCore.GameData.Zone.ZoneEditor.EventTrigger.ZoneBooleanValue+IsAttackableValue
EventDebugProtocolFactory - No Message ID Class For TypeName : DeepCore.GameData.Zone.ZoneEditor.EventTrigger.ZoneBooleanValue+FlagNotNull
EventDebugProtocolFactory - No Message ID Class For TypeName : DeepCore.GameData.Zone.ZoneEditor.EventTrigger.ZoneBooleanValue+UnitNotNull
EventDebugProtocolFactory - No Message ID Class For TypeName : DeepCore.GameData.Zone.ZoneEditor.EventTrigger.ZoneBooleanValue+ItemNotNull
EventDebugProtocolFactory - No Message ID Class For TypeName : DeepCore.GameData.Zone.ZoneEditor.EventTrigger.ZoneIntegerValue+TotalTimeSEC
EventDebugProtocolFactory - No Message ID Class For TypeName : DeepCore.GameData.Zone.ZoneEditor.EventTrigger.ZoneIntegerValue+ZoneTotalItemCount
EventDebugProtocolFactory - No Message ID Class For TypeName : DeepCore.GameData.Zone.ZoneEditor.EventTrigger.ZoneIntegerValue+TotalForceDeadCount
EventDebugProtocolFactory - No Message ID Class For TypeName : DeepCore.GameData.Zone.ZoneEditor.EventTrigger.ZoneIntegerValue+ZoneTotalUnitCount
EventDebugProtocolFactory - No Message ID Class For TypeName : DeepCore.GameData.Zone.ZoneEditor.EventTrigger.ZoneIntegerValue+ZoneTotalForceUnitCount
EventDebugProtocolFactory - No Message ID Class For TypeName : DeepCore.GameData.Zone.ZoneEditor.EventTrigger.ZoneIntegerValue+ZoneTotalAliveUnitCount
EventDebugProtocolFactory - No Message ID Class For TypeName : DeepCore.GameData.Zone.ZoneEditor.EventTrigger.ZoneIntegerValue+ZoneIntegerAttribute
EventDebugProtocolFactory - No Message ID Class For TypeName : DeepCore.GameData.Zone.ZoneEditor.EventTrigger.ZoneIntegerValue+ZoneTerrainDefintionFlag
EventDebugProtocolFactory - No Message ID Class For TypeName : DeepCore.GameData.Zone.ZoneEditor.EventTrigger.ZoneIntegerValue+ZoneTerrainDefintionFlagByFlag
EventDebugProtocolFactory - No Message ID Class For TypeName : DeepCore.GameData.Zone.ZoneEditor.EventTrigger.ZoneIntegerValue+ZoneTerrainDefintionFlagByName
EventDebugProtocolFactory - No Message ID Class For TypeName : DeepCore.GameData.Zone.ZoneEditor.EventTrigger.ZoneIntegerValue+UnitIntegerAttribute
EventDebugProtocolFactory - No Message ID Class For TypeName : DeepCore.GameData.Zone.ZoneEditor.EventTrigger.ZoneIntegerValue+UnitTemplateID
EventDebugProtocolFactory - No Message ID Class For TypeName : DeepCore.GameData.Zone.ZoneEditor.EventTrigger.ZoneIntegerValue+UnitCurrentMainState
EventDebugProtocolFactory - No Message ID Class For TypeName : DeepCore.GameData.Zone.ZoneEditor.EventTrigger.ZoneIntegerValue+UnitCurrentSubState
EventDebugProtocolFactory - No Message ID Class For TypeName : DeepCore.GameData.Zone.ZoneEditor.EventTrigger.ZoneIntegerValue+UnitHP
EventDebugProtocolFactory - No Message ID Class For TypeName : DeepCore.GameData.Zone.ZoneEditor.EventTrigger.ZoneIntegerValue+UnitMaxHP
EventDebugProtocolFactory - No Message ID Class For TypeName : DeepCore.GameData.Zone.ZoneEditor.EventTrigger.ZoneIntegerValue+UnitLevel
EventDebugProtocolFactory - No Message ID Class For TypeName : DeepCore.GameData.Zone.ZoneEditor.EventTrigger.ZoneIntegerValue+UnitForce
EventDebugProtocolFactory - No Message ID Class For TypeName : DeepCore.GameData.Zone.ZoneEditor.EventTrigger.ZoneIntegerValue+UnitTypeInt32
EventDebugProtocolFactory - No Message ID Class For TypeName : DeepCore.GameData.Zone.ZoneEditor.EventTrigger.ZoneIntegerValue+UnitTypeConst
EventDebugProtocolFactory - No Message ID Class For TypeName : DeepCore.GameData.Zone.ZoneEditor.EventTrigger.ZoneIntegerValue+UnitDeadCount
EventDebugProtocolFactory - No Message ID Class For TypeName : DeepCore.GameData.Zone.ZoneEditor.EventTrigger.ZoneIntegerValue+UnitKillUnitCount
EventDebugProtocolFactory - No Message ID Class For TypeName : DeepCore.GameData.Zone.ZoneEditor.EventTrigger.ZoneIntegerValue+UnitKillPlayerCount
EventDebugProtocolFactory - No Message ID Class For TypeName : DeepCore.GameData.Zone.ZoneEditor.EventTrigger.ZoneIntegerValue+UnitInventoryItemCount
EventDebugProtocolFactory - No Message ID Class For TypeName : DeepCore.GameData.Zone.ZoneEditor.EventTrigger.ZoneIntegerValue+UnitBuffOverlay
EventDebugProtocolFactory - No Message ID Class For TypeName : DeepCore.GameData.Zone.ZoneEditor.EventTrigger.ZoneIntegerValue+UnitCurrentZoneInfoFlag
EventDebugProtocolFactory - No Message ID Class For TypeName : DeepCore.GameData.Zone.ZoneEditor.EventTrigger.ZoneIntegerValue+RegionUnitCount
EventDebugProtocolFactory - No Message ID Class For TypeName : DeepCore.GameData.Zone.ZoneEditor.EventTrigger.ZoneIntegerValue+RegionForceUnitCount
EventDebugProtocolFactory - No Message ID Class For TypeName : DeepCore.GameData.Zone.ZoneEditor.EventTrigger.ZoneIntegerValue+RegionForceTypeUnitCount
EventDebugProtocolFactory - No Message ID Class For TypeName : DeepCore.GameData.Zone.ZoneEditor.EventTrigger.ZoneIntegerValue+RegionExpectUnitCount
EventDebugProtocolFactory - No Message ID Class For TypeName : DeepCore.GameData.Zone.ZoneEditor.EventTrigger.PositionValue+NULL
EventDebugProtocolFactory - No Message ID Class For TypeName : DeepCore.GameData.Zone.ZoneEditor.EventTrigger.PositionValue+VALUE
EventDebugProtocolFactory - No Message ID Class For TypeName : DeepCore.GameData.Zone.ZoneEditor.EventTrigger.PositionValue+VALUEVar
EventDebugProtocolFactory - No Message ID Class For TypeName : DeepCore.GameData.Zone.ZoneEditor.EventTrigger.PositionValue+ReturnVALUE
EventDebugProtocolFactory - No Message ID Class For TypeName : DeepCore.GameData.Zone.ZoneEditor.EventTrigger.PositionValue+PositionOfItem
EventDebugProtocolFactory - No Message ID Class For TypeName : DeepCore.GameData.Zone.ZoneEditor.EventTrigger.PositionValue+AlignToGridCenterOnLayer
EventDebugProtocolFactory - No Message ID Class For TypeName : DeepCore.GameData.Zone.ZoneEditor.EventTrigger.PositionValue+VoxelUpward
EventDebugProtocolFactory - No Message ID Class For TypeName : DeepCore.GameData.Zone.ZoneEditor.EventTrigger.PositionValue+AlignToLayerCenter
EventDebugProtocolFactory - No Message ID Class For TypeName : DeepCore.GameData.Zone.ZoneEditor.EventTrigger.PositionValue+PositionOfUnit
EventDebugProtocolFactory - No Message ID Class For TypeName : DeepCore.GameData.Zone.ZoneEditor.EventTrigger.PositionValue+PositionOfBuildingSpawn
EventDebugProtocolFactory - No Message ID Class For TypeName : DeepCore.GameData.Zone.ZoneEditor.EventTrigger.PositionValue+PositionOfTriggingSpell
EventDebugProtocolFactory - No Message ID Class For TypeName : DeepCore.GameData.Zone.ZoneEditor.EventTrigger.PositionValue+CenterOfFlag
EventDebugProtocolFactory - No Message ID Class For TypeName : DeepCore.GameData.Zone.ZoneEditor.EventTrigger.PositionValue+RandomPointInFlag
EventDebugProtocolFactory - No Message ID Class For TypeName : DeepCore.GameData.Zone.ZoneEditor.EventTrigger.PositionValue+RandomMovablePointInFlag
EventDebugProtocolFactory - No Message ID Class For TypeName : DeepCore.GameData.Zone.ZoneEditor.EventTrigger.PositionValue+RandomMoveableInRange
EventDebugProtocolFactory - No Message ID Class For TypeName : DeepCore.GameData.Zone.ZoneEditor.EventTrigger.PositionValue+AlignToGridCenter
EventDebugProtocolFactory - No Message ID Class For TypeName : DeepCore.GameData.Zone.ZoneEditor.EventTrigger.PositionValue+RandomPointInRound
EventDebugProtocolFactory - No Message ID Class For TypeName : DeepCore.GameData.Zone.ZoneEditor.EventTrigger.PositionValue+RandomPointInCycle
EventDebugProtocolFactory - No Message ID Class For TypeName : DeepCore.GameData.Zone.ZoneEditor.EventTrigger.PositionValue+PointWithOffset
EventDebugProtocolFactory - No Message ID Class For TypeName : DeepCore.GameData.Zone.ZoneEditor.EventTrigger.PositionValue+PointWithOffsetVar
EventDebugProtocolFactory - No Message ID Class For TypeName : DeepCore.GameData.Zone.ZoneEditor.EventTrigger.PositionValue+PointWithPolarOffset
EventDebugProtocolFactory - No Message ID Class For TypeName : DeepCore.GameData.Zone.ZoneEditor.EventTrigger.PositionValue+PointWithPolarOffsetVar
EventDebugProtocolFactory - No Message ID Class For TypeName : DeepCore.GameData.Zone.ZoneEditor.EventTrigger.PositionValue+PointWithPolarOfUnit
EventDebugProtocolFactory - No Message ID Class For TypeName : DeepCore.GameData.Zone.ZoneEditor.EventTrigger.PositionValue+PointWithPolarOfUnitVar
EventDebugProtocolFactory - No Message ID Class For TypeName : DeepCore.GameData.Zone.ZoneEditor.EventTrigger.PositionValue+PointOP
EventDebugProtocolFactory - No Message ID Class For TypeName : DeepCore.GameData.Zone.ZoneEditor.EventTrigger.PositionValue+PointDOT
EventDebugProtocolFactory - No Message ID Class For TypeName : DeepCore.GameData.Zone.ZoneEditor.EventTrigger.PositionValue+PointDEGREE
EventDebugProtocolFactory - No Message ID Class For TypeName : DeepCore.GameData.Zone.ZoneEditor.EventTrigger.PositionValue+PointX
EventDebugProtocolFactory - No Message ID Class For TypeName : DeepCore.GameData.Zone.ZoneEditor.EventTrigger.PositionValue+PointY
EventDebugProtocolFactory - No Message ID Class For TypeName : DeepCore.GameData.Zone.ZoneEditor.EventTrigger.PositionValue+PointZ
EventDebugProtocolFactory - No Message ID Class For TypeName : DeepCore.GameData.Zone.ZoneEditor.EventTrigger.ZoneRealValue+ZoneRealAttribute
EventDebugProtocolFactory - No Message ID Class For TypeName : DeepCore.GameData.Zone.ZoneEditor.EventTrigger.ZoneRealValue+UnitRealAttribute
EventDebugProtocolFactory - No Message ID Class For TypeName : DeepCore.GameData.Zone.ZoneEditor.EventTrigger.ZoneRealValue+GetTowUnitAngle2D
EventDebugProtocolFactory - No Message ID Class For TypeName : DeepCore.GameData.Zone.ZoneEditor.EventTrigger.ZoneRealValue+GetTowUnitAngle2DDegree
EventDebugProtocolFactory - No Message ID Class For TypeName : DeepCore.GameData.Zone.ZoneEditor.EventTrigger.ZoneRealValue+GetTowUnitDistance2D
EventDebugProtocolFactory - No Message ID Class For TypeName : DeepCore.GameData.Zone.ZoneEditor.EventTrigger.ZoneRealValue+GetTowPosAngle
EventDebugProtocolFactory - No Message ID Class For TypeName : DeepCore.GameData.Zone.ZoneEditor.EventTrigger.ZoneRealValue+GetTowPosAngleDegree
EventDebugProtocolFactory - No Message ID Class For TypeName : DeepCore.GameData.Zone.ZoneEditor.EventTrigger.ZoneRealValue+GetTowPosDistance
EventDebugProtocolFactory - No Message ID Class For TypeName : DeepCore.GameData.Zone.ZoneEditor.EventTrigger.ZoneStringValue+ZoneTextAttribute
EventDebugProtocolFactory - No Message ID Class For TypeName : DeepCore.GameData.Zone.ZoneEditor.EventTrigger.ZoneStringValue+FlagName
EventDebugProtocolFactory - No Message ID Class For TypeName : DeepCore.GameData.Zone.ZoneEditor.EventTrigger.ZoneStringValue+UnitTextAttribute
EventDebugProtocolFactory - No Message ID Class For TypeName : DeepCore.GameData.Zone.ZoneEditor.EventTrigger.ZoneStringValue+UnitName
EventDebugProtocolFactory - No Message ID Class For TypeName : DeepCore.GameData.Zone.ZoneEditor.EventTrigger.ZoneStringValue+ItemName
EventDebugProtocolFactory - No Message ID Class For TypeName : DeepCore.GameData.Zone.ZoneEditor.EventTrigger.ZoneStringValue+PlayerUUID
EventDebugProtocolFactory - No Message ID Class For TypeName : DeepCore.GameData.Zone.ZoneEditor.EventTrigger.FlagValue+NA
EventDebugProtocolFactory - No Message ID Class For TypeName : DeepCore.GameData.Zone.ZoneEditor.EventTrigger.FlagValue+Iterating
EventDebugProtocolFactory - No Message ID Class For TypeName : DeepCore.GameData.Zone.ZoneEditor.EventTrigger.FlagValue+ReturnVALUE
EventDebugProtocolFactory - No Message ID Class For TypeName : DeepCore.GameData.Zone.ZoneEditor.EventTrigger.FlagValue+FlagIsRegion
EventDebugProtocolFactory - No Message ID Class For TypeName : DeepCore.GameData.Zone.ZoneEditor.EventTrigger.FlagValue+FlagIsPoint
EventDebugProtocolFactory - No Message ID Class For TypeName : DeepCore.GameData.Zone.ZoneEditor.EventTrigger.FlagValue+FlagIsDecoration
EventDebugProtocolFactory - No Message ID Class For TypeName : DeepCore.GameData.Zone.ZoneEditor.EventTrigger.FlagValue+FlagIsArea
EventDebugProtocolFactory - No Message ID Class For TypeName : DeepCore.GameData.Zone.ZoneEditor.EventTrigger.FlagValue+EditorRegion
EventDebugProtocolFactory - No Message ID Class For TypeName : DeepCore.GameData.Zone.ZoneEditor.EventTrigger.FlagValue+EditorPoint
EventDebugProtocolFactory - No Message ID Class For TypeName : DeepCore.GameData.Zone.ZoneEditor.EventTrigger.FlagValue+EditorDecoration
EventDebugProtocolFactory - No Message ID Class For TypeName : DeepCore.GameData.Zone.ZoneEditor.EventTrigger.FlagValue+EditorArea
EventDebugProtocolFactory - No Message ID Class For TypeName : DeepCore.GameData.Zone.ZoneEditor.EventTrigger.FlagValue+EditorRegionVAR
EventDebugProtocolFactory - No Message ID Class For TypeName : DeepCore.GameData.Zone.ZoneEditor.EventTrigger.FlagValue+EditorPointVAR
EventDebugProtocolFactory - No Message ID Class For TypeName : DeepCore.GameData.Zone.ZoneEditor.EventTrigger.FlagValue+EditorDecorationVAR
EventDebugProtocolFactory - No Message ID Class For TypeName : DeepCore.GameData.Zone.ZoneEditor.EventTrigger.FlagValue+EditorAreaVAR
EventDebugProtocolFactory - No Message ID Class For TypeName : DeepCore.GameData.Zone.ZoneEditor.EventTrigger.FlagValue+TriggingFlag
EventDebugProtocolFactory - No Message ID Class For TypeName : DeepCore.GameData.Zone.ZoneEditor.EventTrigger.FlagValue+TriggingRegion
EventDebugProtocolFactory - No Message ID Class For TypeName : DeepCore.GameData.Zone.ZoneEditor.EventTrigger.FlagValue+TriggingDecoration
EventDebugProtocolFactory - No Message ID Class For TypeName : DeepCore.GameData.Zone.ZoneEditor.EventTrigger.FlagValue+TriggingArea
EventDebugProtocolFactory - No Message ID Class For TypeName : DeepCore.GameData.Zone.ZoneEditor.EventTrigger.FlagValue+TriggingPoint
EventDebugProtocolFactory - No Message ID Class For TypeName : DeepCore.GameData.Zone.ZoneEditor.EventTrigger.FlagValue+NearestFlag
EventDebugProtocolFactory - No Message ID Class For TypeName : DeepCore.GameData.Zone.ZoneEditor.EventTrigger.FlagValue+GetRegionWithPoint
EventDebugProtocolFactory - No Message ID Class For TypeName : DeepCore.GameData.Zone.ZoneEditor.EventTrigger.FlagValue+FindSceneRandomFlagWithPrefixSuffix
EventDebugProtocolFactory - No Message ID Class For TypeName : DeepCore.GameData.Zone.ZoneEditor.EventTrigger.FlagValue+FindSceneRandomFlagWithRegex
EventDebugProtocolFactory - No Message ID Class For TypeName : DeepCore.GameData.Zone.ZoneEditor.EventTrigger.FlagValue+FlagPopRandomNext
EventDebugProtocolFactory - No Message ID Class For TypeName : DeepCore.GameData.Zone.ZoneEditor.EventTrigger.ItemValue+NA
EventDebugProtocolFactory - No Message ID Class For TypeName : DeepCore.GameData.Zone.ZoneEditor.EventTrigger.ItemValue+ReturnVALUE
EventDebugProtocolFactory - No Message ID Class For TypeName : DeepCore.GameData.Zone.ZoneEditor.EventTrigger.ItemValue+Trigging
EventDebugProtocolFactory - No Message ID Class For TypeName : DeepCore.GameData.Zone.ZoneEditor.EventTrigger.ItemValue+LastCreated
EventDebugProtocolFactory - No Message ID Class For TypeName : DeepCore.GameData.Zone.ZoneEditor.EventTrigger.ItemValue+LastGotInstance
EventDebugProtocolFactory - No Message ID Class For TypeName : DeepCore.GameData.Zone.ZoneEditor.EventTrigger.ItemValue+LastPickingInstance
EventDebugProtocolFactory - No Message ID Class For TypeName : DeepCore.GameData.Zone.ZoneEditor.EventTrigger.ItemValue+NamedItem
EventDebugProtocolFactory - No Message ID Class For TypeName : DeepCore.GameData.Zone.ZoneEditor.EventTrigger.ItemValue+PickingIteratingItem
EventDebugProtocolFactory - No Message ID Class For TypeName : DeepCore.GameData.Zone.ZoneEditor.EventTrigger.ItemValue+RandomItem
EventDebugProtocolFactory - No Message ID Class For TypeName : DeepCore.GameData.Zone.ZoneEditor.EventTrigger.ItemValue+NearItem
EventDebugProtocolFactory - No Message ID Class For TypeName : DeepCore.GameData.Zone.ZoneEditor.EventTrigger.BuffTemplateValue+ReturnVALUE
EventDebugProtocolFactory - No Message ID Class For TypeName : DeepCore.GameData.Zone.ZoneEditor.EventTrigger.BuffTemplateValue+Template
EventDebugProtocolFactory - No Message ID Class For TypeName : DeepCore.GameData.Zone.ZoneEditor.EventTrigger.BuffTemplateValue+TemplateSV
EventDebugProtocolFactory - No Message ID Class For TypeName : DeepCore.GameData.Zone.ZoneEditor.EventTrigger.BuffTemplateValue+RandomInGroup
EventDebugProtocolFactory - No Message ID Class For TypeName : DeepCore.GameData.Zone.ZoneEditor.EventTrigger.BuffTemplateValue+Trigging
EventDebugProtocolFactory - No Message ID Class For TypeName : DeepCore.GameData.Zone.ZoneEditor.EventTrigger.ItemTemplateValue+ReturnVALUE
EventDebugProtocolFactory - No Message ID Class For TypeName : DeepCore.GameData.Zone.ZoneEditor.EventTrigger.ItemTemplateValue+Template
EventDebugProtocolFactory - No Message ID Class For TypeName : DeepCore.GameData.Zone.ZoneEditor.EventTrigger.ItemTemplateValue+TemplateSV
EventDebugProtocolFactory - No Message ID Class For TypeName : DeepCore.GameData.Zone.ZoneEditor.EventTrigger.ItemTemplateValue+RandomInGroup
EventDebugProtocolFactory - No Message ID Class For TypeName : DeepCore.GameData.Zone.ZoneEditor.EventTrigger.ItemTemplateValue+Instance
EventDebugProtocolFactory - No Message ID Class For TypeName : DeepCore.GameData.Zone.ZoneEditor.EventTrigger.ItemTemplateValue+Trigging
EventDebugProtocolFactory - No Message ID Class For TypeName : DeepCore.GameData.Zone.ZoneEditor.EventTrigger.ItemTemplateValue+LastCreatedItem
EventDebugProtocolFactory - No Message ID Class For TypeName : DeepCore.GameData.Zone.ZoneEditor.EventTrigger.ItemTemplateValue+LastUsedItem
EventDebugProtocolFactory - No Message ID Class For TypeName : DeepCore.GameData.Zone.ZoneEditor.EventTrigger.ItemTemplateValue+LastGotInventoryItem
EventDebugProtocolFactory - No Message ID Class For TypeName : DeepCore.GameData.Zone.ZoneEditor.EventTrigger.ItemTemplateValue+LastGotIZoneItem
EventDebugProtocolFactory - No Message ID Class For TypeName : DeepCore.GameData.Zone.ZoneEditor.EventTrigger.SkillTemplateValue+ReturnVALUE
EventDebugProtocolFactory - No Message ID Class For TypeName : DeepCore.GameData.Zone.ZoneEditor.EventTrigger.SkillTemplateValue+Template
EventDebugProtocolFactory - No Message ID Class For TypeName : DeepCore.GameData.Zone.ZoneEditor.EventTrigger.SkillTemplateValue+TemplateSV
EventDebugProtocolFactory - No Message ID Class For TypeName : DeepCore.GameData.Zone.ZoneEditor.EventTrigger.SkillTemplateValue+RandomInGroup
EventDebugProtocolFactory - No Message ID Class For TypeName : DeepCore.GameData.Zone.ZoneEditor.EventTrigger.SkillTemplateValue+Trigging
EventDebugProtocolFactory - No Message ID Class For TypeName : DeepCore.GameData.Zone.ZoneEditor.EventTrigger.SkillTemplateValue+LastLaunchSkill
EventDebugProtocolFactory - No Message ID Class For TypeName : DeepCore.GameData.Zone.ZoneEditor.EventTrigger.SpellTemplateValue+ReturnVALUE
EventDebugProtocolFactory - No Message ID Class For TypeName : DeepCore.GameData.Zone.ZoneEditor.EventTrigger.SpellTemplateValue+Template
EventDebugProtocolFactory - No Message ID Class For TypeName : DeepCore.GameData.Zone.ZoneEditor.EventTrigger.SpellTemplateValue+TemplateSV
EventDebugProtocolFactory - No Message ID Class For TypeName : DeepCore.GameData.Zone.ZoneEditor.EventTrigger.SpellTemplateValue+RandomInGroup
EventDebugProtocolFactory - No Message ID Class For TypeName : DeepCore.GameData.Zone.ZoneEditor.EventTrigger.SpellTemplateValue+Trigging
EventDebugProtocolFactory - No Message ID Class For TypeName : DeepCore.GameData.Zone.ZoneEditor.EventTrigger.SpellTemplateValue+LastLaunchSpell
EventDebugProtocolFactory - No Message ID Class For TypeName : DeepCore.GameData.Zone.ZoneEditor.EventTrigger.UnitTemplateValue+ReturnVALUE
EventDebugProtocolFactory - No Message ID Class For TypeName : DeepCore.GameData.Zone.ZoneEditor.EventTrigger.UnitTemplateValue+Template
EventDebugProtocolFactory - No Message ID Class For TypeName : DeepCore.GameData.Zone.ZoneEditor.EventTrigger.UnitTemplateValue+TemplateSV
EventDebugProtocolFactory - No Message ID Class For TypeName : DeepCore.GameData.Zone.ZoneEditor.EventTrigger.UnitTemplateValue+RandomInGroup
EventDebugProtocolFactory - No Message ID Class For TypeName : DeepCore.GameData.Zone.ZoneEditor.EventTrigger.UnitTemplateValue+Trigging
EventDebugProtocolFactory - No Message ID Class For TypeName : DeepCore.GameData.Zone.ZoneEditor.EventTrigger.AuraTemplateValue+ReturnVALUE
EventDebugProtocolFactory - No Message ID Class For TypeName : DeepCore.GameData.Zone.ZoneEditor.EventTrigger.AuraTemplateValue+Template
EventDebugProtocolFactory - No Message ID Class For TypeName : DeepCore.GameData.Zone.ZoneEditor.EventTrigger.AuraTemplateValue+TemplateSV
EventDebugProtocolFactory - No Message ID Class For TypeName : DeepCore.GameData.Zone.ZoneEditor.EventTrigger.AuraTemplateValue+Trigging
EventDebugProtocolFactory - No Message ID Class For TypeName : DeepCore.GameData.Zone.ZoneEditor.EventTrigger.AuraTemplateValue+LastLaunchedAura
EventDebugProtocolFactory - No Message ID Class For TypeName : DeepCore.GameData.Zone.ZoneEditor.EventTrigger.AuraTemplateValue+LastEnterdAura
EventDebugProtocolFactory - No Message ID Class For TypeName : DeepCore.GameData.Zone.ZoneEditor.EventTrigger.AuraTemplateValue+LastLeavedAura
EventDebugProtocolFactory - No Message ID Class For TypeName : DeepCore.GameData.Zone.ZoneEditor.EventTrigger.CardTemplateValue+ReturnVALUE
EventDebugProtocolFactory - No Message ID Class For TypeName : DeepCore.GameData.Zone.ZoneEditor.EventTrigger.CardTemplateValue+Template
EventDebugProtocolFactory - No Message ID Class For TypeName : DeepCore.GameData.Zone.ZoneEditor.EventTrigger.CardTemplateValue+TemplateSV
EventDebugProtocolFactory - No Message ID Class For TypeName : DeepCore.GameData.Zone.ZoneEditor.EventTrigger.CardTemplateValue+Trigging
EventDebugProtocolFactory - No Message ID Class For TypeName : DeepCore.GameData.Zone.ZoneEditor.EventTrigger.UnitValue+NA
EventDebugProtocolFactory - No Message ID Class For TypeName : DeepCore.GameData.Zone.ZoneEditor.EventTrigger.UnitValue+ReturnVALUE
EventDebugProtocolFactory - No Message ID Class For TypeName : DeepCore.GameData.Zone.ZoneEditor.EventTrigger.UnitValue+PickedUnit
EventDebugProtocolFactory - No Message ID Class For TypeName : DeepCore.GameData.Zone.ZoneEditor.EventTrigger.UnitValue+PickingIteratingUnit
EventDebugProtocolFactory - No Message ID Class For TypeName : DeepCore.GameData.Zone.ZoneEditor.EventTrigger.UnitValue+Editor
EventDebugProtocolFactory - No Message ID Class For TypeName : DeepCore.GameData.Zone.ZoneEditor.EventTrigger.UnitValue+Trigging
EventDebugProtocolFactory - No Message ID Class For TypeName : DeepCore.GameData.Zone.ZoneEditor.EventTrigger.UnitValue+TriggingTarget
EventDebugProtocolFactory - No Message ID Class For TypeName : DeepCore.GameData.Zone.ZoneEditor.EventTrigger.UnitValue+UnitByObjID
EventDebugProtocolFactory - No Message ID Class For TypeName : DeepCore.GameData.Zone.ZoneEditor.EventTrigger.UnitValue+BuffSender
EventDebugProtocolFactory - No Message ID Class For TypeName : DeepCore.GameData.Zone.ZoneEditor.EventTrigger.UnitValue+TriggingAuraOwner
EventDebugProtocolFactory - No Message ID Class For TypeName : DeepCore.GameData.Zone.ZoneEditor.EventTrigger.UnitValue+LastAdded
EventDebugProtocolFactory - No Message ID Class For TypeName : DeepCore.GameData.Zone.ZoneEditor.EventTrigger.UnitValue+LastSummoner
EventDebugProtocolFactory - No Message ID Class For TypeName : DeepCore.GameData.Zone.ZoneEditor.EventTrigger.UnitValue+LastAddedPlayer
EventDebugProtocolFactory - No Message ID Class For TypeName : DeepCore.GameData.Zone.ZoneEditor.EventTrigger.UnitValue+LastActivated
EventDebugProtocolFactory - No Message ID Class For TypeName : DeepCore.GameData.Zone.ZoneEditor.EventTrigger.UnitValue+LastRebirth
EventDebugProtocolFactory - No Message ID Class For TypeName : DeepCore.GameData.Zone.ZoneEditor.EventTrigger.UnitValue+LastAttack
EventDebugProtocolFactory - No Message ID Class For TypeName : DeepCore.GameData.Zone.ZoneEditor.EventTrigger.UnitValue+LastHitted
EventDebugProtocolFactory - No Message ID Class For TypeName : DeepCore.GameData.Zone.ZoneEditor.EventTrigger.UnitValue+LastKilled
EventDebugProtocolFactory - No Message ID Class For TypeName : DeepCore.GameData.Zone.ZoneEditor.EventTrigger.UnitValue+NearUnit
EventDebugProtocolFactory - No Message ID Class For TypeName : DeepCore.GameData.Zone.ZoneEditor.EventTrigger.UnitValue+RandomUnit
EventDebugProtocolFactory - No Message ID Class For TypeName : DeepCore.GameData.Zone.ZoneEditor.EventTrigger.UnitValue+RandomForceUnit
EventDebugProtocolFactory - No Message ID Class For TypeName : DeepCore.GameData.Zone.ZoneEditor.EventTrigger.UnitValue+RandomPlayer
EventDebugProtocolFactory - No Message ID Class For TypeName : DeepCore.GameData.Zone.ZoneEditor.EventTrigger.UnitValue+RandomForcePlayer
EventDebugProtocolFactory - No Message ID Class For TypeName : DeepCore.GameData.Zone.ZoneEditor.EventTrigger.UnitValue+LastPickingItemUnit
EventDebugProtocolFactory - No Message ID Class For TypeName : DeepCore.GameData.Zone.ZoneEditor.EventTrigger.UnitValue+LastPickableUnit
EventDebugProtocolFactory - No Message ID Class For TypeName : DeepCore.GameData.Zone.ZoneEditor.EventTrigger.UnitValue+LastLaunchSkillUnit
EventDebugProtocolFactory - No Message ID Class For TypeName : DeepCore.GameData.Zone.ZoneEditor.EventTrigger.UnitValue+LastLaunchSkillTarget
EventDebugProtocolFactory - No Message ID Class For TypeName : DeepCore.GameData.Zone.ZoneEditor.EventTrigger.UnitValue+UnitTarget
EventDebugProtocolFactory - No Message ID Class For TypeName : DeepCore.GameData.Zone.ZoneEditor.EventTrigger.UnitValue+SummonerUnit
EventDebugProtocolFactory - No Message ID Class For TypeName : DeepCore.GameData.Zone.ZoneEditor.EventTrigger.UnitValue+NamedUnit
EventDebugProtocolFactory - No Message ID Class For TypeName : DeepCore.GameData.Zone.ZoneEditor.EventTrigger.UnitValue+UnitWithPlayerUUID
EventDebugProtocolFactory - No Message ID Class For TypeName : DeepCore.GameData.Zone.ZoneEditor.EventTrigger.UnitValue+TestACTOR
EventDebugProtocolFactory - No Message ID Class For TypeName : DeepCore.GameData.Zone.ZoneEditor.EventTrigger.UnitValue+UnitAPI
EventDebugProtocolFactory - No Message ID Class For TypeName : DeepCore.GameData.Zone.ZoneEditor.EventTrigger.FindTarget+NearTargetInRange
EventDebugProtocolFactory - No Message ID Class For TypeName : DeepCore.GameData.Zone.ZoneEditor.EventTrigger.UnitEquipSkillValue+NA
EventDebugProtocolFactory - No Message ID Class For TypeName : DeepCore.GameData.Zone.ZoneEditor.EventTrigger.UnitEquipSkillValue+Trigging
EventDebugProtocolFactory - No Message ID Class For TypeName : DeepCore.GameData.Zone.ZoneEditor.EventTrigger.UnitEquipSkillValue+UnitSkill
EventDebugProtocolFactory - No Message ID Class For TypeName : DeepCore.GameData.Zone.ZoneEditor.EventTrigger.UnitEquipBuffValue+NA
EventDebugProtocolFactory - No Message ID Class For TypeName : DeepCore.GameData.Zone.ZoneEditor.EventTrigger.UnitEquipBuffValue+Trigging
EventDebugProtocolFactory - No Message ID Class For TypeName : DeepCore.GameData.Zone.ZoneEditor.EventTrigger.UnitEquipBuffValue+UnitBuff
EventDebugProtocolFactory - No Message ID Class For TypeName : DeepCore.GameData.Zone.ZoneEditor.EventTrigger.UnitEquipAuraValue+NA
EventDebugProtocolFactory - No Message ID Class For TypeName : DeepCore.GameData.Zone.ZoneEditor.EventTrigger.UnitEquipAuraValue+Trigging
EventDebugProtocolFactory - No Message ID Class For TypeName : DeepCore.GameData.Zone.ZoneEditor.EventTrigger.UnitEquipAuraValue+UnitBuff
EventDebugProtocolFactory - No Message ID Class For TypeName : DeepCore.EventTrigger.EventBehaviorLocalVar
EventDebugProtocolFactory - No Message ID Class For TypeName : DeepCore.EventTrigger.EventBehaviorTrigger
EventDebugProtocolFactory - No Message ID Class For TypeName : DeepCore.EventTrigger.EventBehaviorAction
EventDebugProtocolFactory - No Message ID Class For TypeName : DeepCore.EventTrigger.EventBehaviorValue
EventDebugProtocolFactory - No Message ID Class For TypeName : DeepCore.EventTrigger.EventBehaviorGroup
EventDebugProtocolFactory - No Message ID Class For TypeName : DeepCore.EventTrigger.BehaviorGroup
EventDebugProtocolFactory - No Message ID Class For TypeName : DeepCore.EventTrigger.Data.DoNoting
EventDebugProtocolFactory - No Message ID Class For TypeName : DeepCore.EventTrigger.Data.CommentAction
EventDebugProtocolFactory - No Message ID Class For TypeName : DeepCore.EventTrigger.Data.Print
EventDebugProtocolFactory - No Message ID Class For TypeName : DeepCore.EventTrigger.Data.SystemGC
EventDebugProtocolFactory - No Message ID Class For TypeName : DeepCore.EventTrigger.Data.Wait
EventDebugProtocolFactory - No Message ID Class For TypeName : DeepCore.EventTrigger.Data.DelayedAction
EventDebugProtocolFactory - No Message ID Class For TypeName : DeepCore.EventTrigger.Data.ConditionAction
EventDebugProtocolFactory - No Message ID Class For TypeName : DeepCore.EventTrigger.Data.ConditionNotAction
EventDebugProtocolFactory - No Message ID Class For TypeName : DeepCore.EventTrigger.Data.IteratorForInt32Action
EventDebugProtocolFactory - No Message ID Class For TypeName : DeepCore.EventTrigger.Data.DoAction2
EventDebugProtocolFactory - No Message ID Class For TypeName : DeepCore.EventTrigger.Data.DoAction3
EventDebugProtocolFactory - No Message ID Class For TypeName : DeepCore.EventTrigger.Data.DoActionQueue
EventDebugProtocolFactory - No Message ID Class For TypeName : DeepCore.EventTrigger.Data.SwitchCaseInteger
EventDebugProtocolFactory - No Message ID Class For TypeName : DeepCore.EventTrigger.Data.SwitchCaseString
EventDebugProtocolFactory - No Message ID Class For TypeName : DeepCore.EventTrigger.Data.CaseActionString
EventDebugProtocolFactory - No Message ID Class For TypeName : DeepCore.EventTrigger.Data.RandomAction
EventDebugProtocolFactory - No Message ID Class For TypeName : DeepCore.EventTrigger.Data.AlwaysTrue
EventDebugProtocolFactory - No Message ID Class For TypeName : DeepCore.EventTrigger.Data.BooleanCondition
EventDebugProtocolFactory - No Message ID Class For TypeName : DeepCore.EventTrigger.Data.CommentCondition
EventDebugProtocolFactory - No Message ID Class For TypeName : DeepCore.EventTrigger.Data.IFNumberAction
EventDebugProtocolFactory - No Message ID Class For TypeName : DeepCore.EventTrigger.Data.IFBoolAction
EventDebugProtocolFactory - No Message ID Class For TypeName : DeepCore.EventTrigger.Data.IFStringAction
EventDebugProtocolFactory - No Message ID Class For TypeName : DeepCore.EventTrigger.Data.SetEnvironmentString
EventDebugProtocolFactory - No Message ID Class For TypeName : DeepCore.EventTrigger.Data.SetEnvironmentInteger
EventDebugProtocolFactory - No Message ID Class For TypeName : DeepCore.EventTrigger.Data.SetEnvironmentReal
EventDebugProtocolFactory - No Message ID Class For TypeName : DeepCore.EventTrigger.Data.SetEnvironmentBool
EventDebugProtocolFactory - No Message ID Class For TypeName : DeepCore.EventTrigger.Data.SetEnvironmentStringSV
EventDebugProtocolFactory - No Message ID Class For TypeName : DeepCore.EventTrigger.Data.SetEnvironmentIntegerSV
EventDebugProtocolFactory - No Message ID Class For TypeName : DeepCore.EventTrigger.Data.SetEnvironmentRealSV
EventDebugProtocolFactory - No Message ID Class For TypeName : DeepCore.EventTrigger.Data.SetEnvironmentBoolSV
EventDebugProtocolFactory - No Message ID Class For TypeName : DeepCore.EventTrigger.Data.GetEnvironmentAsString
EventDebugProtocolFactory - No Message ID Class For TypeName : DeepCore.EventTrigger.Data.GetEnvironmentAsInteger
EventDebugProtocolFactory - No Message ID Class For TypeName : DeepCore.EventTrigger.Data.GetEnvironmentAsReal
EventDebugProtocolFactory - No Message ID Class For TypeName : DeepCore.EventTrigger.Data.GetEnvironmentAsBoolean
EventDebugProtocolFactory - No Message ID Class For TypeName : DeepCore.EventTrigger.Data.GetAndSetEnvironmentAsString
EventDebugProtocolFactory - No Message ID Class For TypeName : DeepCore.EventTrigger.Data.GetAndSetEnvironmentAsInteger
EventDebugProtocolFactory - No Message ID Class For TypeName : DeepCore.EventTrigger.Data.GetAndSetEnvironmentAsReal
EventDebugProtocolFactory - No Message ID Class For TypeName : DeepCore.EventTrigger.Data.GetAndSetEnvironmentAsBoolean
EventDebugProtocolFactory - No Message ID Class For TypeName : DeepCore.EventTrigger.Data.GetAndAddEnvironmentAsInteger
EventDebugProtocolFactory - No Message ID Class For TypeName : DeepCore.EventTrigger.Data.GetAndAddEnvironmentAsReal
EventDebugProtocolFactory - No Message ID Class For TypeName : DeepCore.EventTrigger.Data.AddAndGetEnvironmentAsInteger
EventDebugProtocolFactory - No Message ID Class For TypeName : DeepCore.EventTrigger.Data.AddAndGetEnvironmentAsReal
EventDebugProtocolFactory - No Message ID Class For TypeName : DeepCore.EventTrigger.Data.GetEnvironmentAsStringSV
EventDebugProtocolFactory - No Message ID Class For TypeName : DeepCore.EventTrigger.Data.GetEnvironmentAsIntegerSV
EventDebugProtocolFactory - No Message ID Class For TypeName : DeepCore.EventTrigger.Data.GetEnvironmentAsRealSV
EventDebugProtocolFactory - No Message ID Class For TypeName : DeepCore.EventTrigger.Data.GetEnvironmentAsBooleanSV
EventDebugProtocolFactory - No Message ID Class For TypeName : DeepCore.EventTrigger.Data.LocalVarString
EventDebugProtocolFactory - No Message ID Class For TypeName : DeepCore.EventTrigger.Data.LocalVarInteger
EventDebugProtocolFactory - No Message ID Class For TypeName : DeepCore.EventTrigger.Data.LocalVarReal
EventDebugProtocolFactory - No Message ID Class For TypeName : DeepCore.EventTrigger.Data.LocalVarBool
EventDebugProtocolFactory - No Message ID Class For TypeName : DeepCore.EventTrigger.Data.SetLocalString
EventDebugProtocolFactory - No Message ID Class For TypeName : DeepCore.EventTrigger.Data.SetLocalInteger
EventDebugProtocolFactory - No Message ID Class For TypeName : DeepCore.EventTrigger.Data.SetLocalReal
EventDebugProtocolFactory - No Message ID Class For TypeName : DeepCore.EventTrigger.Data.SetLocalBool
EventDebugProtocolFactory - No Message ID Class For TypeName : DeepCore.EventTrigger.Data.SetLocalStringSV
EventDebugProtocolFactory - No Message ID Class For TypeName : DeepCore.EventTrigger.Data.SetLocalIntegerSV
EventDebugProtocolFactory - No Message ID Class For TypeName : DeepCore.EventTrigger.Data.SetLocalRealSV
EventDebugProtocolFactory - No Message ID Class For TypeName : DeepCore.EventTrigger.Data.SetLocalBoolSV
EventDebugProtocolFactory - No Message ID Class For TypeName : DeepCore.EventTrigger.Data.GetLocalAsString
EventDebugProtocolFactory - No Message ID Class For TypeName : DeepCore.EventTrigger.Data.GetLocalAsInteger
EventDebugProtocolFactory - No Message ID Class For TypeName : DeepCore.EventTrigger.Data.GetLocalAsReal
EventDebugProtocolFactory - No Message ID Class For TypeName : DeepCore.EventTrigger.Data.GetLocalAsBoolean
EventDebugProtocolFactory - No Message ID Class For TypeName : DeepCore.EventTrigger.Data.GetAndSetLocalAsString
EventDebugProtocolFactory - No Message ID Class For TypeName : DeepCore.EventTrigger.Data.GetAndSetLocalAsInteger
EventDebugProtocolFactory - No Message ID Class For TypeName : DeepCore.EventTrigger.Data.GetAndSetLocalAsReal
EventDebugProtocolFactory - No Message ID Class For TypeName : DeepCore.EventTrigger.Data.GetAndSetLocalAsBoolean
EventDebugProtocolFactory - No Message ID Class For TypeName : DeepCore.EventTrigger.Data.GetAndAddLocalAsInteger
EventDebugProtocolFactory - No Message ID Class For TypeName : DeepCore.EventTrigger.Data.GetAndAddLocalAsReal
EventDebugProtocolFactory - No Message ID Class For TypeName : DeepCore.EventTrigger.Data.AddAndGetLocalAsInteger
EventDebugProtocolFactory - No Message ID Class For TypeName : DeepCore.EventTrigger.Data.AddAndGetLocalAsReal
EventDebugProtocolFactory - No Message ID Class For TypeName : DeepCore.EventTrigger.Data.GetLocalAsStringSV
EventDebugProtocolFactory - No Message ID Class For TypeName : DeepCore.EventTrigger.Data.GetLocalAsIntegerSV
EventDebugProtocolFactory - No Message ID Class For TypeName : DeepCore.EventTrigger.Data.GetLocalAsRealSV
EventDebugProtocolFactory - No Message ID Class For TypeName : DeepCore.EventTrigger.Data.GetLocalAsBooleanSV
EventDebugProtocolFactory - No Message ID Class For TypeName : DeepCore.EventTrigger.Data.CommentTrigger
EventDebugProtocolFactory - No Message ID Class For TypeName : DeepCore.EventTrigger.Data.EventActiveChangedInvoke
EventDebugProtocolFactory - No Message ID Class For TypeName : DeepCore.EventTrigger.Data.EventMainInvoke
EventDebugProtocolFactory - No Message ID Class For TypeName : DeepCore.EventTrigger.Data.EventOverInvoke
EventDebugProtocolFactory - No Message ID Class For TypeName : DeepCore.EventTrigger.Data.EventBeginInvoke
EventDebugProtocolFactory - No Message ID Class For TypeName : DeepCore.EventTrigger.Data.EventEndInvoke
EventDebugProtocolFactory - No Message ID Class For TypeName : DeepCore.EventTrigger.Data.ThisEventActiveChangedInvoke
EventDebugProtocolFactory - No Message ID Class For TypeName : DeepCore.EventTrigger.Data.ThisEventMainInvoke
EventDebugProtocolFactory - No Message ID Class For TypeName : DeepCore.EventTrigger.Data.ThisEventOverInvoke
EventDebugProtocolFactory - No Message ID Class For TypeName : DeepCore.EventTrigger.Data.ThisEventBeginInvoke
EventDebugProtocolFactory - No Message ID Class For TypeName : DeepCore.EventTrigger.Data.ThisEventEndInvoke
EventDebugProtocolFactory - No Message ID Class For TypeName : DeepCore.EventTrigger.Data.TimeElapsed
EventDebugProtocolFactory - No Message ID Class For TypeName : DeepCore.EventTrigger.Data.TimePeriodic
EventDebugProtocolFactory - No Message ID Class For TypeName : DeepCore.EventTrigger.Data.TimeTask
EventDebugProtocolFactory - No Message ID Class For TypeName : DeepCore.EventTrigger.Data.ValuedTimeElapsed
EventDebugProtocolFactory - No Message ID Class For TypeName : DeepCore.EventTrigger.Data.ValuedTimePeriodic
EventDebugProtocolFactory - No Message ID Class For TypeName : DeepCore.EventTrigger.Data.ValuedTimeTask
EventDebugProtocolFactory - No Message ID Class For TypeName : DeepCore.EventTrigger.Data.OnTimeMIN
EventDebugProtocolFactory - No Message ID Class For TypeName : DeepCore.EventTrigger.Data.OnTimeHOR
EventDebugProtocolFactory - No Message ID Class For TypeName : DeepCore.EventTrigger.Data.OnTimeDAY
EventDebugProtocolFactory - No Message ID Class For TypeName : DeepCore.EventTrigger.Data.OnDateTimeMIN
EventDebugProtocolFactory - No Message ID Class For TypeName : DeepCore.EventTrigger.Data.OnDateTimeHOR
EventDebugProtocolFactory - No Message ID Class For TypeName : DeepCore.EventTrigger.Data.OnDateTimeDAY
EventDebugProtocolFactory - No Message ID Class For TypeName : DeepCore.EventTrigger.Data.AngleToRadiance
EventDebugProtocolFactory - No Message ID Class For TypeName : DeepCore.EventTrigger.Data.RadianceToAngle
EventDebugProtocolFactory - No Message ID Class For TypeName : DeepCore.EventTrigger.Data.PassTimeTicks
EventDebugProtocolFactory - No Message ID Class For TypeName : DeepCore.EventTrigger.Data.PassTimeScaleTicks
EventDebugProtocolFactory - No Message ID Class For TypeName : DeepCore.EventTrigger.Data.SystemTimeTicks
EventDebugProtocolFactory - No Message ID Class For TypeName : DeepCore.EventTrigger.Data.SystemTimeScaleTicks
EventDebugProtocolFactory - No Message ID Class For TypeName : DeepCore.EventTrigger.Data.DateTimeTicks
EventDebugProtocolFactory - No Message ID Class For TypeName : DeepCore.EventTrigger.Data.DateTimeScaleTicks
EventDebugProtocolFactory - No Message ID Class For TypeName : DeepCore.EventTrigger.Data.InSystemTimeRange
EventDebugProtocolFactory - No Message ID Class For TypeName : DeepCore.EventTrigger.Data.InPassTimeRange
EventDebugProtocolFactory - No Message ID Class For TypeName : DeepCore.EventTrigger.Data.PassTimeMS
EventDebugProtocolFactory - No Message ID Class For TypeName : DeepCore.EventTrigger.Data.PassTimeSEC
EventDebugProtocolFactory - No Message ID Class For TypeName : DeepCore.EventTrigger.Data.PassTimeMIN
EventDebugProtocolFactory - No Message ID Class For TypeName : DeepCore.EventTrigger.Data.PassTimeHOR
EventDebugProtocolFactory - No Message ID Class For TypeName : DeepCore.EventTrigger.Data.PassTimeDAY
EventDebugProtocolFactory - No Message ID Class For TypeName : DeepCore.EventTrigger.Data.VPassTimeMS
EventDebugProtocolFactory - No Message ID Class For TypeName : DeepCore.EventTrigger.Data.VPassTimeSEC
EventDebugProtocolFactory - No Message ID Class For TypeName : DeepCore.EventTrigger.Data.VPassTimeMIN
EventDebugProtocolFactory - No Message ID Class For TypeName : DeepCore.EventTrigger.Data.VPassTimeHOR
EventDebugProtocolFactory - No Message ID Class For TypeName : DeepCore.EventTrigger.Data.VPassTimeDAY
EventDebugProtocolFactory - No Message ID Class For TypeName : DeepCore.EventTrigger.Data.PassTimeTotalMS
EventDebugProtocolFactory - No Message ID Class For TypeName : DeepCore.EventTrigger.Data.PassTimeTotalSEC
EventDebugProtocolFactory - No Message ID Class For TypeName : DeepCore.EventTrigger.Data.PassTimeTotalMIN
EventDebugProtocolFactory - No Message ID Class For TypeName : DeepCore.EventTrigger.Data.PassTimeTotalHOR
EventDebugProtocolFactory - No Message ID Class For TypeName : DeepCore.EventTrigger.Data.PassTimeTotalDAY
EventDebugProtocolFactory - No Message ID Class For TypeName : DeepCore.EventTrigger.Data.VPassTimeTotalMS
EventDebugProtocolFactory - No Message ID Class For TypeName : DeepCore.EventTrigger.Data.VPassTimeTotalSEC
EventDebugProtocolFactory - No Message ID Class For TypeName : DeepCore.EventTrigger.Data.VPassTimeTotalMIN
EventDebugProtocolFactory - No Message ID Class For TypeName : DeepCore.EventTrigger.Data.VPassTimeTotalHOR
EventDebugProtocolFactory - No Message ID Class For TypeName : DeepCore.EventTrigger.Data.VPassTimeTotalDAY
EventDebugProtocolFactory - No Message ID Class For TypeName : DeepCore.EventTrigger.Data.DateTimeMS
EventDebugProtocolFactory - No Message ID Class For TypeName : DeepCore.EventTrigger.Data.DateTimeSEC
EventDebugProtocolFactory - No Message ID Class For TypeName : DeepCore.EventTrigger.Data.DateTimeMIN
EventDebugProtocolFactory - No Message ID Class For TypeName : DeepCore.EventTrigger.Data.DateTimeHOR
EventDebugProtocolFactory - No Message ID Class For TypeName : DeepCore.EventTrigger.Data.DateTimeDAY
EventDebugProtocolFactory - No Message ID Class For TypeName : DeepCore.EventTrigger.Data.VDateTimeMS
EventDebugProtocolFactory - No Message ID Class For TypeName : DeepCore.EventTrigger.Data.VDateTimeSEC
EventDebugProtocolFactory - No Message ID Class For TypeName : DeepCore.EventTrigger.Data.VDateTimeMIN
EventDebugProtocolFactory - No Message ID Class For TypeName : DeepCore.EventTrigger.Data.VDateTimeHOR
EventDebugProtocolFactory - No Message ID Class For TypeName : DeepCore.EventTrigger.Data.VDateTimeDAY
EventDebugProtocolFactory - No Message ID Class For TypeName : DeepCore.EventTrigger.Data.CommentValue
EventDebugProtocolFactory - No Message ID Class For TypeName : DeepCore.EventTrigger.Data.AI.QuestionAnswer
EventDebugProtocolFactory - No Message ID Class For TypeName : DeepCore.EventTrigger.Data.AI.AddPrompt
EventDebugProtocolFactory - No Message ID Class For TypeName : DeepCore.EventTrigger.Data.AI.SetSystemPrompt
EventDebugProtocolFactory - No Message ID Class For TypeName : DeepCore.EventTrigger.Data.AI.ClearPrompt
EventDebugProtocolFactory - No Message ID Class For TypeName : DeepCore.EventTrigger.Data.AI.ClearAllPrompt
EventDebugProtocolFactory - No Message ID Class For TypeName : DeepCore.EventTrigger.Data.AI.AnswerText
EventDebugProtocolFactory - No Message ID Class For TypeName : DeepCore.EventTrigger.Data.AI.AnswerCondition
EventDebugProtocolFactory - No Message ID Class For TypeName : DeepCore.EventTrigger.Data.AI.LastResponse
EventDebugProtocolFactory - No Message ID Class For TypeName : DeepCore.EventTrigger.Data.AI.LastResponseChoicesCount
EventDebugProtocolFactory - No Message ID Class For TypeName : DeepCore.EventTrigger.Data.AI.LastResponseChoices
EventDebugProtocolFactory - No Message ID Class For TypeName : DeepCore.EventTrigger.Data.AI.UseJsonPrompt
EventDebugProtocolFactory - No Message ID Class For TypeName : DeepCore.EventTrigger.Data.SwitchCaseInteger+CaseActionInt32
EventDebugProtocolFactory - No Message ID Class For TypeName : DeepCore.EventTrigger.Data.BooleanValue+VALUE
EventDebugProtocolFactory - No Message ID Class For TypeName : DeepCore.EventTrigger.Data.BooleanValue+ReturnVALUE
EventDebugProtocolFactory - No Message ID Class For TypeName : DeepCore.EventTrigger.Data.BooleanValue+TriggingValue
EventDebugProtocolFactory - No Message ID Class For TypeName : DeepCore.EventTrigger.Data.BooleanValue+ParseFromString
EventDebugProtocolFactory - No Message ID Class For TypeName : DeepCore.EventTrigger.Data.BooleanValue+RandomPercent
EventDebugProtocolFactory - No Message ID Class For TypeName : DeepCore.EventTrigger.Data.BooleanValue+BooleanOperatorGroup
EventDebugProtocolFactory - No Message ID Class For TypeName : DeepCore.EventTrigger.Data.BooleanValue+BooleanOperator
EventDebugProtocolFactory - No Message ID Class For TypeName : DeepCore.EventTrigger.Data.BooleanValue+BooleanComparison
EventDebugProtocolFactory - No Message ID Class For TypeName : DeepCore.EventTrigger.Data.BooleanValue+StringComparison
EventDebugProtocolFactory - No Message ID Class For TypeName : DeepCore.EventTrigger.Data.BooleanValue+StringContains
EventDebugProtocolFactory - No Message ID Class For TypeName : DeepCore.EventTrigger.Data.BooleanValue+StringStartsWith
EventDebugProtocolFactory - No Message ID Class For TypeName : DeepCore.EventTrigger.Data.BooleanValue+StringEndsWith
EventDebugProtocolFactory - No Message ID Class For TypeName : DeepCore.EventTrigger.Data.BooleanValue+RealComparison
EventDebugProtocolFactory - No Message ID Class For TypeName : DeepCore.EventTrigger.Data.BooleanValue+IntegerComparison
EventDebugProtocolFactory - No Message ID Class For TypeName : DeepCore.EventTrigger.Data.BooleanValue+CurrentEventTriggerIsActive
EventDebugProtocolFactory - No Message ID Class For TypeName : DeepCore.EventTrigger.Data.BooleanValue+SpecifyEventTriggerIsActive
EventDebugProtocolFactory - No Message ID Class For TypeName : DeepCore.EventTrigger.Data.BooleanValue+ValueInRange
EventDebugProtocolFactory - No Message ID Class For TypeName : DeepCore.EventTrigger.Data.IntegerValue+VALUE
EventDebugProtocolFactory - No Message ID Class For TypeName : DeepCore.EventTrigger.Data.IntegerValue+ReturnVALUE
EventDebugProtocolFactory - No Message ID Class For TypeName : DeepCore.EventTrigger.Data.IntegerValue+TriggingValue
EventDebugProtocolFactory - No Message ID Class For TypeName : DeepCore.EventTrigger.Data.IntegerValue+ParseFromString
EventDebugProtocolFactory - No Message ID Class For TypeName : DeepCore.EventTrigger.Data.IntegerValue+IntegerOP
EventDebugProtocolFactory - No Message ID Class For TypeName : DeepCore.EventTrigger.Data.IntegerValue+MinFunction
EventDebugProtocolFactory - No Message ID Class For TypeName : DeepCore.EventTrigger.Data.IntegerValue+MaxFunction
EventDebugProtocolFactory - No Message ID Class For TypeName : DeepCore.EventTrigger.Data.IntegerValue+RandomInt
EventDebugProtocolFactory - No Message ID Class For TypeName : DeepCore.EventTrigger.Data.IntegerValue+ConvertFromReal
EventDebugProtocolFactory - No Message ID Class For TypeName : DeepCore.EventTrigger.Data.IntegerValue+PickingIteratorInt32
EventDebugProtocolFactory - No Message ID Class For TypeName : DeepCore.EventTrigger.Data.IntegerValue+EnumValueInt32
EventDebugProtocolFactory - No Message ID Class For TypeName : DeepCore.EventTrigger.Data.RealValue+VALUE
EventDebugProtocolFactory - No Message ID Class For TypeName : DeepCore.EventTrigger.Data.RealValue+ReturnVALUE
EventDebugProtocolFactory - No Message ID Class For TypeName : DeepCore.EventTrigger.Data.RealValue+TriggingValue
EventDebugProtocolFactory - No Message ID Class For TypeName : DeepCore.EventTrigger.Data.RealValue+RealOP
EventDebugProtocolFactory - No Message ID Class For TypeName : DeepCore.EventTrigger.Data.RealValue+MinFunction
EventDebugProtocolFactory - No Message ID Class For TypeName : DeepCore.EventTrigger.Data.RealValue+MaxFunction
EventDebugProtocolFactory - No Message ID Class For TypeName : DeepCore.EventTrigger.Data.RealValue+RandomReal
EventDebugProtocolFactory - No Message ID Class For TypeName : DeepCore.EventTrigger.Data.RealValue+RandomRealMinMax
EventDebugProtocolFactory - No Message ID Class For TypeName : DeepCore.EventTrigger.Data.RealValue+ConvertFromInteger
EventDebugProtocolFactory - No Message ID Class For TypeName : DeepCore.EventTrigger.Data.RealValue+ParseFromString
EventDebugProtocolFactory - No Message ID Class For TypeName : DeepCore.EventTrigger.Data.StringValue+NULL
EventDebugProtocolFactory - No Message ID Class For TypeName : DeepCore.EventTrigger.Data.StringValue+VALUE
EventDebugProtocolFactory - No Message ID Class For TypeName : DeepCore.EventTrigger.Data.StringValue+ReturnVALUE
EventDebugProtocolFactory - No Message ID Class For TypeName : DeepCore.EventTrigger.Data.StringValue+TriggingValue
EventDebugProtocolFactory - No Message ID Class For TypeName : DeepCore.EventTrigger.Data.StringValue+IntegerToString
EventDebugProtocolFactory - No Message ID Class For TypeName : DeepCore.EventTrigger.Data.StringValue+BooleanToString
EventDebugProtocolFactory - No Message ID Class For TypeName : DeepCore.EventTrigger.Data.StringValue+RealToString
EventDebugProtocolFactory - No Message ID Class For TypeName : DeepCore.EventTrigger.Data.StringValue+StringConcat
EventDebugProtocolFactory - No Message ID Class For TypeName : DeepCore.EventTrigger.Data.StringValue+StringConcatArray
EventDebugProtocolFactory - No Message ID Class For TypeName : DeepCore.EventTrigger.Data.StringValue+StringFormat4
EventDebugProtocolFactory - No Message ID Class For TypeName : DeepCore.EventTrigger.Data.StringValue+StringFormatArray
EventDebugProtocolFactory - No Message ID Class For TypeName : DeepCore.EventTrigger.Data.StringValue+SubString
EventDebugProtocolFactory - No Message ID Class For TypeName : DeepCore.EventTrigger.Data.StringValue+StringLength
EventDebugProtocolFactory - No Message ID Class For TypeName : DeepCore.EventTrigger.Data.AI.LLMAgentValue+Binding
EventDebugProtocolFactory - Append Codec : DeepCore.Event.Debug.EventRuntimeState
EventDebugProtocolFactory - Append Codec : DeepCore.Event.Debug.AddCollectionNotify
EventDebugProtocolFactory - Append Codec : DeepCore.Event.Debug.RemoveCollectionNotify
EventDebugProtocolFactory - Append Codec : DeepCore.Event.Debug.ExecutorChangedNotify
EventDebugProtocolFactory - Append Codec : DeepCore.Event.Debug.EventCollectionData
EventDebugProtocolFactory - Append Codec : DeepCore.Event.Debug.EventExecutorData
EventDebugProtocolFactory - Append Codec : DeepCore.Event.Debug.EventTraceData
EventDebugProtocolFactory - Append Codec : DeepCore.Event.Debug.EventBeginTraceNotify
EventDebugProtocolFactory - Append Codec : DeepCore.Voxel.StreamingVoxel.Data.StreamingChunk
EventDebugProtocolFactory - Append Codec : DeepCore.Voxel.StreamingVoxel.Data.StreamingCube
EventDebugProtocolFactory - Append Codec : DeepCore.Voxel.StreamingVoxel.Data.StreamingCubeTemplate
EventDebugProtocolFactory - Append Codec : DeepCore.Voxel.StreamingVoxel.Data.StreamingTouchLayer
EventDebugProtocolFactory - Append Codec : DeepCore.Voxel.StreamingVoxel.Data.StreamingMesh
EventDebugProtocolFactory - Append Codec : DeepCore.VoxelWorld.Message.WorldInfo
EventDebugProtocolFactory - Append Codec : DeepCore.VoxelWorld.Message.PlayerInfo
EventDebugProtocolFactory - Append Codec : DeepFrozen.RPC.Remote.ServiceNode.SyncShareDictMessage
EventDebugProtocolFactory - Append Codec : DeepFrozen.RPC.Remote.ServiceNode.ManySyncShareDictMessage
EventDebugProtocolFactory - Append Codec : DeepMetaGame.ZoneServer.Message.CreateRoomInfoR2B
EventDebugProtocolFactory - Append Codec : DeepMetaGame.ZoneServer.Message.CreateUnitInfoR2B
EventDebugProtocolFactory - Append Codec : DeepMetaGame.ZoneServer.Message.RoomFinishInfoB2R
EventDebugProtocolFactory - Append Codec : DeepMetaGame.ZoneServer.Message.UnitKillMonsterB2R
EventDebugProtocolFactory - Append Codec : DeepMetaGame.ZoneServer.Message.UnitGotItemB2R
EventDebugProtocolFactory - Append Codec : DeepMetaGame.ZoneServer.Message.UnitGotMoneyB2R
EventDebugProtocolFactory - Append Codec : DeepMetaGame.ZoneServer.Message.ClientCostRequestB2R
EventDebugProtocolFactory - Append Codec : DeepMetaGame.ZoneServer.Message.ClientCostResponseR2B
EventDebugProtocolFactory - Append Codec : DeepMetaGame.ZoneServer.Message.UnitUseItemB2R
EventDebugProtocolFactory - Append Codec : DeepMetaGame.ZoneServer.Message.CloseRoomNotifyR2B
EventDebugProtocolFactory - Append Codec : DeepMetaGame.ZoneServer.Message.SendMessageR2B
EventDebugProtocolFactory - Append Codec : DeepMetaGame.ZoneServer.Message.SendMessageB2R
EventDebugProtocolFactory - Append Codec : DeepMetaGame.ZoneServer.Message.SendEventB2R
EventDebugProtocolFactory - Append Codec : DeepMetaGame.ZoneServer.Message.EnterRoomRequestC2B
EventDebugProtocolFactory - Append Codec : DeepMetaGame.ZoneServer.Message.EnterRoomResponseB2C
EventDebugProtocolFactory - Append Codec : DeepMetaGame.ZoneServer.Message.LeaveRoomRequestC2B
EventDebugProtocolFactory - Append Codec : DeepMetaGame.ZoneServer.Message.KickedByServerNotifyB2C
EventDebugProtocolFactory - Append Codec : DeepMetaGame.ZoneServer.Message.RoomInfo
EventDebugProtocolFactory - Append Codec : DeepMetaGame.ZoneServer.Message.CreateRoomRequestR2B
EventDebugProtocolFactory - Append Codec : DeepMetaGame.ZoneServer.Message.CreateRoomResponseB2R
EventDebugProtocolFactory - Append Codec : DeepMetaGame.ZoneServer.Message.PlayerWillConnectRequestR2B
EventDebugProtocolFactory - Append Codec : DeepMetaGame.ZoneServer.Message.PlayerWillConnectResponseB2R
EventDebugProtocolFactory - Append Codec : DeepMetaGame.ZoneServer.Message.PlayerEnterRoomNotifyB2R
EventDebugProtocolFactory - Append Codec : DeepMetaGame.ZoneServer.Message.PlayerLeaveBattleNotifyB2R
EventDebugProtocolFactory - Append Codec : DeepMetaGame.ZoneServer.Message.ServerInfoNotifyB2R
EventDebugProtocolFactory - Append Codec : DeepMetaGame.ZoneServer.Message.RoomInfoNotifyB2R
EventDebugProtocolFactory - Append Codec : DeepMetaGame.ZoneServer.Message.DestroyRoomNotifyB2R
EventDebugProtocolFactory - Append Codec : DeepMetaGame.ZoneServer.Message.RoomEventNotifyB2R
EventDebugProtocolFactory - Append Codec : DeepMetaGame.ZoneServer.Message.RoomEventNotifyR2B
EventDebugProtocolFactory - Append Codec : DeepMetaGame.ZoneServer.Message.KickPlayerR2B
EventDebugProtocolFactory - Append Codec : DeepMetaGame.ZoneServer.Message.RoomDesc
EventDebugProtocolFactory - Append Codec : DeepMetaGame.ZoneServer.Message.QueryAllRoomDesc
EventDebugProtocolFactory - Append Codec : DeepMetaGame.ZoneServer.Message.AllRoomDesc
EventDebugProtocolFactory - Append Codec : DeepMetaGame.ZoneServer.Message.EchoTextCommand
EventDebugProtocolFactory - Append Codec : DeepMetaGame.ZoneServer.Message.RoomFinishInfoB2R+PlayerResult
UVPomeloServer - UVPomeloServer started on 0.0.0.0:14929
UVPomeloServer - UVPomeloServer started!
UVPomeloServer - UVPomeloServer shutting down...
UVPomeloServer - UVPomeloServer shutdown
UVPomeloServer - UVPomeloServer closing...
UVPomeloServer - eventloop closed
UnityHWND - Preview - ProcessPreview : 20004-Guerilla Warfare

UnityHWND - Preview - ProcessPreview : 20004-Guerilla Warfare

UnityHWND - Preview - ProcessPreview : 20004-Guerilla Warfare

UnityHWND - Preview - ProcessPreview : 20004-Guerilla Warfare

UnityHWND - Preview - ProcessPreview : 20004-Guerilla Warfare

UnityHWND - Preview - ProcessPreview : 20002-L337 Krew

UnityHWND - Preview - ProcessPreview : 20002-L337 Krew

UnityHWND - Preview - ProcessPreview : 20002-L337 Krew

UnityHWND - Preview - ProcessPreview : 20001-Phoenix Connexion

UnityHWND - Preview - ProcessPreview : 20001-Phoenix Connexion

UnityHWND - Preview - ProcessPreview : 20001-Phoenix Connexion

UnityHWND - Preview - ProcessPreview : 20001-Phoenix Connexion

UnityHWND - Preview - ProcessPreview : 20001-Phoenix Connexion

UnityHWND - Preview - ProcessPreview : 20001-Phoenix Connexion

UnityHWND - Preview - ProcessPreview : 20001-Phoenix Connexion

UnityHWND - Preview - ProcessPreview : 20001-Phoenix Connexion

UnityHWND - Preview - ProcessPreview : 20002-L337 Krew

UnityHWND - Preview - ProcessPreview : 20002-L337 Krew

UnityHWND - Preview - ProcessPreview : 20002-L337 Krew

UnityHWND - Preview - ProcessPreview : 20002-L337 Krew

UnityHWND - Preview - ProcessPreview : 20002-L337 Krew

UnityHWND - Preview - ProcessPreview : 20002-L337 Krew

UnityHWND - Preview - ProcessPreview : 20003-Arctic Avengers

UnityHWND - Preview - ProcessPreview : 20003-Arctic Avengers

UnityHWND - Preview - ProcessPreview : 20003-Arctic Avengers

UnityHWND - Preview - ProcessPreview : 20003-Arctic Avengers

UnityHWND - Preview - ProcessPreview : 20003-Arctic Avengers

UnityHWND - Preview - ProcessPreview : 20003-Arctic Avengers

UnityHWND - Preview - ProcessPreview : 20004-Guerilla Warfare

UnityHWND - Preview - ProcessPreview : 20004-Guerilla Warfare

UnityHWND - Preview - ProcessPreview : 20004-Guerilla Warfare

UnityHWND - Preview - ProcessPreview : 20004-Guerilla Warfare

UnityHWND - Preview - ProcessPreview : 20004-Guerilla Warfare

UnityHWND - Preview - ProcessPreview : 20004-Guerilla Warfare

UnityHWND - Preview - ProcessPreview : 10001-Seal Team 6

UnityHWND - Preview - ProcessPreview : 10001-Seal Team 6

UnityHWND - Preview - ProcessPreview : 10001-Seal Team 6

UnityHWND - Preview - ProcessPreview : 10001-Seal Team 6

UnityHWND - Preview - ProcessPreview : 10001-Seal Team 6

UnityHWND - Preview - ProcessPreview : 10001-Seal Team 6

UnityHWND - Preview - ProcessPreview : 10002-GSG-9

UnityHWND - Preview - ProcessPreview : 10002-GSG-9

UnityHWND - Preview - ProcessPreview : 10002-GSG-9

UnityHWND - Preview - ProcessPreview : 10002-GSG-9

UnityHWND - Preview - ProcessPreview : 10002-GSG-9

UnityHWND - Preview - ProcessPreview : 10002-GSG-9

UnityHWND - Preview - ProcessPreview : 10003-S.AS

UnityHWND - Preview - ProcessPreview : 10003-S.AS

UnityHWND - Preview - ProcessPreview : 10003-S.AS

UnityHWND - Preview - ProcessPreview : 10003-S.AS

UnityHWND - Preview - ProcessPreview : 10003-S.AS

UnityHWND - Preview - ProcessPreview : 10003-S.AS

UnityHWND - Preview - ProcessPreview : 10004-GIGN

UnityHWND - Preview - ProcessPreview : 10004-GIGN

UnityHWND - Preview - ProcessPreview : 10004-GIGN

UnityHWND - Preview - ProcessPreview : 10004-GIGN

UnityHWND - Preview - ProcessPreview : 10004-GIGN

UnityHWND - Preview - ProcessPreview : 10004-GIGN

UnityHWND - Show PreviewUpdate :  - 
UnityHWND - Show 
EditorTemplates - ------------------------------------------------------------------
EditorTemplates - TemplateDataCenter.ENABLE_LOAD_FROM_BIN : False
EditorTemplates - BeginPluginsData Use : 00:00:00.0000141
EditorTemplates - LoadAllConfig Use : 00:00:00.0014674
EditorTemplates - LoadAllList Use : 00:00:00.0004083
scope - Reload Comlete Use : 00:00:00.0001054
EditorTemplates - DataCenter ReloadAll Use : 00:00:00.0043973
EditorTemplates - LoadAllTemplateData Use : 00:00:00.0504357
EditorTemplates - InitPluginsData Use : 00:00:00.0000064
EditorTemplates - LoadAllTemplates Total Use : 00:00:00.0862096
EditorTemplates - ------------------------------------------------------------------
EventDebugProtocolFactory - No Message ID Class For TypeName : DeepMetaGame.Data.ZoneEditor.SceneToEditor.RspZoneHeightMapDataChanged
EventDebugProtocolFactory - No Message ID Class For TypeName : DeepMetaGame.Host.EventTrigger.UI.MouseDownTrigger
EventDebugProtocolFactory - No Message ID Class For TypeName : DeepMetaGame.Host.EventTrigger.UI.MouseUpTrigger
EventDebugProtocolFactory - No Message ID Class For TypeName : DeepMetaGame.Host.EventTrigger.UI.MouseMoveTrigger
EventDebugProtocolFactory - No Message ID Class For TypeName : DeepMetaGame.Host.EventTrigger.UI.MouseClickTrigger
EventDebugProtocolFactory - No Message ID Class For TypeName : DeepMetaGame.Host.EventTrigger.UI.MouseDownTriggerWithKey
EventDebugProtocolFactory - No Message ID Class For TypeName : DeepMetaGame.Host.EventTrigger.UI.MouseUpTriggerWithKey
EventDebugProtocolFactory - No Message ID Class For TypeName : DeepMetaGame.Host.EventTrigger.UI.MouseMoveTriggerWithKey
EventDebugProtocolFactory - No Message ID Class For TypeName : DeepMetaGame.Host.EventTrigger.UI.MouseClickTriggerWithKey
EventDebugProtocolFactory - No Message ID Class For TypeName : DeepMetaGame.Host.EventTrigger.UI.KeyDownTrigger
EventDebugProtocolFactory - No Message ID Class For TypeName : DeepMetaGame.Host.EventTrigger.UI.KeyUpTrigger
EventDebugProtocolFactory - No Message ID Class For TypeName : DeepMetaGame.Host.EventTrigger.UI.KeyDownTriggerWithKey
EventDebugProtocolFactory - No Message ID Class For TypeName : DeepMetaGame.Host.EventTrigger.UI.KeyUpTriggerWithKey
EventDebugProtocolFactory - No Message ID Class For TypeName : DeepMetaGame.Host.EventTrigger.UI.MouseSelectUnitTrigger
EventDebugProtocolFactory - No Message ID Class For TypeName : DeepMetaGame.Host.EventTrigger.UI.InteractiveSenderUnit
EventDebugProtocolFactory - No Message ID Class For TypeName : DeepMetaGame.Host.EventTrigger.UI.MouseComponentName
EventDebugProtocolFactory - No Message ID Class For TypeName : DeepMetaGame.Host.EventTrigger.UI.MouseButtonValue
EventDebugProtocolFactory - No Message ID Class For TypeName : DeepMetaGame.Host.EventTrigger.UI.MouseButtonConstant
EventDebugProtocolFactory - No Message ID Class For TypeName : DeepMetaGame.Host.EventTrigger.UI.RaycastHitPos
EventDebugProtocolFactory - No Message ID Class For TypeName : DeepMetaGame.Host.EventTrigger.UI.RaycastHitObjectPos
EventDebugProtocolFactory - No Message ID Class For TypeName : DeepMetaGame.Host.EventTrigger.UI.RaycastIsHitUnit
EventDebugProtocolFactory - No Message ID Class For TypeName : DeepMetaGame.Host.EventTrigger.UI.RaycastIsHitFlag
EventDebugProtocolFactory - No Message ID Class For TypeName : DeepMetaGame.Host.EventTrigger.UI.RaycastIsHitTerrain
EventDebugProtocolFactory - No Message ID Class For TypeName : DeepMetaGame.Host.EventTrigger.UI.RaycastHitUnit
EventDebugProtocolFactory - No Message ID Class For TypeName : DeepMetaGame.Host.EventTrigger.UI.RaycastHitFlag
EventDebugProtocolFactory - No Message ID Class For TypeName : DeepMetaGame.Host.EventTrigger.UI.DraggingUnit
EventDebugProtocolFactory - No Message ID Class For TypeName : DeepMetaGame.Host.EventTrigger.UI.KeyCodeValue
EventDebugProtocolFactory - No Message ID Class For TypeName : DeepMetaGame.Host.EventTrigger.UI.KeyCodeConstant
EventDebugProtocolFactory - No Message ID Class For TypeName : DeepMetaGame.Host.EventTrigger.UI.KeyModiferIsControl
EventDebugProtocolFactory - No Message ID Class For TypeName : DeepMetaGame.Host.EventTrigger.UI.KeyModiferIsAlt
EventDebugProtocolFactory - No Message ID Class For TypeName : DeepMetaGame.Host.EventTrigger.UI.KeyModiferIsShift
EventDebugProtocolFactory - No Message ID Class For TypeName : DeepMetaGame.Host.EventTrigger.UI.MouseSelectUnitValue
EventDebugProtocolFactory - No Message ID Class For TypeName : DeepCore.Game3D.Host.EventTrigger.ZoneEventTrigger.IFPositionAction
EventDebugProtocolFactory - No Message ID Class For TypeName : DeepCore.Game3D.Host.EventTrigger.ZoneEventTrigger.IFUnitAction
EventDebugProtocolFactory - No Message ID Class For TypeName : DeepCore.Game3D.Host.EventTrigger.ZoneEventTrigger.IFItemAction
EventDebugProtocolFactory - No Message ID Class For TypeName : DeepCore.Game3D.Host.EventTrigger.ZoneEventTrigger.IFFlagAction
EventDebugProtocolFactory - No Message ID Class For TypeName : DeepCore.Game3D.Host.EventTrigger.ZoneEventTrigger.UnitDockingAction
EventDebugProtocolFactory - No Message ID Class For TypeName : DeepCore.Game3D.Host.EventTrigger.ZoneEventTrigger.UnitSolidDockingAction
EventDebugProtocolFactory - No Message ID Class For TypeName : DeepCore.Game3D.Host.EventTrigger.ZoneEventTrigger.UnitDockingParent
EventDebugProtocolFactory - No Message ID Class For TypeName : DeepCore.Game3D.Host.EventTrigger.ZoneEventTrigger.UnitDockingPosition
EventDebugProtocolFactory - No Message ID Class For TypeName : DeepCore.Game3D.Host.EventTrigger.ZoneEventTrigger.IsUnitDocking
EventDebugProtocolFactory - No Message ID Class For TypeName : DeepCore.Game3D.Host.EventTrigger.UI.ShowHostFormAction
EventDebugProtocolFactory - No Message ID Class For TypeName : DeepCore.Game3D.Host.EventTrigger.UI.ShowHostDialogAction
EventDebugProtocolFactory - No Message ID Class For TypeName : DeepCore.Game3D.Host.EventTrigger.UI.ShowHostPlayerFormAction
EventDebugProtocolFactory - No Message ID Class For TypeName : DeepCore.Game3D.Host.EventTrigger.UI.ShowHostPlayerDialogAction
EventDebugProtocolFactory - No Message ID Class For TypeName : DeepCore.Game3D.Host.EventTrigger.UI.CloseBindingFormAction
EventDebugProtocolFactory - No Message ID Class For TypeName : DeepCore.Game3D.Host.EventTrigger.UI.GUIDataBindingAction
EventDebugProtocolFactory - No Message ID Class For TypeName : DeepCore.Game3D.Host.EventTrigger.UI.GUISetNodeVisibleAction
EventDebugProtocolFactory - No Message ID Class For TypeName : DeepCore.Game3D.Host.EventTrigger.UI.GUISetSubNodeNameVisibleAction
EventDebugProtocolFactory - No Message ID Class For TypeName : DeepCore.Game3D.Host.EventTrigger.UI.GUIControlSubNodeAction
EventDebugProtocolFactory - No Message ID Class For TypeName : DeepCore.Game3D.Host.EventTrigger.UI.GUISubNodeDataBindingAction
EventDebugProtocolFactory - No Message ID Class For TypeName : DeepCore.Game3D.Host.EventTrigger.UI.GenericFormShown
EventDebugProtocolFactory - No Message ID Class For TypeName : DeepCore.Game3D.Host.EventTrigger.UI.GenericFormClose
EventDebugProtocolFactory - No Message ID Class For TypeName : DeepCore.Game3D.Host.EventTrigger.UI.GenericFormNodeClick
EventDebugProtocolFactory - No Message ID Class For TypeName : DeepCore.Game3D.Host.EventTrigger.UI.GenericFormNodeDataChanged
EventDebugProtocolFactory - No Message ID Class For TypeName : DeepCore.Game3D.Host.EventTrigger.UI.BindingFormShown
EventDebugProtocolFactory - No Message ID Class For TypeName : DeepCore.Game3D.Host.EventTrigger.UI.BindingFormClose
EventDebugProtocolFactory - No Message ID Class For TypeName : DeepCore.Game3D.Host.EventTrigger.UI.BindingFormNodeClick
EventDebugProtocolFactory - No Message ID Class For TypeName : DeepCore.Game3D.Host.EventTrigger.UI.BindingFormNodeDataChanged
EventDebugProtocolFactory - No Message ID Class For TypeName : DeepCore.Game3D.Host.EventTrigger.UI.SpecifyFormShown
EventDebugProtocolFactory - No Message ID Class For TypeName : DeepCore.Game3D.Host.EventTrigger.UI.SpecifyFormClose
EventDebugProtocolFactory - No Message ID Class For TypeName : DeepCore.Game3D.Host.EventTrigger.UI.SpecifyFormNodeClick
EventDebugProtocolFactory - No Message ID Class For TypeName : DeepCore.Game3D.Host.EventTrigger.UI.SpecifyUINodeClick
EventDebugProtocolFactory - No Message ID Class For TypeName : DeepCore.Game3D.Host.EventTrigger.UI.SpecifyUINodeDataChanged
EventDebugProtocolFactory - No Message ID Class For TypeName : DeepCore.Game3D.Host.EventTrigger.UI.SetCameraOffsetAction
EventDebugProtocolFactory - No Message ID Class For TypeName : DeepCore.GameData.Zone.ZoneEditor.EventTrigger.UnitPrompt
EventDebugProtocolFactory - No Message ID Class For TypeName : DeepCore.GameData.Zone.ZoneEditor.EventTrigger.ZonePrompt
EventDebugProtocolFactory - No Message ID Class For TypeName : DeepCore.GameData.Zone.ZoneEditor.EventTrigger.ShowMessageBox
EventDebugProtocolFactory - No Message ID Class For TypeName : DeepCore.GameData.Zone.ZoneEditor.EventTrigger.InvokeLowMemory
EventDebugProtocolFactory - No Message ID Class For TypeName : DeepCore.GameData.Zone.ZoneEditor.EventTrigger.IsEditorMode
EventDebugProtocolFactory - No Message ID Class For TypeName : DeepCore.GameData.Zone.ZoneEditor.EventTrigger.IsEditorModeValue
EventDebugProtocolFactory - No Message ID Class For TypeName : DeepCore.GameData.Zone.ZoneEditor.EventTrigger.DialogResult
EventDebugProtocolFactory - No Message ID Class For TypeName : DeepCore.GameData.Zone.ZoneEditor.EventTrigger.TriggingComponentName
EventDebugProtocolFactory - No Message ID Class For TypeName : DeepCore.GameData.Zone.ZoneEditor.EventTrigger.TriggingComponentSubURL
EventDebugProtocolFactory - No Message ID Class For TypeName : DeepCore.GameData.Zone.ZoneEditor.EventTrigger.GUIFormTemplateID
EventDebugProtocolFactory - No Message ID Class For TypeName : DeepCore.GameData.Zone.ZoneEditor.EventTrigger.GUIComponentCompare
EventDebugProtocolFactory - No Message ID Class For TypeName : DeepCore.GameData.Zone.ZoneEditor.EventTrigger.GUISubUrlCheck
EventDebugProtocolFactory - No Message ID Class For TypeName : DeepCore.GameData.Zone.ZoneEditor.EventTrigger.IFGUIAction
EventDebugProtocolFactory - No Message ID Class For TypeName : DeepCore.GameData.Zone.ZoneEditor.EventTrigger.ZoneTextMessageTrigger
EventDebugProtocolFactory - No Message ID Class For TypeName : DeepCore.GameData.Zone.ZoneEditor.EventTrigger.ZoneTextMessageValue
EventDebugProtocolFactory - No Message ID Class For TypeName : DeepCore.GameData.Zone.ZoneEditor.EventTrigger.SendChatMessage
EventDebugProtocolFactory - No Message ID Class For TypeName : DeepCore.GameData.Zone.ZoneEditor.EventTrigger.CameraFocusUnitAction
EventDebugProtocolFactory - No Message ID Class For TypeName : DeepCore.GameData.Zone.ZoneEditor.EventTrigger.CameraControlAction
EventDebugProtocolFactory - No Message ID Class For TypeName : DeepCore.GameData.Zone.ZoneEditor.EventTrigger.ClientFocusAction
EventDebugProtocolFactory - No Message ID Class For TypeName : DeepCore.GameData.Zone.ZoneEditor.EventTrigger.RunClientScriptFileAction
EventDebugProtocolFactory - No Message ID Class For TypeName : DeepCore.GameData.Zone.ZoneEditor.EventTrigger.RunScriptCodeAction
EventDebugProtocolFactory - No Message ID Class For TypeName : DeepCore.GameData.Zone.ZoneEditor.EventTrigger.BubbleTalk
EventDebugProtocolFactory - No Message ID Class For TypeName : DeepCore.GameData.Zone.ZoneEditor.EventTrigger.SetZoneFieldStringValue
EventDebugProtocolFactory - No Message ID Class For TypeName : DeepCore.GameData.Zone.ZoneEditor.EventTrigger.SetZoneFieldIntegerValue
EventDebugProtocolFactory - No Message ID Class For TypeName : DeepCore.GameData.Zone.ZoneEditor.EventTrigger.SetZoneFieldRealValue
EventDebugProtocolFactory - No Message ID Class For TypeName : DeepCore.GameData.Zone.ZoneEditor.EventTrigger.SetZoneFieldIntegerValue64
EventDebugProtocolFactory - No Message ID Class For TypeName : DeepCore.GameData.Zone.ZoneEditor.EventTrigger.SetZoneFieldRealValue64
EventDebugProtocolFactory - No Message ID Class For TypeName : DeepCore.GameData.Zone.ZoneEditor.EventTrigger.SetZoneFieldBoolValue
EventDebugProtocolFactory - No Message ID Class For TypeName : DeepCore.GameData.Zone.ZoneEditor.EventTrigger.SetUnitFieldStringValue
EventDebugProtocolFactory - No Message ID Class For TypeName : DeepCore.GameData.Zone.ZoneEditor.EventTrigger.SetUnitFieldIntegerValue
EventDebugProtocolFactory - No Message ID Class For TypeName : DeepCore.GameData.Zone.ZoneEditor.EventTrigger.SetUnitFieldRealValue
EventDebugProtocolFactory - No Message ID Class For TypeName : DeepCore.GameData.Zone.ZoneEditor.EventTrigger.SetUnitFieldIntegerValue64
EventDebugProtocolFactory - No Message ID Class For TypeName : DeepCore.GameData.Zone.ZoneEditor.EventTrigger.SetUnitFieldRealValue64
EventDebugProtocolFactory - No Message ID Class For TypeName : DeepCore.GameData.Zone.ZoneEditor.EventTrigger.SetUnitFieldBoolValue
EventDebugProtocolFactory - No Message ID Class For TypeName : DeepCore.GameData.Zone.ZoneEditor.EventTrigger.SetItemFieldStringValue
EventDebugProtocolFactory - No Message ID Class For TypeName : DeepCore.GameData.Zone.ZoneEditor.EventTrigger.SetItemFieldIntegerValue
EventDebugProtocolFactory - No Message ID Class For TypeName : DeepCore.GameData.Zone.ZoneEditor.EventTrigger.SetItemFieldRealValue
EventDebugProtocolFactory - No Message ID Class For TypeName : DeepCore.GameData.Zone.ZoneEditor.EventTrigger.SetItemFieldIntegerValue64
EventDebugProtocolFactory - No Message ID Class For TypeName : DeepCore.GameData.Zone.ZoneEditor.EventTrigger.SetItemFieldRealValue64
EventDebugProtocolFactory - No Message ID Class For TypeName : DeepCore.GameData.Zone.ZoneEditor.EventTrigger.SetItemFieldBoolValue
EventDebugProtocolFactory - No Message ID Class For TypeName : DeepCore.GameData.Zone.ZoneEditor.EventTrigger.FlagCloseAction
EventDebugProtocolFactory - No Message ID Class For TypeName : DeepCore.GameData.Zone.ZoneEditor.EventTrigger.FlagOpenAction
EventDebugProtocolFactory - No Message ID Class For TypeName : DeepCore.GameData.Zone.ZoneEditor.EventTrigger.FlagOnOffAction
EventDebugProtocolFactory - No Message ID Class For TypeName : DeepCore.GameData.Zone.ZoneEditor.EventTrigger.FlagSwitchAction
EventDebugProtocolFactory - No Message ID Class For TypeName : DeepCore.GameData.Zone.ZoneEditor.EventTrigger.FlagGroupCloseAction
EventDebugProtocolFactory - No Message ID Class For TypeName : DeepCore.GameData.Zone.ZoneEditor.EventTrigger.FlagGroupOpenAction
EventDebugProtocolFactory - No Message ID Class For TypeName : DeepCore.GameData.Zone.ZoneEditor.EventTrigger.FlagTagAction
EventDebugProtocolFactory - No Message ID Class For TypeName : DeepCore.GameData.Zone.ZoneEditor.EventTrigger.WhenUnitEnterRegionOnceDo
EventDebugProtocolFactory - No Message ID Class For TypeName : DeepCore.GameData.Zone.ZoneEditor.EventTrigger.WhenUnitLeaveRegionOnceDo
EventDebugProtocolFactory - No Message ID Class For TypeName : DeepCore.GameData.Zone.ZoneEditor.EventTrigger.WhenUnitEnterAreaOnceDo
EventDebugProtocolFactory - No Message ID Class For TypeName : DeepCore.GameData.Zone.ZoneEditor.EventTrigger.WhenUnitLeaveAreaOnceDo
EventDebugProtocolFactory - No Message ID Class For TypeName : DeepCore.GameData.Zone.ZoneEditor.EventTrigger.AddAoiDecorationAction
EventDebugProtocolFactory - No Message ID Class For TypeName : DeepCore.GameData.Zone.ZoneEditor.EventTrigger.EveryFlagDoAction
EventDebugProtocolFactory - No Message ID Class For TypeName : DeepCore.GameData.Zone.ZoneEditor.EventTrigger.FlagResetSpawnAction
EventDebugProtocolFactory - No Message ID Class For TypeName : DeepCore.GameData.Zone.ZoneEditor.EventTrigger.RegionManualSpawn
EventDebugProtocolFactory - No Message ID Class For TypeName : DeepCore.GameData.Zone.ZoneEditor.EventTrigger.SpawnAttachmentInRegion
EventDebugProtocolFactory - No Message ID Class For TypeName : DeepCore.GameData.Zone.ZoneEditor.EventTrigger.AddItemAction
EventDebugProtocolFactory - No Message ID Class For TypeName : DeepCore.GameData.Zone.ZoneEditor.EventTrigger.RemoveItemAction
EventDebugProtocolFactory - No Message ID Class For TypeName : DeepCore.GameData.Zone.ZoneEditor.EventTrigger.DirectPickItemAction
EventDebugProtocolFactory - No Message ID Class For TypeName : DeepCore.GameData.Zone.ZoneEditor.EventTrigger.EveryRangedItemDoAction
EventDebugProtocolFactory - No Message ID Class For TypeName : DeepCore.GameData.Zone.ZoneEditor.EventTrigger.EveryItemInRegionDoAction
EventDebugProtocolFactory - No Message ID Class For TypeName : DeepCore.GameData.Zone.ZoneEditor.EventTrigger.UnitAutoLaunchSkillAction
EventDebugProtocolFactory - No Message ID Class For TypeName : DeepCore.GameData.Zone.ZoneEditor.EventTrigger.AttackLaunchSpell
EventDebugProtocolFactory - No Message ID Class For TypeName : DeepCore.GameData.Zone.ZoneEditor.EventTrigger.ControlUnitMoveAction
EventDebugProtocolFactory - No Message ID Class For TypeName : DeepCore.GameData.Zone.ZoneEditor.EventTrigger.ControlUnitLaunchSkillAction
EventDebugProtocolFactory - No Message ID Class For TypeName : DeepCore.GameData.Zone.ZoneEditor.EventTrigger.UnitStateDefinedAction
EventDebugProtocolFactory - No Message ID Class For TypeName : DeepCore.GameData.Zone.ZoneEditor.EventTrigger.ControlUnitIdleAction
EventDebugProtocolFactory - No Message ID Class For TypeName : DeepCore.GameData.Zone.ZoneEditor.EventTrigger.ControUnitDoClientAction
EventDebugProtocolFactory - No Message ID Class For TypeName : DeepCore.GameData.Zone.ZoneEditor.EventTrigger.ControUnitFaceToAction
EventDebugProtocolFactory - No Message ID Class For TypeName : DeepCore.GameData.Zone.ZoneEditor.EventTrigger.ControUnitFocuseAttackAction
EventDebugProtocolFactory - No Message ID Class For TypeName : DeepCore.GameData.Zone.ZoneEditor.EventTrigger.ForceUnitIdleAction
EventDebugProtocolFactory - No Message ID Class For TypeName : DeepCore.GameData.Zone.ZoneEditor.EventTrigger.ForceUnitDoAction
EventDebugProtocolFactory - No Message ID Class For TypeName : DeepCore.GameData.Zone.ZoneEditor.EventTrigger.ForceUnitMoveAction
EventDebugProtocolFactory - No Message ID Class For TypeName : DeepCore.GameData.Zone.ZoneEditor.EventTrigger.ForceUnitDirMoveAction
EventDebugProtocolFactory - No Message ID Class For TypeName : DeepCore.GameData.Zone.ZoneEditor.EventTrigger.ForceUnitFaceToAction
EventDebugProtocolFactory - No Message ID Class For TypeName : DeepCore.GameData.Zone.ZoneEditor.EventTrigger.ForceUnitLaunchSkillAction
EventDebugProtocolFactory - No Message ID Class For TypeName : DeepCore.GameData.Zone.ZoneEditor.EventTrigger.ForceUnitControlQueue
EventDebugProtocolFactory - No Message ID Class For TypeName : DeepCore.GameData.Zone.ZoneEditor.EventTrigger.ManualUnitIdleAction
EventDebugProtocolFactory - No Message ID Class For TypeName : DeepCore.GameData.Zone.ZoneEditor.EventTrigger.ManualUnitDoClientAction
EventDebugProtocolFactory - No Message ID Class For TypeName : DeepCore.GameData.Zone.ZoneEditor.EventTrigger.ManualUnitMoveAction
EventDebugProtocolFactory - No Message ID Class For TypeName : DeepCore.GameData.Zone.ZoneEditor.EventTrigger.ManualUnitFaceToAction
EventDebugProtocolFactory - No Message ID Class For TypeName : DeepCore.GameData.Zone.ZoneEditor.EventTrigger.ManualUnitLaunchSkillAction
EventDebugProtocolFactory - No Message ID Class For TypeName : DeepCore.GameData.Zone.ZoneEditor.EventTrigger.ManualUnitFocuseAttackAction
EventDebugProtocolFactory - No Message ID Class For TypeName : DeepCore.GameData.Zone.ZoneEditor.EventTrigger.ManualUnitWaitCommandAction
EventDebugProtocolFactory - No Message ID Class For TypeName : DeepCore.GameData.Zone.ZoneEditor.EventTrigger.ManualUnitControlQueue
EventDebugProtocolFactory - No Message ID Class For TypeName : DeepCore.GameData.Zone.ZoneEditor.EventTrigger.UnitBindEventAction
EventDebugProtocolFactory - No Message ID Class For TypeName : DeepCore.GameData.Zone.ZoneEditor.EventTrigger.UnitEventTriggerActive
EventDebugProtocolFactory - No Message ID Class For TypeName : DeepCore.GameData.Zone.ZoneEditor.EventTrigger.UnitEventTriggerDeactive
EventDebugProtocolFactory - No Message ID Class For TypeName : DeepCore.GameData.Zone.ZoneEditor.EventTrigger.UnitEventGroupTriggerActive
EventDebugProtocolFactory - No Message ID Class For TypeName : DeepCore.GameData.Zone.ZoneEditor.EventTrigger.UnitEventGroupTriggerDeactive
EventDebugProtocolFactory - No Message ID Class For TypeName : DeepCore.GameData.Zone.ZoneEditor.EventTrigger.CopyDecorationShape
EventDebugProtocolFactory - No Message ID Class For TypeName : DeepCore.GameData.Zone.ZoneEditor.EventTrigger.AddUnitAction
EventDebugProtocolFactory - No Message ID Class For TypeName : DeepCore.GameData.Zone.ZoneEditor.EventTrigger.UnitAddMoneyAction
EventDebugProtocolFactory - No Message ID Class For TypeName : DeepCore.GameData.Zone.ZoneEditor.EventTrigger.KillUnitAction
EventDebugProtocolFactory - No Message ID Class For TypeName : DeepCore.GameData.Zone.ZoneEditor.EventTrigger.RemoveUnitAction
EventDebugProtocolFactory - No Message ID Class For TypeName : DeepCore.GameData.Zone.ZoneEditor.EventTrigger.UnitUseItemAction
EventDebugProtocolFactory - No Message ID Class For TypeName : DeepCore.GameData.Zone.ZoneEditor.EventTrigger.UnitAddInventoryItemAction
EventDebugProtocolFactory - No Message ID Class For TypeName : DeepCore.GameData.Zone.ZoneEditor.EventTrigger.UnitDropInventoryItemAction
EventDebugProtocolFactory - No Message ID Class For TypeName : DeepCore.GameData.Zone.ZoneEditor.EventTrigger.UnitClearInventoryItemAction
EventDebugProtocolFactory - No Message ID Class For TypeName : DeepCore.GameData.Zone.ZoneEditor.EventTrigger.UnitUseInventoryItemAction
EventDebugProtocolFactory - No Message ID Class For TypeName : DeepCore.GameData.Zone.ZoneEditor.EventTrigger.UnitAddHPAction
EventDebugProtocolFactory - No Message ID Class For TypeName : DeepCore.GameData.Zone.ZoneEditor.EventTrigger.UnitAddHPToUnitAction
EventDebugProtocolFactory - No Message ID Class For TypeName : DeepCore.GameData.Zone.ZoneEditor.EventTrigger.UnitAddMPAction
EventDebugProtocolFactory - No Message ID Class For TypeName : DeepCore.GameData.Zone.ZoneEditor.EventTrigger.UnitAddHPPctAction
EventDebugProtocolFactory - No Message ID Class For TypeName : DeepCore.GameData.Zone.ZoneEditor.EventTrigger.UnitTransportAction
EventDebugProtocolFactory - No Message ID Class For TypeName : DeepCore.GameData.Zone.ZoneEditor.EventTrigger.UnitPauseAction
EventDebugProtocolFactory - No Message ID Class For TypeName : DeepCore.GameData.Zone.ZoneEditor.EventTrigger.CloneUnitAction
EventDebugProtocolFactory - No Message ID Class For TypeName : DeepCore.GameData.Zone.ZoneEditor.EventTrigger.SummonPetAction
EventDebugProtocolFactory - No Message ID Class For TypeName : DeepCore.GameData.Zone.ZoneEditor.EventTrigger.UnitEscapeAction
EventDebugProtocolFactory - No Message ID Class For TypeName : DeepCore.GameData.Zone.ZoneEditor.EventTrigger.UnitChaosAction
EventDebugProtocolFactory - No Message ID Class For TypeName : DeepCore.GameData.Zone.ZoneEditor.EventTrigger.UnitRebrithAction
EventDebugProtocolFactory - No Message ID Class For TypeName : DeepCore.GameData.Zone.ZoneEditor.EventTrigger.UnitStartRebrithAction
EventDebugProtocolFactory - No Message ID Class For TypeName : DeepCore.GameData.Zone.ZoneEditor.EventTrigger.BuildingRebuildAction
EventDebugProtocolFactory - No Message ID Class For TypeName : DeepCore.GameData.Zone.ZoneEditor.EventTrigger.UnitSetScale
EventDebugProtocolFactory - No Message ID Class For TypeName : DeepCore.GameData.Zone.ZoneEditor.EventTrigger.UnitSetScaleAdd
EventDebugProtocolFactory - No Message ID Class For TypeName : DeepCore.GameData.Zone.ZoneEditor.EventTrigger.UnitGetScale
EventDebugProtocolFactory - No Message ID Class For TypeName : DeepCore.GameData.Zone.ZoneEditor.EventTrigger.UnitBubbleTalk
EventDebugProtocolFactory - No Message ID Class For TypeName : DeepCore.GameData.Zone.ZoneEditor.EventTrigger.UnitBubbleTalkNext
EventDebugProtocolFactory - No Message ID Class For TypeName : DeepCore.GameData.Zone.ZoneEditor.EventTrigger.UnitDoSomething
EventDebugProtocolFactory - No Message ID Class For TypeName : DeepCore.GameData.Zone.ZoneEditor.EventTrigger.EveryForceUnitDoAction
EventDebugProtocolFactory - No Message ID Class For TypeName : DeepCore.GameData.Zone.ZoneEditor.EventTrigger.EveryRangedUnitDoAction
EventDebugProtocolFactory - No Message ID Class For TypeName : DeepCore.GameData.Zone.ZoneEditor.EventTrigger.EveryUnitInRegionDoAction
EventDebugProtocolFactory - No Message ID Class For TypeName : DeepCore.GameData.Zone.ZoneEditor.EventTrigger.EverySpawnedUnitInRegionDoAction
EventDebugProtocolFactory - No Message ID Class For TypeName : DeepCore.GameData.Zone.ZoneEditor.EventTrigger.UnitLaunchSkillAction
EventDebugProtocolFactory - No Message ID Class For TypeName : DeepCore.GameData.Zone.ZoneEditor.EventTrigger.UnitStopSkillAction
EventDebugProtocolFactory - No Message ID Class For TypeName : DeepCore.GameData.Zone.ZoneEditor.EventTrigger.UnitAddBuffAction
EventDebugProtocolFactory - No Message ID Class For TypeName : DeepCore.GameData.Zone.ZoneEditor.EventTrigger.UnitSelfAddBuffAction
EventDebugProtocolFactory - No Message ID Class For TypeName : DeepCore.GameData.Zone.ZoneEditor.EventTrigger.UnitRemoveBuffAction
EventDebugProtocolFactory - No Message ID Class For TypeName : DeepCore.GameData.Zone.ZoneEditor.EventTrigger.UnitCleanBuffAction
EventDebugProtocolFactory - No Message ID Class For TypeName : DeepCore.GameData.Zone.ZoneEditor.EventTrigger.UnitLaunchAuraAction
EventDebugProtocolFactory - No Message ID Class For TypeName : DeepCore.GameData.Zone.ZoneEditor.EventTrigger.UnitRemoveAuraAction
EventDebugProtocolFactory - No Message ID Class For TypeName : DeepCore.GameData.Zone.ZoneEditor.EventTrigger.UnitClearCDAction
EventDebugProtocolFactory - No Message ID Class For TypeName : DeepCore.GameData.Zone.ZoneEditor.EventTrigger.UnitEnterCDAction
EventDebugProtocolFactory - No Message ID Class For TypeName : DeepCore.GameData.Zone.ZoneEditor.EventTrigger.UnitEnterSkillCDAction
EventDebugProtocolFactory - No Message ID Class For TypeName : DeepCore.GameData.Zone.ZoneEditor.EventTrigger.UnitLaunchSpellAction
EventDebugProtocolFactory - No Message ID Class For TypeName : DeepCore.GameData.Zone.ZoneEditor.EventTrigger.UnitLaunchSpellLinesAction
EventDebugProtocolFactory - No Message ID Class For TypeName : DeepCore.GameData.Zone.ZoneEditor.EventTrigger.TriggingSpellTimeTaskAction
EventDebugProtocolFactory - No Message ID Class For TypeName : DeepCore.GameData.Zone.ZoneEditor.EventTrigger.TriggingSpellAddLifeTimeAction
EventDebugProtocolFactory - No Message ID Class For TypeName : DeepCore.GameData.Zone.ZoneEditor.EventTrigger.TriggingSpellChangeSpeedAction
EventDebugProtocolFactory - No Message ID Class For TypeName : DeepCore.GameData.Zone.ZoneEditor.EventTrigger.UnitSetNoneBlockTimeMS
EventDebugProtocolFactory - No Message ID Class For TypeName : DeepCore.GameData.Zone.ZoneEditor.EventTrigger.UnitSetStunTimeMS
EventDebugProtocolFactory - No Message ID Class For TypeName : DeepCore.GameData.Zone.ZoneEditor.EventTrigger.UnitSetInvisibleTimeMS
EventDebugProtocolFactory - No Message ID Class For TypeName : DeepCore.GameData.Zone.ZoneEditor.EventTrigger.UnitSetInvincibleTimeMS
EventDebugProtocolFactory - No Message ID Class For TypeName : DeepCore.GameData.Zone.ZoneEditor.EventTrigger.UnitSetNoDamageTimeMS
EventDebugProtocolFactory - No Message ID Class For TypeName : DeepCore.GameData.Zone.ZoneEditor.EventTrigger.UnitSetSilentTimeMS
EventDebugProtocolFactory - No Message ID Class For TypeName : DeepCore.GameData.Zone.ZoneEditor.EventTrigger.UnitSetLockTimeMS
EventDebugProtocolFactory - No Message ID Class For TypeName : DeepCore.GameData.Zone.ZoneEditor.EventTrigger.UnitCleanNoneBlockTimeMS
EventDebugProtocolFactory - No Message ID Class For TypeName : DeepCore.GameData.Zone.ZoneEditor.EventTrigger.UnitCleanStunTimeMS
EventDebugProtocolFactory - No Message ID Class For TypeName : DeepCore.GameData.Zone.ZoneEditor.EventTrigger.UnitCleanInvisibleTimeMS
EventDebugProtocolFactory - No Message ID Class For TypeName : DeepCore.GameData.Zone.ZoneEditor.EventTrigger.UnitCleanInvincibleTimeMS
EventDebugProtocolFactory - No Message ID Class For TypeName : DeepCore.GameData.Zone.ZoneEditor.EventTrigger.UnitCleanNoDamageTimeMS
EventDebugProtocolFactory - No Message ID Class For TypeName : DeepCore.GameData.Zone.ZoneEditor.EventTrigger.UnitCleanSilentTimeMS
EventDebugProtocolFactory - No Message ID Class For TypeName : DeepCore.GameData.Zone.ZoneEditor.EventTrigger.UnitCleanLockTimeMS
EventDebugProtocolFactory - No Message ID Class For TypeName : DeepCore.GameData.Zone.ZoneEditor.EventTrigger.GamePauseAction
EventDebugProtocolFactory - No Message ID Class For TypeName : DeepCore.GameData.Zone.ZoneEditor.EventTrigger.GamePauseOnAction
EventDebugProtocolFactory - No Message ID Class For TypeName : DeepCore.GameData.Zone.ZoneEditor.EventTrigger.GamePauseOffAction
EventDebugProtocolFactory - No Message ID Class For TypeName : DeepCore.GameData.Zone.ZoneEditor.EventTrigger.GameTimeScaleAction
EventDebugProtocolFactory - No Message ID Class For TypeName : DeepCore.GameData.Zone.ZoneEditor.EventTrigger.GameOverAction
EventDebugProtocolFactory - No Message ID Class For TypeName : DeepCore.GameData.Zone.ZoneEditor.EventTrigger.GameOverActionVar
EventDebugProtocolFactory - No Message ID Class For TypeName : DeepCore.GameData.Zone.ZoneEditor.EventTrigger.ChangeBGMAction
EventDebugProtocolFactory - No Message ID Class For TypeName : DeepCore.GameData.Zone.ZoneEditor.EventTrigger.EventTriggerActive
EventDebugProtocolFactory - No Message ID Class For TypeName : DeepCore.GameData.Zone.ZoneEditor.EventTrigger.EventTriggerDeactive
EventDebugProtocolFactory - No Message ID Class For TypeName : DeepCore.GameData.Zone.ZoneEditor.EventTrigger.EventGroupTriggerActive
EventDebugProtocolFactory - No Message ID Class For TypeName : DeepCore.GameData.Zone.ZoneEditor.EventTrigger.EventGroupTriggerDeactive
EventDebugProtocolFactory - No Message ID Class For TypeName : DeepCore.GameData.Zone.ZoneEditor.EventTrigger.ZoneBindEventAction
EventDebugProtocolFactory - No Message ID Class For TypeName : DeepCore.GameData.Zone.ZoneEditor.EventTrigger.AddZoneEffect
EventDebugProtocolFactory - No Message ID Class For TypeName : DeepCore.GameData.Zone.ZoneEditor.EventTrigger.AddUnitEffect
EventDebugProtocolFactory - No Message ID Class For TypeName : DeepCore.GameData.Zone.ZoneEditor.EventTrigger.AddItemActionAOI
EventDebugProtocolFactory - No Message ID Class For TypeName : DeepCore.GameData.Zone.ZoneEditor.EventTrigger.AddUnitActionAOI
EventDebugProtocolFactory - No Message ID Class For TypeName : DeepCore.GameData.Zone.ZoneEditor.EventTrigger.PlayerEnterAOI
EventDebugProtocolFactory - No Message ID Class For TypeName : DeepCore.GameData.Zone.ZoneEditor.EventTrigger.PlayerLeaveAOI
EventDebugProtocolFactory - No Message ID Class For TypeName : DeepCore.GameData.Zone.ZoneEditor.EventTrigger.UnitInAOIStatus
EventDebugProtocolFactory - No Message ID Class For TypeName : DeepCore.GameData.Zone.ZoneEditor.EventTrigger.UnitEqualAOIStatus
EventDebugProtocolFactory - No Message ID Class For TypeName : DeepCore.GameData.Zone.ZoneEditor.EventTrigger.UnitAOIOwnerUnit
EventDebugProtocolFactory - No Message ID Class For TypeName : DeepCore.GameData.Zone.ZoneEditor.EventTrigger.GetAOIUnitCount
EventDebugProtocolFactory - No Message ID Class For TypeName : DeepCore.GameData.Zone.ZoneEditor.EventTrigger.GetAOIUnitCountByForce
EventDebugProtocolFactory - No Message ID Class For TypeName : DeepCore.GameData.Zone.ZoneEditor.EventTrigger.GetAOIUnitCountByTemplateID
EventDebugProtocolFactory - No Message ID Class For TypeName : DeepCore.GameData.Zone.ZoneEditor.EventTrigger.GetAOIUnitByTemplateID
EventDebugProtocolFactory - No Message ID Class For TypeName : DeepCore.GameData.Zone.ZoneEditor.EventTrigger.GetAOIUnitByName
EventDebugProtocolFactory - No Message ID Class For TypeName : DeepCore.GameData.Zone.ZoneEditor.EventTrigger.UnitPutCardAction
EventDebugProtocolFactory - No Message ID Class For TypeName : DeepCore.GameData.Zone.ZoneEditor.EventTrigger.BindingUnitCardsChanged
EventDebugProtocolFactory - No Message ID Class For TypeName : DeepCore.GameData.Zone.ZoneEditor.EventTrigger.SpecUnitCardsChanged
EventDebugProtocolFactory - No Message ID Class For TypeName : DeepCore.GameData.Zone.ZoneEditor.EventTrigger.BindingUnitAddCard
EventDebugProtocolFactory - No Message ID Class For TypeName : DeepCore.GameData.Zone.ZoneEditor.EventTrigger.SpecUnitAddCard
EventDebugProtocolFactory - No Message ID Class For TypeName : DeepCore.GameData.Zone.ZoneEditor.EventTrigger.BindingUnitRemoveCard
EventDebugProtocolFactory - No Message ID Class For TypeName : DeepCore.GameData.Zone.ZoneEditor.EventTrigger.SpecUnitRemoveCard
EventDebugProtocolFactory - No Message ID Class For TypeName : DeepCore.GameData.Zone.ZoneEditor.EventTrigger.BindingUnitCardLevelChange
EventDebugProtocolFactory - No Message ID Class For TypeName : DeepCore.GameData.Zone.ZoneEditor.EventTrigger.SpecUnitCardLevelChange
EventDebugProtocolFactory - No Message ID Class For TypeName : DeepCore.GameData.Zone.ZoneEditor.EventTrigger.UnitCardExist
EventDebugProtocolFactory - No Message ID Class For TypeName : DeepCore.GameData.Zone.ZoneEditor.EventTrigger.UnitCardLevel
EventDebugProtocolFactory - No Message ID Class For TypeName : DeepCore.GameData.Zone.ZoneEditor.EventTrigger.IteratingUnit
EventDebugProtocolFactory - No Message ID Class For TypeName : DeepCore.GameData.Zone.ZoneEditor.EventTrigger.SumUnits
EventDebugProtocolFactory - No Message ID Class For TypeName : DeepCore.GameData.Zone.ZoneEditor.EventTrigger.FindUnit
EventDebugProtocolFactory - No Message ID Class For TypeName : DeepCore.GameData.Zone.ZoneEditor.EventTrigger.ForEachUnitsAction
EventDebugProtocolFactory - No Message ID Class For TypeName : DeepCore.GameData.Zone.ZoneEditor.EventTrigger.IteratingItem
EventDebugProtocolFactory - No Message ID Class For TypeName : DeepCore.GameData.Zone.ZoneEditor.EventTrigger.SumItems
EventDebugProtocolFactory - No Message ID Class For TypeName : DeepCore.GameData.Zone.ZoneEditor.EventTrigger.FindItem
EventDebugProtocolFactory - No Message ID Class For TypeName : DeepCore.GameData.Zone.ZoneEditor.EventTrigger.ForEachItemsAction
EventDebugProtocolFactory - No Message ID Class For TypeName : DeepCore.GameData.Zone.ZoneEditor.EventTrigger.IteratingFlag
EventDebugProtocolFactory - No Message ID Class For TypeName : DeepCore.GameData.Zone.ZoneEditor.EventTrigger.SumFlags
EventDebugProtocolFactory - No Message ID Class For TypeName : DeepCore.GameData.Zone.ZoneEditor.EventTrigger.FindFlag
EventDebugProtocolFactory - No Message ID Class For TypeName : DeepCore.GameData.Zone.ZoneEditor.EventTrigger.ForEachFlagsAction
EventDebugProtocolFactory - No Message ID Class For TypeName : DeepCore.GameData.Zone.ZoneEditor.EventTrigger.StateMoveAIAction
EventDebugProtocolFactory - No Message ID Class For TypeName : DeepCore.GameData.Zone.ZoneEditor.EventTrigger.TryMoveScatterTargetAction
EventDebugProtocolFactory - No Message ID Class For TypeName : DeepCore.GameData.Zone.ZoneEditor.EventTrigger.StateIdleMoveAction
EventDebugProtocolFactory - No Message ID Class For TypeName : DeepCore.GameData.Zone.ZoneEditor.EventTrigger.StateFollowAndGuardAction
EventDebugProtocolFactory - No Message ID Class For TypeName : DeepCore.GameData.Zone.ZoneEditor.EventTrigger.StateFollowAndAttackAction
EventDebugProtocolFactory - No Message ID Class For TypeName : DeepCore.GameData.Zone.ZoneEditor.EventTrigger.StateFollowAndPickObjectAction
EventDebugProtocolFactory - No Message ID Class For TypeName : DeepCore.GameData.Zone.ZoneEditor.EventTrigger.StateFollowAndPickItemAction
EventDebugProtocolFactory - No Message ID Class For TypeName : DeepCore.GameData.Zone.ZoneEditor.EventTrigger.StateAttackToZoneWayPointAction
EventDebugProtocolFactory - No Message ID Class For TypeName : DeepCore.GameData.Zone.ZoneEditor.EventTrigger.StateGuardInPositionAction
EventDebugProtocolFactory - No Message ID Class For TypeName : DeepCore.GameData.Zone.ZoneEditor.EventTrigger.StateBackToPositionAction
EventDebugProtocolFactory - No Message ID Class For TypeName : DeepCore.GameData.Zone.ZoneEditor.EventTrigger.NpcAttackToWayPoint
EventDebugProtocolFactory - No Message ID Class For TypeName : DeepCore.GameData.Zone.ZoneEditor.EventTrigger.NpcPatrolWithWayPoint
EventDebugProtocolFactory - No Message ID Class For TypeName : DeepCore.GameData.Zone.ZoneEditor.EventTrigger.NpcFollowAndGuardUnit
EventDebugProtocolFactory - No Message ID Class For TypeName : DeepCore.GameData.Zone.ZoneEditor.EventTrigger.NpcFollowAndAttackUnit
EventDebugProtocolFactory - No Message ID Class For TypeName : DeepCore.GameData.Zone.ZoneEditor.EventTrigger.StateMoveFindPathWayPointAction
EventDebugProtocolFactory - No Message ID Class For TypeName : DeepCore.GameData.Zone.ZoneEditor.EventTrigger.LocalVarUnit
EventDebugProtocolFactory - No Message ID Class For TypeName : DeepCore.GameData.Zone.ZoneEditor.EventTrigger.LocalVarFlag
EventDebugProtocolFactory - No Message ID Class For TypeName : DeepCore.GameData.Zone.ZoneEditor.EventTrigger.LocalVarItem
EventDebugProtocolFactory - No Message ID Class For TypeName : DeepCore.GameData.Zone.ZoneEditor.EventTrigger.LocalVarPosition
EventDebugProtocolFactory - No Message ID Class For TypeName : DeepCore.GameData.Zone.ZoneEditor.EventTrigger.GetLocalAsUnit
EventDebugProtocolFactory - No Message ID Class For TypeName : DeepCore.GameData.Zone.ZoneEditor.EventTrigger.GetLocalAsItem
EventDebugProtocolFactory - No Message ID Class For TypeName : DeepCore.GameData.Zone.ZoneEditor.EventTrigger.GetLocalAsFlag
EventDebugProtocolFactory - No Message ID Class For TypeName : DeepCore.GameData.Zone.ZoneEditor.EventTrigger.GetLocalAsPosition
EventDebugProtocolFactory - No Message ID Class For TypeName : DeepCore.GameData.Zone.ZoneEditor.EventTrigger.GetLocalAsUnitSV
EventDebugProtocolFactory - No Message ID Class For TypeName : DeepCore.GameData.Zone.ZoneEditor.EventTrigger.GetLocalAsItemSV
EventDebugProtocolFactory - No Message ID Class For TypeName : DeepCore.GameData.Zone.ZoneEditor.EventTrigger.GetLocalAsFlagSV
EventDebugProtocolFactory - No Message ID Class For TypeName : DeepCore.GameData.Zone.ZoneEditor.EventTrigger.GetLocalAsPositionSV
EventDebugProtocolFactory - No Message ID Class For TypeName : DeepCore.GameData.Zone.ZoneEditor.EventTrigger.SetLocalAsUnit
EventDebugProtocolFactory - No Message ID Class For TypeName : DeepCore.GameData.Zone.ZoneEditor.EventTrigger.SetLocalAsItem
EventDebugProtocolFactory - No Message ID Class For TypeName : DeepCore.GameData.Zone.ZoneEditor.EventTrigger.SetLocalAsFlag
EventDebugProtocolFactory - No Message ID Class For TypeName : DeepCore.GameData.Zone.ZoneEditor.EventTrigger.SetLocalAsPosition
EventDebugProtocolFactory - No Message ID Class For TypeName : DeepCore.GameData.Zone.ZoneEditor.EventTrigger.SetLocalAsUnitSV
EventDebugProtocolFactory - No Message ID Class For TypeName : DeepCore.GameData.Zone.ZoneEditor.EventTrigger.SetLocalAsItemSV
EventDebugProtocolFactory - No Message ID Class For TypeName : DeepCore.GameData.Zone.ZoneEditor.EventTrigger.SetLocalAsFlagSV
EventDebugProtocolFactory - No Message ID Class For TypeName : DeepCore.GameData.Zone.ZoneEditor.EventTrigger.SetLocalAsPositionSV
EventDebugProtocolFactory - No Message ID Class For TypeName : DeepCore.GameData.Zone.ZoneEditor.EventTrigger.AcceptQuest
EventDebugProtocolFactory - No Message ID Class For TypeName : DeepCore.GameData.Zone.ZoneEditor.EventTrigger.CommitQuest
EventDebugProtocolFactory - No Message ID Class For TypeName : DeepCore.GameData.Zone.ZoneEditor.EventTrigger.DropQuest
EventDebugProtocolFactory - No Message ID Class For TypeName : DeepCore.GameData.Zone.ZoneEditor.EventTrigger.UpdateQuestStatus
EventDebugProtocolFactory - No Message ID Class For TypeName : DeepCore.GameData.Zone.ZoneEditor.EventTrigger.AcceptQuestVar
EventDebugProtocolFactory - No Message ID Class For TypeName : DeepCore.GameData.Zone.ZoneEditor.EventTrigger.CommitQuestVar
EventDebugProtocolFactory - No Message ID Class For TypeName : DeepCore.GameData.Zone.ZoneEditor.EventTrigger.DropQuestVar
EventDebugProtocolFactory - No Message ID Class For TypeName : DeepCore.GameData.Zone.ZoneEditor.EventTrigger.UpdateQuestStatusVar
EventDebugProtocolFactory - No Message ID Class For TypeName : DeepCore.GameData.Zone.ZoneEditor.EventTrigger.OnQuestAccepted
EventDebugProtocolFactory - No Message ID Class For TypeName : DeepCore.GameData.Zone.ZoneEditor.EventTrigger.OnQuestCommitted
EventDebugProtocolFactory - No Message ID Class For TypeName : DeepCore.GameData.Zone.ZoneEditor.EventTrigger.OnQuestDropped
EventDebugProtocolFactory - No Message ID Class For TypeName : DeepCore.GameData.Zone.ZoneEditor.EventTrigger.OnQuestStateUpdated
EventDebugProtocolFactory - No Message ID Class For TypeName : DeepCore.GameData.Zone.ZoneEditor.EventTrigger.TriggingQuestIdentify
EventDebugProtocolFactory - No Message ID Class For TypeName : DeepCore.GameData.Zone.ZoneEditor.EventTrigger.GetQuestField
EventDebugProtocolFactory - No Message ID Class For TypeName : DeepCore.GameData.Zone.ZoneEditor.EventTrigger.GetQuestState
EventDebugProtocolFactory - No Message ID Class For TypeName : DeepCore.GameData.Zone.ZoneEditor.EventTrigger.QuestAccepted
EventDebugProtocolFactory - No Message ID Class For TypeName : DeepCore.GameData.Zone.ZoneEditor.EventTrigger.QuestAcceptedSV
EventDebugProtocolFactory - No Message ID Class For TypeName : DeepCore.GameData.Zone.ZoneEditor.EventTrigger.SetEnvironmentUnit
EventDebugProtocolFactory - No Message ID Class For TypeName : DeepCore.GameData.Zone.ZoneEditor.EventTrigger.SetEnvironmentFlag
EventDebugProtocolFactory - No Message ID Class For TypeName : DeepCore.GameData.Zone.ZoneEditor.EventTrigger.SetEnvironmentItem
EventDebugProtocolFactory - No Message ID Class For TypeName : DeepCore.GameData.Zone.ZoneEditor.EventTrigger.SetEnvironmentPosition
EventDebugProtocolFactory - No Message ID Class For TypeName : DeepCore.GameData.Zone.ZoneEditor.EventTrigger.SetEnvironmentGUI
EventDebugProtocolFactory - No Message ID Class For TypeName : DeepCore.GameData.Zone.ZoneEditor.EventTrigger.SetEnvironmentUnitSV
EventDebugProtocolFactory - No Message ID Class For TypeName : DeepCore.GameData.Zone.ZoneEditor.EventTrigger.SetEnvironmentFlagSV
EventDebugProtocolFactory - No Message ID Class For TypeName : DeepCore.GameData.Zone.ZoneEditor.EventTrigger.SetEnvironmentItemSV
EventDebugProtocolFactory - No Message ID Class For TypeName : DeepCore.GameData.Zone.ZoneEditor.EventTrigger.SetEnvironmentPositionSV
EventDebugProtocolFactory - No Message ID Class For TypeName : DeepCore.GameData.Zone.ZoneEditor.EventTrigger.SetEnvironmentGUISV
EventDebugProtocolFactory - No Message ID Class For TypeName : DeepCore.GameData.Zone.ZoneEditor.EventTrigger.GetEnvironmentAsUnit
EventDebugProtocolFactory - No Message ID Class For TypeName : DeepCore.GameData.Zone.ZoneEditor.EventTrigger.GetEnvironmentAsItem
EventDebugProtocolFactory - No Message ID Class For TypeName : DeepCore.GameData.Zone.ZoneEditor.EventTrigger.GetEnvironmentAsFlag
EventDebugProtocolFactory - No Message ID Class For TypeName : DeepCore.GameData.Zone.ZoneEditor.EventTrigger.GetEnvironmentAsPosition
EventDebugProtocolFactory - No Message ID Class For TypeName : DeepCore.GameData.Zone.ZoneEditor.EventTrigger.GetEnvironmentAsGUI
EventDebugProtocolFactory - No Message ID Class For TypeName : DeepCore.GameData.Zone.ZoneEditor.EventTrigger.GetEnvironmentAsUnitSV
EventDebugProtocolFactory - No Message ID Class For TypeName : DeepCore.GameData.Zone.ZoneEditor.EventTrigger.GetEnvironmentAsItemSV
EventDebugProtocolFactory - No Message ID Class For TypeName : DeepCore.GameData.Zone.ZoneEditor.EventTrigger.GetEnvironmentAsFlagSV
EventDebugProtocolFactory - No Message ID Class For TypeName : DeepCore.GameData.Zone.ZoneEditor.EventTrigger.GetEnvironmentAsPositionSV
EventDebugProtocolFactory - No Message ID Class For TypeName : DeepCore.GameData.Zone.ZoneEditor.EventTrigger.GetEnvironmentAsGUISV
EventDebugProtocolFactory - No Message ID Class For TypeName : DeepCore.GameData.Zone.ZoneEditor.EventTrigger.SpawnTriggerAliveCount
EventDebugProtocolFactory - No Message ID Class For TypeName : DeepCore.GameData.Zone.ZoneEditor.EventTrigger.SpawnTriggerTotalSpawnCount
EventDebugProtocolFactory - No Message ID Class For TypeName : DeepCore.GameData.Zone.ZoneEditor.EventTrigger.SpawnTriggerOnceSpawnCount
EventDebugProtocolFactory - No Message ID Class For TypeName : DeepCore.GameData.Zone.ZoneEditor.EventTrigger.SpawnTriggerLimitedSpawnCount
EventDebugProtocolFactory - No Message ID Class For TypeName : DeepCore.GameData.Zone.ZoneEditor.EventTrigger.SpawnTriggerLimitedAliveCount
EventDebugProtocolFactory - No Message ID Class For TypeName : DeepCore.GameData.Zone.ZoneEditor.EventTrigger.SpawnTriggerIsSpawnOver
EventDebugProtocolFactory - No Message ID Class For TypeName : DeepCore.GameData.Zone.ZoneEditor.EventTrigger.FlagOpenedTrigger
EventDebugProtocolFactory - No Message ID Class For TypeName : DeepCore.GameData.Zone.ZoneEditor.EventTrigger.FlagClosedTrigger
EventDebugProtocolFactory - No Message ID Class For TypeName : DeepCore.GameData.Zone.ZoneEditor.EventTrigger.UnitEnterRegion
EventDebugProtocolFactory - No Message ID Class For TypeName : DeepCore.GameData.Zone.ZoneEditor.EventTrigger.UnitLeaveRegion
EventDebugProtocolFactory - No Message ID Class For TypeName : DeepCore.GameData.Zone.ZoneEditor.EventTrigger.SpawnUnitRegionIsDone
EventDebugProtocolFactory - No Message ID Class For TypeName : DeepCore.GameData.Zone.ZoneEditor.EventTrigger.SpawnUnitRegionSpawned
EventDebugProtocolFactory - No Message ID Class For TypeName : DeepCore.GameData.Zone.ZoneEditor.EventTrigger.UnitEnterRegionOnce
EventDebugProtocolFactory - No Message ID Class For TypeName : DeepCore.GameData.Zone.ZoneEditor.EventTrigger.UnitLeaveRegionOnce
EventDebugProtocolFactory - No Message ID Class For TypeName : DeepCore.GameData.Zone.ZoneEditor.EventTrigger.UnitEnterArea
EventDebugProtocolFactory - No Message ID Class For TypeName : DeepCore.GameData.Zone.ZoneEditor.EventTrigger.UnitLeaveArea
EventDebugProtocolFactory - No Message ID Class For TypeName : DeepCore.GameData.Zone.ZoneEditor.EventTrigger.UnitEnterAreaOnce
EventDebugProtocolFactory - No Message ID Class For TypeName : DeepCore.GameData.Zone.ZoneEditor.EventTrigger.UnitLeaveAreaOnce
EventDebugProtocolFactory - No Message ID Class For TypeName : DeepCore.GameData.Zone.ZoneEditor.EventTrigger.AnyFlagOnTrigger
EventDebugProtocolFactory - No Message ID Class For TypeName : DeepCore.GameData.Zone.ZoneEditor.EventTrigger.AnyFlagOffTrigger
EventDebugProtocolFactory - No Message ID Class For TypeName : DeepCore.GameData.Zone.ZoneEditor.EventTrigger.AnySpawnUnitRegionIsDone
EventDebugProtocolFactory - No Message ID Class For TypeName : DeepCore.GameData.Zone.ZoneEditor.EventTrigger.AnySpawnUnitRegionSpawned
EventDebugProtocolFactory - No Message ID Class For TypeName : DeepCore.GameData.Zone.ZoneEditor.EventTrigger.AnyUnitPassPointTrigger
EventDebugProtocolFactory - No Message ID Class For TypeName : DeepCore.GameData.Zone.ZoneEditor.EventTrigger.AnyUnitHoldOnPointTrigger
EventDebugProtocolFactory - No Message ID Class For TypeName : DeepCore.GameData.Zone.ZoneEditor.EventTrigger.AnyUnitEnterRegion
EventDebugProtocolFactory - No Message ID Class For TypeName : DeepCore.GameData.Zone.ZoneEditor.EventTrigger.AnyUnitLeaveRegion
EventDebugProtocolFactory - No Message ID Class For TypeName : DeepCore.GameData.Zone.ZoneEditor.EventTrigger.AnyUnitEnterArea
EventDebugProtocolFactory - No Message ID Class For TypeName : DeepCore.GameData.Zone.ZoneEditor.EventTrigger.AnyUnitLeaveArea
EventDebugProtocolFactory - No Message ID Class For TypeName : DeepCore.GameData.Zone.ZoneEditor.EventTrigger.AddedItem
EventDebugProtocolFactory - No Message ID Class For TypeName : DeepCore.GameData.Zone.ZoneEditor.EventTrigger.TryUnitPickItem
EventDebugProtocolFactory - No Message ID Class For TypeName : DeepCore.GameData.Zone.ZoneEditor.EventTrigger.TryUnitPickAnyItem
EventDebugProtocolFactory - No Message ID Class For TypeName : DeepCore.GameData.Zone.ZoneEditor.EventTrigger.GenericUnitAdded
EventDebugProtocolFactory - No Message ID Class For TypeName : DeepCore.GameData.Zone.ZoneEditor.EventTrigger.GenericUnitRemoved
EventDebugProtocolFactory - No Message ID Class For TypeName : DeepCore.GameData.Zone.ZoneEditor.EventTrigger.GenericUnitFirstActivated
EventDebugProtocolFactory - No Message ID Class For TypeName : DeepCore.GameData.Zone.ZoneEditor.EventTrigger.GenericUnitActivated
EventDebugProtocolFactory - No Message ID Class For TypeName : DeepCore.GameData.Zone.ZoneEditor.EventTrigger.GenericUnitDamaged
EventDebugProtocolFactory - No Message ID Class For TypeName : DeepCore.GameData.Zone.ZoneEditor.EventTrigger.GenericUnitGotBuff
EventDebugProtocolFactory - No Message ID Class For TypeName : DeepCore.GameData.Zone.ZoneEditor.EventTrigger.GenericUnitDead
EventDebugProtocolFactory - No Message ID Class For TypeName : DeepCore.GameData.Zone.ZoneEditor.EventTrigger.GenericUnitRebirth
EventDebugProtocolFactory - No Message ID Class For TypeName : DeepCore.GameData.Zone.ZoneEditor.EventTrigger.GenericUnitGotItem
EventDebugProtocolFactory - No Message ID Class For TypeName : DeepCore.GameData.Zone.ZoneEditor.EventTrigger.GenericUnitLostItem
EventDebugProtocolFactory - No Message ID Class For TypeName : DeepCore.GameData.Zone.ZoneEditor.EventTrigger.GenericUnitGotIZoneItem
EventDebugProtocolFactory - No Message ID Class For TypeName : DeepCore.GameData.Zone.ZoneEditor.EventTrigger.GenericUnitUseItem
EventDebugProtocolFactory - No Message ID Class For TypeName : DeepCore.GameData.Zone.ZoneEditor.EventTrigger.GenericUnitPickUnit
EventDebugProtocolFactory - No Message ID Class For TypeName : DeepCore.GameData.Zone.ZoneEditor.EventTrigger.GenericPlayReady
EventDebugProtocolFactory - No Message ID Class For TypeName : DeepCore.GameData.Zone.ZoneEditor.EventTrigger.GenericUnitLaunchAura
EventDebugProtocolFactory - No Message ID Class For TypeName : DeepCore.GameData.Zone.ZoneEditor.EventTrigger.GenericUnitEnterAura
EventDebugProtocolFactory - No Message ID Class For TypeName : DeepCore.GameData.Zone.ZoneEditor.EventTrigger.GenericUnitLeaveAura
EventDebugProtocolFactory - No Message ID Class For TypeName : DeepCore.GameData.Zone.ZoneEditor.EventTrigger.GenericUnitLevelUp
EventDebugProtocolFactory - No Message ID Class For TypeName : DeepCore.GameData.Zone.ZoneEditor.EventTrigger.GenericUnitTransport
EventDebugProtocolFactory - No Message ID Class For TypeName : DeepCore.GameData.Zone.ZoneEditor.EventTrigger.UnitLeaveAOI
EventDebugProtocolFactory - No Message ID Class For TypeName : DeepCore.GameData.Zone.ZoneEditor.EventTrigger.UnitEnterAOI
EventDebugProtocolFactory - No Message ID Class For TypeName : DeepCore.GameData.Zone.ZoneEditor.EventTrigger.UnitSwapZoneInfoFlag
EventDebugProtocolFactory - No Message ID Class For TypeName : DeepCore.GameData.Zone.ZoneEditor.EventTrigger.SpecifyUnitFirstActivated
EventDebugProtocolFactory - No Message ID Class For TypeName : DeepCore.GameData.Zone.ZoneEditor.EventTrigger.SpecifyUnitActivated
EventDebugProtocolFactory - No Message ID Class For TypeName : DeepCore.GameData.Zone.ZoneEditor.EventTrigger.SpecifyUnitAttack
EventDebugProtocolFactory - No Message ID Class For TypeName : DeepCore.GameData.Zone.ZoneEditor.EventTrigger.SpecifyUnitDamaged
EventDebugProtocolFactory - No Message ID Class For TypeName : DeepCore.GameData.Zone.ZoneEditor.EventTrigger.SpecifyUnitDead
EventDebugProtocolFactory - No Message ID Class For TypeName : DeepCore.GameData.Zone.ZoneEditor.EventTrigger.SpecifyUnitKill
EventDebugProtocolFactory - No Message ID Class For TypeName : DeepCore.GameData.Zone.ZoneEditor.EventTrigger.SpecifyUnitRebirth
EventDebugProtocolFactory - No Message ID Class For TypeName : DeepCore.GameData.Zone.ZoneEditor.EventTrigger.SpecifyUnitGotItem
EventDebugProtocolFactory - No Message ID Class For TypeName : DeepCore.GameData.Zone.ZoneEditor.EventTrigger.SpecifyUnitLostItem
EventDebugProtocolFactory - No Message ID Class For TypeName : DeepCore.GameData.Zone.ZoneEditor.EventTrigger.SpecifyUnitUseItem
EventDebugProtocolFactory - No Message ID Class For TypeName : DeepCore.GameData.Zone.ZoneEditor.EventTrigger.SpecifyUnitGotIZoneItem
EventDebugProtocolFactory - No Message ID Class For TypeName : DeepCore.GameData.Zone.ZoneEditor.EventTrigger.SpecifyUnitGotBuff
EventDebugProtocolFactory - No Message ID Class For TypeName : DeepCore.GameData.Zone.ZoneEditor.EventTrigger.SpecifyUnitLaunchAura
EventDebugProtocolFactory - No Message ID Class For TypeName : DeepCore.GameData.Zone.ZoneEditor.EventTrigger.SpecifyUnitEnterAura
EventDebugProtocolFactory - No Message ID Class For TypeName : DeepCore.GameData.Zone.ZoneEditor.EventTrigger.SpecifyUnitLeaveAura
EventDebugProtocolFactory - No Message ID Class For TypeName : DeepCore.GameData.Zone.ZoneEditor.EventTrigger.SpecifyUnitEnvironmentVarChange
EventDebugProtocolFactory - No Message ID Class For TypeName : DeepCore.GameData.Zone.ZoneEditor.EventTrigger.SpecifyUnitLevelUp
EventDebugProtocolFactory - No Message ID Class For TypeName : DeepCore.GameData.Zone.ZoneEditor.EventTrigger.SpecifyUnitTransport
EventDebugProtocolFactory - No Message ID Class For TypeName : DeepCore.GameData.Zone.ZoneEditor.EventTrigger.SpecifyUnitDoSometing
EventDebugProtocolFactory - No Message ID Class For TypeName : DeepCore.GameData.Zone.ZoneEditor.EventTrigger.BindingUnitFirstActivated
EventDebugProtocolFactory - No Message ID Class For TypeName : DeepCore.GameData.Zone.ZoneEditor.EventTrigger.BindingUnitActivated
EventDebugProtocolFactory - No Message ID Class For TypeName : DeepCore.GameData.Zone.ZoneEditor.EventTrigger.BindingUnitAttack
EventDebugProtocolFactory - No Message ID Class For TypeName : DeepCore.GameData.Zone.ZoneEditor.EventTrigger.BindingUnitDamaged
EventDebugProtocolFactory - No Message ID Class For TypeName : DeepCore.GameData.Zone.ZoneEditor.EventTrigger.BindingUnitDead
EventDebugProtocolFactory - No Message ID Class For TypeName : DeepCore.GameData.Zone.ZoneEditor.EventTrigger.BindingUnitKill
EventDebugProtocolFactory - No Message ID Class For TypeName : DeepCore.GameData.Zone.ZoneEditor.EventTrigger.BindingUnitRebirth
EventDebugProtocolFactory - No Message ID Class For TypeName : DeepCore.GameData.Zone.ZoneEditor.EventTrigger.BindingUnitGotItem
EventDebugProtocolFactory - No Message ID Class For TypeName : DeepCore.GameData.Zone.ZoneEditor.EventTrigger.BindingUnitLostItem
EventDebugProtocolFactory - No Message ID Class For TypeName : DeepCore.GameData.Zone.ZoneEditor.EventTrigger.BindingUnitUseItem
EventDebugProtocolFactory - No Message ID Class For TypeName : DeepCore.GameData.Zone.ZoneEditor.EventTrigger.BindingUnitGotIZoneItem
EventDebugProtocolFactory - No Message ID Class For TypeName : DeepCore.GameData.Zone.ZoneEditor.EventTrigger.BindingUnitGotBuff
EventDebugProtocolFactory - No Message ID Class For TypeName : DeepCore.GameData.Zone.ZoneEditor.EventTrigger.BindingUnitRemoveBuff
EventDebugProtocolFactory - No Message ID Class For TypeName : DeepCore.GameData.Zone.ZoneEditor.EventTrigger.BindingUnitLaunchAura
EventDebugProtocolFactory - No Message ID Class For TypeName : DeepCore.GameData.Zone.ZoneEditor.EventTrigger.BindingUnitEnterAura
EventDebugProtocolFactory - No Message ID Class For TypeName : DeepCore.GameData.Zone.ZoneEditor.EventTrigger.BindingUnitLeaveAura
EventDebugProtocolFactory - No Message ID Class For TypeName : DeepCore.GameData.Zone.ZoneEditor.EventTrigger.BindingUnitLevelUp
EventDebugProtocolFactory - No Message ID Class For TypeName : DeepCore.GameData.Zone.ZoneEditor.EventTrigger.BindingUnitTransport
EventDebugProtocolFactory - No Message ID Class For TypeName : DeepCore.GameData.Zone.ZoneEditor.EventTrigger.BindingUnitTryGetCard
EventDebugProtocolFactory - No Message ID Class For TypeName : DeepCore.GameData.Zone.ZoneEditor.EventTrigger.BindingUnitDoSometing
EventDebugProtocolFactory - No Message ID Class For TypeName : DeepCore.GameData.Zone.ZoneEditor.EventTrigger.GenericUnitLaunchSkill
EventDebugProtocolFactory - No Message ID Class For TypeName : DeepCore.GameData.Zone.ZoneEditor.EventTrigger.GenericUnitOverSkill
EventDebugProtocolFactory - No Message ID Class For TypeName : DeepCore.GameData.Zone.ZoneEditor.EventTrigger.GenericUnitLaunchSpell
EventDebugProtocolFactory - No Message ID Class For TypeName : DeepCore.GameData.Zone.ZoneEditor.EventTrigger.GenericUnitRemoveSpell
EventDebugProtocolFactory - No Message ID Class For TypeName : DeepCore.GameData.Zone.ZoneEditor.EventTrigger.SpecifyUnitLaunchSkill
EventDebugProtocolFactory - No Message ID Class For TypeName : DeepCore.GameData.Zone.ZoneEditor.EventTrigger.SpecifyUnitOverSkill
EventDebugProtocolFactory - No Message ID Class For TypeName : DeepCore.GameData.Zone.ZoneEditor.EventTrigger.SpecifyUnitLaunchSpell
EventDebugProtocolFactory - No Message ID Class For TypeName : DeepCore.GameData.Zone.ZoneEditor.EventTrigger.SpecifyUnitRemoveSpell
EventDebugProtocolFactory - No Message ID Class For TypeName : DeepCore.GameData.Zone.ZoneEditor.EventTrigger.BindingUnitLaunchSkill
EventDebugProtocolFactory - No Message ID Class For TypeName : DeepCore.GameData.Zone.ZoneEditor.EventTrigger.BindingUnitOverSkill
EventDebugProtocolFactory - No Message ID Class For TypeName : DeepCore.GameData.Zone.ZoneEditor.EventTrigger.BindingUnitLaunchSpell
EventDebugProtocolFactory - No Message ID Class For TypeName : DeepCore.GameData.Zone.ZoneEditor.EventTrigger.BindingUnitRemoveSpell
EventDebugProtocolFactory - No Message ID Class For TypeName : DeepCore.GameData.Zone.ZoneEditor.EventTrigger.GenericUnitSpellLaunchSpell
EventDebugProtocolFactory - No Message ID Class For TypeName : DeepCore.GameData.Zone.ZoneEditor.EventTrigger.SpecifyUnitSpellLaunchSpell
EventDebugProtocolFactory - No Message ID Class For TypeName : DeepCore.GameData.Zone.ZoneEditor.EventTrigger.BindingUnitSpellLaunchSpell
EventDebugProtocolFactory - No Message ID Class For TypeName : DeepCore.GameData.Zone.ZoneEditor.EventTrigger.GenericUnitSpellHitted
EventDebugProtocolFactory - No Message ID Class For TypeName : DeepCore.GameData.Zone.ZoneEditor.EventTrigger.SpecifyUnitSpellHitted
EventDebugProtocolFactory - No Message ID Class For TypeName : DeepCore.GameData.Zone.ZoneEditor.EventTrigger.BindingUnitSpellHitted
EventDebugProtocolFactory - No Message ID Class For TypeName : DeepCore.GameData.Zone.ZoneEditor.EventTrigger.GenericUnitSpellFirstHitted
EventDebugProtocolFactory - No Message ID Class For TypeName : DeepCore.GameData.Zone.ZoneEditor.EventTrigger.SpecifyUnitSpellFirstHitted
EventDebugProtocolFactory - No Message ID Class For TypeName : DeepCore.GameData.Zone.ZoneEditor.EventTrigger.BindingUnitSpellFirstHitted
EventDebugProtocolFactory - No Message ID Class For TypeName : DeepCore.GameData.Zone.ZoneEditor.EventTrigger.SceneInitialized
EventDebugProtocolFactory - No Message ID Class For TypeName : DeepCore.GameData.Zone.ZoneEditor.EventTrigger.TimeElapsed
EventDebugProtocolFactory - No Message ID Class For TypeName : DeepCore.GameData.Zone.ZoneEditor.EventTrigger.TimePeriodic
EventDebugProtocolFactory - No Message ID Class For TypeName : DeepCore.GameData.Zone.ZoneEditor.EventTrigger.TimeTask
EventDebugProtocolFactory - No Message ID Class For TypeName : DeepCore.GameData.Zone.ZoneEditor.EventTrigger.ValuedTimeElapsed
EventDebugProtocolFactory - No Message ID Class For TypeName : DeepCore.GameData.Zone.ZoneEditor.EventTrigger.ValuedTimePeriodic
EventDebugProtocolFactory - No Message ID Class For TypeName : DeepCore.GameData.Zone.ZoneEditor.EventTrigger.ValuedTimeTask
EventDebugProtocolFactory - No Message ID Class For TypeName : DeepCore.GameData.Zone.ZoneEditor.EventTrigger.EnvironmentVarChange
EventDebugProtocolFactory - No Message ID Class For TypeName : DeepCore.GameData.Zone.ZoneEditor.EventTrigger.PlayerEnterScene
EventDebugProtocolFactory - No Message ID Class For TypeName : DeepCore.GameData.Zone.ZoneEditor.EventTrigger.SetUnitString
EventDebugProtocolFactory - No Message ID Class For TypeName : DeepCore.GameData.Zone.ZoneEditor.EventTrigger.SetUnitInteger
EventDebugProtocolFactory - No Message ID Class For TypeName : DeepCore.GameData.Zone.ZoneEditor.EventTrigger.SetUnitReal
EventDebugProtocolFactory - No Message ID Class For TypeName : DeepCore.GameData.Zone.ZoneEditor.EventTrigger.SetUnitBool
EventDebugProtocolFactory - No Message ID Class For TypeName : DeepCore.GameData.Zone.ZoneEditor.EventTrigger.SetUnitUnit
EventDebugProtocolFactory - No Message ID Class For TypeName : DeepCore.GameData.Zone.ZoneEditor.EventTrigger.SetUnitFlag
EventDebugProtocolFactory - No Message ID Class For TypeName : DeepCore.GameData.Zone.ZoneEditor.EventTrigger.SetUnitItem
EventDebugProtocolFactory - No Message ID Class For TypeName : DeepCore.GameData.Zone.ZoneEditor.EventTrigger.SetUnitPosition
EventDebugProtocolFactory - No Message ID Class For TypeName : DeepCore.GameData.Zone.ZoneEditor.EventTrigger.SetUnitStringStringValueKey
EventDebugProtocolFactory - No Message ID Class For TypeName : DeepCore.GameData.Zone.ZoneEditor.EventTrigger.SetUnitIntegerStringValueKey
EventDebugProtocolFactory - No Message ID Class For TypeName : DeepCore.GameData.Zone.ZoneEditor.EventTrigger.SetUnitRealStringValueKey
EventDebugProtocolFactory - No Message ID Class For TypeName : DeepCore.GameData.Zone.ZoneEditor.EventTrigger.SetUnitBoolStringValueKey
EventDebugProtocolFactory - No Message ID Class For TypeName : DeepCore.GameData.Zone.ZoneEditor.EventTrigger.SetUnitUnitStringValueKey
EventDebugProtocolFactory - No Message ID Class For TypeName : DeepCore.GameData.Zone.ZoneEditor.EventTrigger.SetUnitFlagStringValueKey
EventDebugProtocolFactory - No Message ID Class For TypeName : DeepCore.GameData.Zone.ZoneEditor.EventTrigger.SetUnitItemStringValueKey
EventDebugProtocolFactory - No Message ID Class For TypeName : DeepCore.GameData.Zone.ZoneEditor.EventTrigger.SetUnitPositionStringValueKey
EventDebugProtocolFactory - No Message ID Class For TypeName : DeepCore.GameData.Zone.ZoneEditor.EventTrigger.PlayerSetString
EventDebugProtocolFactory - No Message ID Class For TypeName : DeepCore.GameData.Zone.ZoneEditor.EventTrigger.PlayerSetInteger
EventDebugProtocolFactory - No Message ID Class For TypeName : DeepCore.GameData.Zone.ZoneEditor.EventTrigger.PlayerSetReal
EventDebugProtocolFactory - No Message ID Class For TypeName : DeepCore.GameData.Zone.ZoneEditor.EventTrigger.PlayerSetBool
EventDebugProtocolFactory - No Message ID Class For TypeName : DeepCore.GameData.Zone.ZoneEditor.EventTrigger.PlayerSetUnit
EventDebugProtocolFactory - No Message ID Class For TypeName : DeepCore.GameData.Zone.ZoneEditor.EventTrigger.PlayerSetFlag
EventDebugProtocolFactory - No Message ID Class For TypeName : DeepCore.GameData.Zone.ZoneEditor.EventTrigger.PlayerSetItem
EventDebugProtocolFactory - No Message ID Class For TypeName : DeepCore.GameData.Zone.ZoneEditor.EventTrigger.PlayerSetPosition
EventDebugProtocolFactory - No Message ID Class For TypeName : DeepCore.GameData.Zone.ZoneEditor.EventTrigger.GetUnitAsString
EventDebugProtocolFactory - No Message ID Class For TypeName : DeepCore.GameData.Zone.ZoneEditor.EventTrigger.GetUnitAsInteger
EventDebugProtocolFactory - No Message ID Class For TypeName : DeepCore.GameData.Zone.ZoneEditor.EventTrigger.GetUnitAsReal
EventDebugProtocolFactory - No Message ID Class For TypeName : DeepCore.GameData.Zone.ZoneEditor.EventTrigger.GetUnitAsBoolean
EventDebugProtocolFactory - No Message ID Class For TypeName : DeepCore.GameData.Zone.ZoneEditor.EventTrigger.GetUnitAsUnit
EventDebugProtocolFactory - No Message ID Class For TypeName : DeepCore.GameData.Zone.ZoneEditor.EventTrigger.GetUnitAsItem
EventDebugProtocolFactory - No Message ID Class For TypeName : DeepCore.GameData.Zone.ZoneEditor.EventTrigger.GetUnitAsFlag
EventDebugProtocolFactory - No Message ID Class For TypeName : DeepCore.GameData.Zone.ZoneEditor.EventTrigger.GetUnitAsPosition
EventDebugProtocolFactory - No Message ID Class For TypeName : DeepCore.GameData.Zone.ZoneEditor.EventTrigger.GetUnitAsStringStringValueKey
EventDebugProtocolFactory - No Message ID Class For TypeName : DeepCore.GameData.Zone.ZoneEditor.EventTrigger.GetUnitAsIntegerStringValueKey
EventDebugProtocolFactory - No Message ID Class For TypeName : DeepCore.GameData.Zone.ZoneEditor.EventTrigger.GetUnitAsRealStringValueKey
EventDebugProtocolFactory - No Message ID Class For TypeName : DeepCore.GameData.Zone.ZoneEditor.EventTrigger.GetUnitAsBooleanStringValueKey
EventDebugProtocolFactory - No Message ID Class For TypeName : DeepCore.GameData.Zone.ZoneEditor.EventTrigger.GetUnitAsUnitStringValueKey
EventDebugProtocolFactory - No Message ID Class For TypeName : DeepCore.GameData.Zone.ZoneEditor.EventTrigger.GetUnitAsItemStringValueKey
EventDebugProtocolFactory - No Message ID Class For TypeName : DeepCore.GameData.Zone.ZoneEditor.EventTrigger.GetUnitAsFlagStringValueKey
EventDebugProtocolFactory - No Message ID Class For TypeName : DeepCore.GameData.Zone.ZoneEditor.EventTrigger.GetUnitAsPositionStringValueKey
EventDebugProtocolFactory - No Message ID Class For TypeName : DeepCore.GameData.Zone.ZoneEditor.EventTrigger.GetPlayerAsStringStringValueKey
EventDebugProtocolFactory - No Message ID Class For TypeName : DeepCore.GameData.Zone.ZoneEditor.EventTrigger.GetPlayerAsIntegerStringValueKey
EventDebugProtocolFactory - No Message ID Class For TypeName : DeepCore.GameData.Zone.ZoneEditor.EventTrigger.GetPlayerAsRealStringValueKey
EventDebugProtocolFactory - No Message ID Class For TypeName : DeepCore.GameData.Zone.ZoneEditor.EventTrigger.GetPlayerAsBooleanStringValueKey
EventDebugProtocolFactory - No Message ID Class For TypeName : DeepCore.GameData.Zone.ZoneEditor.EventTrigger.GetPlayerAsUnitStringValueKey
EventDebugProtocolFactory - No Message ID Class For TypeName : DeepCore.GameData.Zone.ZoneEditor.EventTrigger.GetPlayerAsItemStringValueKey
EventDebugProtocolFactory - No Message ID Class For TypeName : DeepCore.GameData.Zone.ZoneEditor.EventTrigger.GetPlayerAsFlagStringValueKey
EventDebugProtocolFactory - No Message ID Class For TypeName : DeepCore.GameData.Zone.ZoneEditor.EventTrigger.GetPlayerAsPositionStringValueKey
EventDebugProtocolFactory - No Message ID Class For TypeName : DeepCore.GameData.Zone.ZoneEditor.EventTrigger.TriggingAttackDamage
EventDebugProtocolFactory - No Message ID Class For TypeName : DeepCore.GameData.Zone.ZoneEditor.EventTrigger.TriggingAttackFromSkill
EventDebugProtocolFactory - No Message ID Class For TypeName : DeepCore.GameData.Zone.ZoneEditor.EventTrigger.TriggingAttackFromSourceSkill
EventDebugProtocolFactory - No Message ID Class For TypeName : DeepCore.GameData.Zone.ZoneEditor.EventTrigger.TriggingAttackFromSpell
EventDebugProtocolFactory - No Message ID Class For TypeName : DeepCore.GameData.Zone.ZoneEditor.EventTrigger.TriggingAttackFromBuff
EventDebugProtocolFactory - No Message ID Class For TypeName : DeepCore.GameData.Zone.ZoneEditor.EventTrigger.TriggingAttackOutHitted
EventDebugProtocolFactory - No Message ID Class For TypeName : DeepCore.GameData.Zone.ZoneEditor.EventTrigger.TriggingAttackOutIsDamage
EventDebugProtocolFactory - No Message ID Class For TypeName : DeepCore.GameData.Zone.ZoneEditor.EventTrigger.TriggingAttackOutIsCrush
EventDebugProtocolFactory - No Message ID Class For TypeName : DeepCore.GameData.Zone.ZoneEditor.EventTrigger.TriggingAttackOutIsCritical
EventDebugProtocolFactory - No Message ID Class For TypeName : DeepCore.GameData.Zone.ZoneEditor.EventTrigger.TriggingAttackOutHasFly
EventDebugProtocolFactory - No Message ID Class For TypeName : DeepCore.GameData.Zone.ZoneEditor.EventTrigger.TriggingAttackOutHasKnockDown
EventDebugProtocolFactory - No Message ID Class For TypeName : DeepCore.GameData.Zone.ZoneEditor.EventTrigger.TriggingAttackOutKnockDownTimeMS
EventDebugProtocolFactory - No Message ID Class For TypeName : DeepCore.GameData.Zone.ZoneEditor.EventTrigger.TriggingAttackOutCanWhiplashDeadBody
EventDebugProtocolFactory - No Message ID Class For TypeName : DeepCore.GameData.Zone.ZoneEditor.EventTrigger.TriggingAttackOutWeight
EventDebugProtocolFactory - No Message ID Class For TypeName : DeepCore.GameData.Zone.ZoneEditor.EventTrigger.TriggingAttackOutReducedHP
EventDebugProtocolFactory - No Message ID Class For TypeName : DeepCore.GameData.Zone.ZoneEditor.EventTrigger.TriggingAttackOutClientState
EventDebugProtocolFactory - No Message ID Class For TypeName : DeepCore.GameData.Zone.ZoneEditor.EventTrigger.TriggingSpellChainLevel
EventDebugProtocolFactory - No Message ID Class For TypeName : DeepCore.GameData.Zone.ZoneEditor.EventTrigger.TriggingChainLevel
EventDebugProtocolFactory - No Message ID Class For TypeName : DeepCore.GameData.Zone.ZoneEditor.EventTrigger.TriggingChainLastTarget
EventDebugProtocolFactory - No Message ID Class For TypeName : DeepCore.GameData.Zone.ZoneEditor.EventTrigger.TriggingChainHasNextChain
EventDebugProtocolFactory - No Message ID Class For TypeName : DeepCore.GameData.Zone.ZoneEditor.EventTrigger.TriggingBuffOverlay
EventDebugProtocolFactory - No Message ID Class For TypeName : DeepCore.GameData.Zone.ZoneEditor.EventTrigger.ConfigFieldStringValue
EventDebugProtocolFactory - No Message ID Class For TypeName : DeepCore.GameData.Zone.ZoneEditor.EventTrigger.ConfigFieldIntegerValue
EventDebugProtocolFactory - No Message ID Class For TypeName : DeepCore.GameData.Zone.ZoneEditor.EventTrigger.ConfigFieldRealValue
EventDebugProtocolFactory - No Message ID Class For TypeName : DeepCore.GameData.Zone.ZoneEditor.EventTrigger.ConfigFieldIntegerValue64
EventDebugProtocolFactory - No Message ID Class For TypeName : DeepCore.GameData.Zone.ZoneEditor.EventTrigger.ConfigFieldRealValue64
EventDebugProtocolFactory - No Message ID Class For TypeName : DeepCore.GameData.Zone.ZoneEditor.EventTrigger.ConfigFieldBoolValue
EventDebugProtocolFactory - No Message ID Class For TypeName : DeepCore.GameData.Zone.ZoneEditor.EventTrigger.ZoneFieldStringValue
EventDebugProtocolFactory - No Message ID Class For TypeName : DeepCore.GameData.Zone.ZoneEditor.EventTrigger.ZoneFieldIntegerValue
EventDebugProtocolFactory - No Message ID Class For TypeName : DeepCore.GameData.Zone.ZoneEditor.EventTrigger.ZoneFieldLongValue
EventDebugProtocolFactory - No Message ID Class For TypeName : DeepCore.GameData.Zone.ZoneEditor.EventTrigger.ZoneFieldRealValue
EventDebugProtocolFactory - No Message ID Class For TypeName : DeepCore.GameData.Zone.ZoneEditor.EventTrigger.ZoneFieldDoubleValue
EventDebugProtocolFactory - No Message ID Class For TypeName : DeepCore.GameData.Zone.ZoneEditor.EventTrigger.ZoneFieldBoolValue
EventDebugProtocolFactory - No Message ID Class For TypeName : DeepCore.GameData.Zone.ZoneEditor.EventTrigger.UnitFieldStringValue
EventDebugProtocolFactory - No Message ID Class For TypeName : DeepCore.GameData.Zone.ZoneEditor.EventTrigger.UnitFieldIntegerValue
EventDebugProtocolFactory - No Message ID Class For TypeName : DeepCore.GameData.Zone.ZoneEditor.EventTrigger.UnitFieldRealValue
EventDebugProtocolFactory - No Message ID Class For TypeName : DeepCore.GameData.Zone.ZoneEditor.EventTrigger.UnitFieldLongValue
EventDebugProtocolFactory - No Message ID Class For TypeName : DeepCore.GameData.Zone.ZoneEditor.EventTrigger.UnitFieldDoubleValue
EventDebugProtocolFactory - No Message ID Class For TypeName : DeepCore.GameData.Zone.ZoneEditor.EventTrigger.UnitFieldBoolValue
EventDebugProtocolFactory - No Message ID Class For TypeName : DeepCore.GameData.Zone.ZoneEditor.EventTrigger.ItemFieldStringValue
EventDebugProtocolFactory - No Message ID Class For TypeName : DeepCore.GameData.Zone.ZoneEditor.EventTrigger.ItemFieldIntegerValue
EventDebugProtocolFactory - No Message ID Class For TypeName : DeepCore.GameData.Zone.ZoneEditor.EventTrigger.ItemFieldRealValue
EventDebugProtocolFactory - No Message ID Class For TypeName : DeepCore.GameData.Zone.ZoneEditor.EventTrigger.ItemFieldLongValue
EventDebugProtocolFactory - No Message ID Class For TypeName : DeepCore.GameData.Zone.ZoneEditor.EventTrigger.ItemFieldDoubleValue
EventDebugProtocolFactory - No Message ID Class For TypeName : DeepCore.GameData.Zone.ZoneEditor.EventTrigger.ItemFieldBoolValue
EventDebugProtocolFactory - No Message ID Class For TypeName : DeepCore.GameData.Zone.ZoneEditor.EventTrigger.SceneTemplateFieldStringValue
EventDebugProtocolFactory - No Message ID Class For TypeName : DeepCore.GameData.Zone.ZoneEditor.EventTrigger.SceneTemplateFieldIntegerValue
EventDebugProtocolFactory - No Message ID Class For TypeName : DeepCore.GameData.Zone.ZoneEditor.EventTrigger.SceneTemplateFieldRealValue
EventDebugProtocolFactory - No Message ID Class For TypeName : DeepCore.GameData.Zone.ZoneEditor.EventTrigger.SceneTemplateFieldLongValue
EventDebugProtocolFactory - No Message ID Class For TypeName : DeepCore.GameData.Zone.ZoneEditor.EventTrigger.SceneTemplateFieldDoubleValue
EventDebugProtocolFactory - No Message ID Class For TypeName : DeepCore.GameData.Zone.ZoneEditor.EventTrigger.SceneTemplateFieldBoolValue
EventDebugProtocolFactory - No Message ID Class For TypeName : DeepCore.GameData.Zone.ZoneEditor.EventTrigger.UnitTemplateFieldStringValue
EventDebugProtocolFactory - No Message ID Class For TypeName : DeepCore.GameData.Zone.ZoneEditor.EventTrigger.UnitTemplateFieldIntegerValue
EventDebugProtocolFactory - No Message ID Class For TypeName : DeepCore.GameData.Zone.ZoneEditor.EventTrigger.UnitTemplateFieldRealValue
EventDebugProtocolFactory - No Message ID Class For TypeName : DeepCore.GameData.Zone.ZoneEditor.EventTrigger.UnitTemplateFieldIntegerValue64
EventDebugProtocolFactory - No Message ID Class For TypeName : DeepCore.GameData.Zone.ZoneEditor.EventTrigger.UnitTemplateFieldRealValue64
EventDebugProtocolFactory - No Message ID Class For TypeName : DeepCore.GameData.Zone.ZoneEditor.EventTrigger.UnitTemplateFieldBoolValue
EventDebugProtocolFactory - No Message ID Class For TypeName : DeepCore.GameData.Zone.ZoneEditor.EventTrigger.ItemTemplateFieldStringValue
EventDebugProtocolFactory - No Message ID Class For TypeName : DeepCore.GameData.Zone.ZoneEditor.EventTrigger.ItemTemplateFieldIntegerValue
EventDebugProtocolFactory - No Message ID Class For TypeName : DeepCore.GameData.Zone.ZoneEditor.EventTrigger.ItemTemplateFieldRealValue
EventDebugProtocolFactory - No Message ID Class For TypeName : DeepCore.GameData.Zone.ZoneEditor.EventTrigger.ItemTemplateFieldIntegerValue64
EventDebugProtocolFactory - No Message ID Class For TypeName : DeepCore.GameData.Zone.ZoneEditor.EventTrigger.ItemTemplateFieldRealValue64
EventDebugProtocolFactory - No Message ID Class For TypeName : DeepCore.GameData.Zone.ZoneEditor.EventTrigger.ItemTemplateFieldBoolValue
EventDebugProtocolFactory - No Message ID Class For TypeName : DeepCore.GameData.Zone.ZoneEditor.EventTrigger.SkillTemplateFieldStringValue
EventDebugProtocolFactory - No Message ID Class For TypeName : DeepCore.GameData.Zone.ZoneEditor.EventTrigger.SkillTemplateFieldIntegerValue
EventDebugProtocolFactory - No Message ID Class For TypeName : DeepCore.GameData.Zone.ZoneEditor.EventTrigger.SkillTemplateFieldRealValue
EventDebugProtocolFactory - No Message ID Class For TypeName : DeepCore.GameData.Zone.ZoneEditor.EventTrigger.SkillTemplateFieldIntegerValue64
EventDebugProtocolFactory - No Message ID Class For TypeName : DeepCore.GameData.Zone.ZoneEditor.EventTrigger.SkillTemplateFieldRealValue64
EventDebugProtocolFactory - No Message ID Class For TypeName : DeepCore.GameData.Zone.ZoneEditor.EventTrigger.SkillTemplateFieldBoolValue
EventDebugProtocolFactory - No Message ID Class For TypeName : DeepCore.GameData.Zone.ZoneEditor.EventTrigger.SpellTemplateFieldStringValue
EventDebugProtocolFactory - No Message ID Class For TypeName : DeepCore.GameData.Zone.ZoneEditor.EventTrigger.SpellTemplateFieldIntegerValue
EventDebugProtocolFactory - No Message ID Class For TypeName : DeepCore.GameData.Zone.ZoneEditor.EventTrigger.SpellTemplateFieldRealValue
EventDebugProtocolFactory - No Message ID Class For TypeName : DeepCore.GameData.Zone.ZoneEditor.EventTrigger.SpellTemplateFieldIntegerValue64
EventDebugProtocolFactory - No Message ID Class For TypeName : DeepCore.GameData.Zone.ZoneEditor.EventTrigger.SpellTemplateFieldRealValue64
EventDebugProtocolFactory - No Message ID Class For TypeName : DeepCore.GameData.Zone.ZoneEditor.EventTrigger.SpellTemplateFieldBoolValue
EventDebugProtocolFactory - No Message ID Class For TypeName : DeepCore.GameData.Zone.ZoneEditor.EventTrigger.BuffTemplateFieldStringValue
EventDebugProtocolFactory - No Message ID Class For TypeName : DeepCore.GameData.Zone.ZoneEditor.EventTrigger.BuffTemplateFieldIntegerValue
EventDebugProtocolFactory - No Message ID Class For TypeName : DeepCore.GameData.Zone.ZoneEditor.EventTrigger.BuffTemplateFieldRealValue
EventDebugProtocolFactory - No Message ID Class For TypeName : DeepCore.GameData.Zone.ZoneEditor.EventTrigger.BuffTemplateFieldIntegerValue64
EventDebugProtocolFactory - No Message ID Class For TypeName : DeepCore.GameData.Zone.ZoneEditor.EventTrigger.BuffTemplateFieldRealValue64
EventDebugProtocolFactory - No Message ID Class For TypeName : DeepCore.GameData.Zone.ZoneEditor.EventTrigger.BuffTemplateFieldBoolValue
EventDebugProtocolFactory - No Message ID Class For TypeName : DeepCore.GameData.Zone.ZoneEditor.EventTrigger.AuraTemplateFieldStringValue
EventDebugProtocolFactory - No Message ID Class For TypeName : DeepCore.GameData.Zone.ZoneEditor.EventTrigger.AuraTemplateFieldIntegerValue
EventDebugProtocolFactory - No Message ID Class For TypeName : DeepCore.GameData.Zone.ZoneEditor.EventTrigger.AuraTemplateFieldRealValue
EventDebugProtocolFactory - No Message ID Class For TypeName : DeepCore.GameData.Zone.ZoneEditor.EventTrigger.AuraTemplateFieldIntegerValue64
EventDebugProtocolFactory - No Message ID Class For TypeName : DeepCore.GameData.Zone.ZoneEditor.EventTrigger.AuraTemplateFieldRealValue64
EventDebugProtocolFactory - No Message ID Class For TypeName : DeepCore.GameData.Zone.ZoneEditor.EventTrigger.AuraTemplateFieldBoolValue
EventDebugProtocolFactory - No Message ID Class For TypeName : DeepCore.GameData.Zone.ZoneEditor.EventTrigger.ExtConfigFieldStringValue
EventDebugProtocolFactory - No Message ID Class For TypeName : DeepCore.GameData.Zone.ZoneEditor.EventTrigger.ExtConfigFieldIntegerValue
EventDebugProtocolFactory - No Message ID Class For TypeName : DeepCore.GameData.Zone.ZoneEditor.EventTrigger.ExtConfigFieldRealValue
EventDebugProtocolFactory - No Message ID Class For TypeName : DeepCore.GameData.Zone.ZoneEditor.EventTrigger.ExtConfigFieldIntegerValue64
EventDebugProtocolFactory - No Message ID Class For TypeName : DeepCore.GameData.Zone.ZoneEditor.EventTrigger.ExtConfigFieldRealValue64
EventDebugProtocolFactory - No Message ID Class For TypeName : DeepCore.GameData.Zone.ZoneEditor.EventTrigger.ExtConfigFieldBoolValue
EventDebugProtocolFactory - No Message ID Class For TypeName : DeepCore.GameData.Zone.ZoneEditor.EventTrigger.ZonePropertiesFieldStringValue
EventDebugProtocolFactory - No Message ID Class For TypeName : DeepCore.GameData.Zone.ZoneEditor.EventTrigger.ZonePropertiesFieldIntegerValue
EventDebugProtocolFactory - No Message ID Class For TypeName : DeepCore.GameData.Zone.ZoneEditor.EventTrigger.ZonePropertiesFieldRealValue
EventDebugProtocolFactory - No Message ID Class For TypeName : DeepCore.GameData.Zone.ZoneEditor.EventTrigger.ZonePropertiesFieldIntegerValue64
EventDebugProtocolFactory - No Message ID Class For TypeName : DeepCore.GameData.Zone.ZoneEditor.EventTrigger.ZonePropertiesFieldRealValue64
EventDebugProtocolFactory - No Message ID Class For TypeName : DeepCore.GameData.Zone.ZoneEditor.EventTrigger.ZonePropertiesFieldBoolValue
EventDebugProtocolFactory - No Message ID Class For TypeName : DeepCore.GameData.Zone.ZoneEditor.EventTrigger.UnitPropertiesFieldStringValue
EventDebugProtocolFactory - No Message ID Class For TypeName : DeepCore.GameData.Zone.ZoneEditor.EventTrigger.UnitPropertiesFieldIntegerValue
EventDebugProtocolFactory - No Message ID Class For TypeName : DeepCore.GameData.Zone.ZoneEditor.EventTrigger.UnitPropertiesFieldRealValue
EventDebugProtocolFactory - No Message ID Class For TypeName : DeepCore.GameData.Zone.ZoneEditor.EventTrigger.UnitPropertiesFieldIntegerValue64
EventDebugProtocolFactory - No Message ID Class For TypeName : DeepCore.GameData.Zone.ZoneEditor.EventTrigger.UnitPropertiesFieldRealValue64
EventDebugProtocolFactory - No Message ID Class For TypeName : DeepCore.GameData.Zone.ZoneEditor.EventTrigger.UnitPropertiesFieldBoolValue
EventDebugProtocolFactory - No Message ID Class For TypeName : DeepCore.GameData.Zone.ZoneEditor.EventTrigger.ItemPropertiesFieldStringValue
EventDebugProtocolFactory - No Message ID Class For TypeName : DeepCore.GameData.Zone.ZoneEditor.EventTrigger.ItemPropertiesFieldIntegerValue
EventDebugProtocolFactory - No Message ID Class For TypeName : DeepCore.GameData.Zone.ZoneEditor.EventTrigger.ItemPropertiesFieldRealValue
EventDebugProtocolFactory - No Message ID Class For TypeName : DeepCore.GameData.Zone.ZoneEditor.EventTrigger.ItemPropertiesFieldIntegerValue64
EventDebugProtocolFactory - No Message ID Class For TypeName : DeepCore.GameData.Zone.ZoneEditor.EventTrigger.ItemPropertiesFieldRealValue64
EventDebugProtocolFactory - No Message ID Class For TypeName : DeepCore.GameData.Zone.ZoneEditor.EventTrigger.ItemPropertiesFieldBoolValue
EventDebugProtocolFactory - No Message ID Class For TypeName : DeepCore.GameData.Zone.ZoneEditor.EventTrigger.SkillPropertiesFieldStringValue
EventDebugProtocolFactory - No Message ID Class For TypeName : DeepCore.GameData.Zone.ZoneEditor.EventTrigger.SkillPropertiesFieldIntegerValue
EventDebugProtocolFactory - No Message ID Class For TypeName : DeepCore.GameData.Zone.ZoneEditor.EventTrigger.SkillPropertiesFieldRealValue
EventDebugProtocolFactory - No Message ID Class For TypeName : DeepCore.GameData.Zone.ZoneEditor.EventTrigger.SkillPropertiesFieldIntegerValue64
EventDebugProtocolFactory - No Message ID Class For TypeName : DeepCore.GameData.Zone.ZoneEditor.EventTrigger.SkillPropertiesFieldRealValue64
EventDebugProtocolFactory - No Message ID Class For TypeName : DeepCore.GameData.Zone.ZoneEditor.EventTrigger.SkillPropertiesFieldBoolValue
EventDebugProtocolFactory - No Message ID Class For TypeName : DeepCore.GameData.Zone.ZoneEditor.EventTrigger.SpellPropertiesFieldStringValue
EventDebugProtocolFactory - No Message ID Class For TypeName : DeepCore.GameData.Zone.ZoneEditor.EventTrigger.SpellPropertiesFieldIntegerValue
EventDebugProtocolFactory - No Message ID Class For TypeName : DeepCore.GameData.Zone.ZoneEditor.EventTrigger.SpellPropertiesFieldRealValue
EventDebugProtocolFactory - No Message ID Class For TypeName : DeepCore.GameData.Zone.ZoneEditor.EventTrigger.SpellPropertiesFieldIntegerValue64
EventDebugProtocolFactory - No Message ID Class For TypeName : DeepCore.GameData.Zone.ZoneEditor.EventTrigger.SpellPropertiesFieldRealValue64
EventDebugProtocolFactory - No Message ID Class For TypeName : DeepCore.GameData.Zone.ZoneEditor.EventTrigger.SpellPropertiesFieldBoolValue
EventDebugProtocolFactory - No Message ID Class For TypeName : DeepCore.GameData.Zone.ZoneEditor.EventTrigger.BuffPropertiesFieldStringValue
EventDebugProtocolFactory - No Message ID Class For TypeName : DeepCore.GameData.Zone.ZoneEditor.EventTrigger.BuffPropertiesFieldIntegerValue
EventDebugProtocolFactory - No Message ID Class For TypeName : DeepCore.GameData.Zone.ZoneEditor.EventTrigger.BuffPropertiesFieldRealValue
EventDebugProtocolFactory - No Message ID Class For TypeName : DeepCore.GameData.Zone.ZoneEditor.EventTrigger.BuffPropertiesFieldIntegerValue64
EventDebugProtocolFactory - No Message ID Class For TypeName : DeepCore.GameData.Zone.ZoneEditor.EventTrigger.BuffPropertiesFieldRealValue64
EventDebugProtocolFactory - No Message ID Class For TypeName : DeepCore.GameData.Zone.ZoneEditor.EventTrigger.BuffPropertiesFieldBoolValue
EventDebugProtocolFactory - No Message ID Class For TypeName : DeepCore.GameData.Zone.ZoneEditor.EventTrigger.AuraPropertiesFieldStringValue
EventDebugProtocolFactory - No Message ID Class For TypeName : DeepCore.GameData.Zone.ZoneEditor.EventTrigger.AuraPropertiesFieldIntegerValue
EventDebugProtocolFactory - No Message ID Class For TypeName : DeepCore.GameData.Zone.ZoneEditor.EventTrigger.AuraPropertiesFieldRealValue
EventDebugProtocolFactory - No Message ID Class For TypeName : DeepCore.GameData.Zone.ZoneEditor.EventTrigger.AuraPropertiesFieldIntegerValue64
EventDebugProtocolFactory - No Message ID Class For TypeName : DeepCore.GameData.Zone.ZoneEditor.EventTrigger.AuraPropertiesFieldRealValue64
EventDebugProtocolFactory - No Message ID Class For TypeName : DeepCore.GameData.Zone.ZoneEditor.EventTrigger.AuraPropertiesFieldBoolValue
EventDebugProtocolFactory - No Message ID Class For TypeName : DeepCore.GameData.Zone.ZoneEditor.EventTrigger.BuffTemplateComparison
EventDebugProtocolFactory - No Message ID Class For TypeName : DeepCore.GameData.Zone.ZoneEditor.EventTrigger.BuffTemplateID
EventDebugProtocolFactory - No Message ID Class For TypeName : DeepCore.GameData.Zone.ZoneEditor.EventTrigger.ValueBuffTemplateID
EventDebugProtocolFactory - No Message ID Class For TypeName : DeepCore.GameData.Zone.ZoneEditor.EventTrigger.ItemTemplateComparison
EventDebugProtocolFactory - No Message ID Class For TypeName : DeepCore.GameData.Zone.ZoneEditor.EventTrigger.ItemTemplateID
EventDebugProtocolFactory - No Message ID Class For TypeName : DeepCore.GameData.Zone.ZoneEditor.EventTrigger.ValueItemTemplateID
EventDebugProtocolFactory - No Message ID Class For TypeName : DeepCore.GameData.Zone.ZoneEditor.EventTrigger.IZoneItemTemplateID
EventDebugProtocolFactory - No Message ID Class For TypeName : DeepCore.GameData.Zone.ZoneEditor.EventTrigger.SkillTemplateComparison
EventDebugProtocolFactory - No Message ID Class For TypeName : DeepCore.GameData.Zone.ZoneEditor.EventTrigger.TriggingSkillTemplateComparison
EventDebugProtocolFactory - No Message ID Class For TypeName : DeepCore.GameData.Zone.ZoneEditor.EventTrigger.SkillTemplateID
EventDebugProtocolFactory - No Message ID Class For TypeName : DeepCore.GameData.Zone.ZoneEditor.EventTrigger.ValueSkillTemplateID
EventDebugProtocolFactory - No Message ID Class For TypeName : DeepCore.GameData.Zone.ZoneEditor.EventTrigger.SpellTemplateComparison
EventDebugProtocolFactory - No Message ID Class For TypeName : DeepCore.GameData.Zone.ZoneEditor.EventTrigger.TriggingSpellTemplateComparison
EventDebugProtocolFactory - No Message ID Class For TypeName : DeepCore.GameData.Zone.ZoneEditor.EventTrigger.SpellTemplateID
EventDebugProtocolFactory - No Message ID Class For TypeName : DeepCore.GameData.Zone.ZoneEditor.EventTrigger.ValueSpellTemplateID
EventDebugProtocolFactory - No Message ID Class For TypeName : DeepCore.GameData.Zone.ZoneEditor.EventTrigger.UnitTemplateID
EventDebugProtocolFactory - No Message ID Class For TypeName : DeepCore.GameData.Zone.ZoneEditor.EventTrigger.ValueUnitTemplateID
EventDebugProtocolFactory - No Message ID Class For TypeName : DeepCore.GameData.Zone.ZoneEditor.EventTrigger.AuraTemplateID
EventDebugProtocolFactory - No Message ID Class For TypeName : DeepCore.GameData.Zone.ZoneEditor.EventTrigger.ValueAuraTemplateID
EventDebugProtocolFactory - No Message ID Class For TypeName : DeepCore.GameData.Zone.ZoneEditor.EventTrigger.CardTemplateID
EventDebugProtocolFactory - No Message ID Class For TypeName : DeepCore.GameData.Zone.ZoneEditor.EventTrigger.ValueCardTemplateID
EventDebugProtocolFactory - No Message ID Class For TypeName : DeepCore.GameData.Zone.ZoneEditor.EventTrigger.NpcSetGuardPosition
EventDebugProtocolFactory - No Message ID Class For TypeName : DeepCore.GameData.Zone.ZoneEditor.EventTrigger.NpcClearGuardPosition
EventDebugProtocolFactory - No Message ID Class For TypeName : DeepCore.Game3D.Host.Instance.Components.NpcAIComponent+NpcAIComponentAction
EventDebugProtocolFactory - No Message ID Class For TypeName : DeepCore.Game3D.Host.Instance.Components.NpcAIComponent+NpcAIIsON
EventDebugProtocolFactory - No Message ID Class For TypeName : DeepCore.Game3D.Host.Instance.Components.UnitAutoAttackComponent+UnitAutoLaunchSkillAction
EventDebugProtocolFactory - No Message ID Class For TypeName : DeepCore.Game3D.Host.Instance.Components.UnitAutoShootComponent+UnitAutoShootlAction
EventDebugProtocolFactory - No Message ID Class For TypeName : DeepCore.Game3D.Host.Instance.Components.UnitElasticOtherComponent+UnitElasticOther
EventDebugProtocolFactory - No Message ID Class For TypeName : DeepCore.Game3D.Host.Instance.Components.UnitElasticOtherComponent+UnitElasticOtherStart
EventDebugProtocolFactory - No Message ID Class For TypeName : DeepCore.Game3D.Host.Instance.Components.UnitElasticOtherComponent+UnitElasticOtherStop
EventDebugProtocolFactory - No Message ID Class For TypeName : DeepCore.Game3D.Host.Instance.Components.UnitGuardViewComponent+OnObjectEnterViewTrigger
EventDebugProtocolFactory - No Message ID Class For TypeName : DeepCore.Game3D.Host.Instance.Components.UnitGuardViewComponent+OnObjectLeaveViewTrigger
EventDebugProtocolFactory - No Message ID Class For TypeName : DeepCore.Game3D.Host.Instance.Components.UnitGuardViewComponent+UnitGuardViewAction
EventDebugProtocolFactory - No Message ID Class For TypeName : DeepCore.Game3D.Host.Instance.Components.UnitGuardViewComponent+GetOrigionValue
EventDebugProtocolFactory - No Message ID Class For TypeName : DeepCore.Game3D.Host.Instance.Components.UnitGuardViewComponent+SetOrigionAction
EventDebugProtocolFactory - No Message ID Class For TypeName : DeepCore.Game3D.Host.Instance.Components.UnitGuardViewComponent+ClearOrigionAction
EventDebugProtocolFactory - No Message ID Class For TypeName : DeepCore.Game3D.Host.Instance.Components.UnitGuardViewComponent+ClearViewdAction
EventDebugProtocolFactory - No Message ID Class For TypeName : DeepCore.Game3D.Host.Instance.Components.UnitHateComponent+UnitAddHateSystem
EventDebugProtocolFactory - No Message ID Class For TypeName : DeepCore.Game3D.Host.Instance.Components.UnitHateComponent+HateAddedTrigger
EventDebugProtocolFactory - No Message ID Class For TypeName : DeepCore.Game3D.Host.Instance.Components.UnitHateComponent+HateRemovedTrigger
EventDebugProtocolFactory - No Message ID Class For TypeName : DeepCore.Game3D.Host.Instance.Components.UnitHateComponent+GetHateUnit
EventDebugProtocolFactory - No Message ID Class For TypeName : DeepCore.Game3D.Host.Instance.Components.UnitHateComponent+GetHateTargetCount
EventDebugProtocolFactory - No Message ID Class For TypeName : DeepCore.Game3D.Host.Instance.Components.UnitManualAttackComponent+UnitManualLaunchSkillAction
EventDebugProtocolFactory - No Message ID Class For TypeName : DeepCore.Game3D.Host.Instance.Components.UnitManualAttackComponent+SetUnitManualTarget
EventDebugProtocolFactory - No Message ID Class For TypeName : DeepCore.Game3D.Host.Instance.Components.UnitMoveTrackComponent+ForceUnitMoveTrack
EventDebugProtocolFactory - No Message ID Class For TypeName : DeepCore.Game3D.Host.Instance.Components.UnitMoveTrackComponent+ForceUnitMoveTrackPause
EventDebugProtocolFactory - No Message ID Class For TypeName : DeepCore.Game3D.Host.Instance.Components.UnitMoveTrackComponent+ForceUnitMoveTrackResume
EventDebugProtocolFactory - No Message ID Class For TypeName : DeepCore.Game3D.Host.Instance.Components.UnitMoveTrackComponent+ForceUnitMoveTrackStop
EventDebugProtocolFactory - No Message ID Class For TypeName : DeepCore.Game3D.Host.Instance.Components.UnitMoveBezierTrackComponent+ForceUnitMoveTrack
EventDebugProtocolFactory - No Message ID Class For TypeName : DeepCore.Game3D.Host.Instance.Components.UnitMoveBezierTrackComponent+ForceUnitMoveTrackPause
EventDebugProtocolFactory - No Message ID Class For TypeName : DeepCore.Game3D.Host.Instance.Components.UnitMoveBezierTrackComponent+ForceUnitMoveTrackResume
EventDebugProtocolFactory - No Message ID Class For TypeName : DeepCore.Game3D.Host.Instance.Components.UnitMoveBezierTrackComponent+ForceUnitMoveTrackStop
EventDebugProtocolFactory - No Message ID Class For TypeName : DeepCore.Game3D.Host.Instance.Components.UnitTouchBodyComponent+OnObjectEnterViewTrigger
EventDebugProtocolFactory - No Message ID Class For TypeName : DeepCore.Game3D.Host.Instance.Components.UnitTouchBodyComponent+OnObjectLeaveViewTrigger
EventDebugProtocolFactory - No Message ID Class For TypeName : DeepCore.Game3D.Host.Instance.Components.UnitTouchBodyComponent+UnitTouchBodyAction
EventDebugProtocolFactory - No Message ID Class For TypeName : DeepCore.Game3D.Host.EventTrigger.ZoneEventTrigger.PlayerGuardAction+PlayerSetGuardAction
EventDebugProtocolFactory - No Message ID Class For TypeName : DeepCore.Game3D.Host.EventTrigger.ZoneEventTrigger.PlayerGuardAction+PlayerResetAIAction
EventDebugProtocolFactory - No Message ID Class For TypeName : DeepCore.Game3D.Host.EventTrigger.ZoneEventTrigger.PlayerGuardAction+PlayerFollowTargetAction
EventDebugProtocolFactory - No Message ID Class For TypeName : DeepCore.Game3D.Host.EventTrigger.ZoneEventTrigger.PlayerGuardAction+PlayerFocusUnitTargetAction
EventDebugProtocolFactory - No Message ID Class For TypeName : DeepCore.Game3D.Host.EventTrigger.ZoneEventTrigger.PlayerGuardAction+PlayerFocusPickItemAction
EventDebugProtocolFactory - No Message ID Class For TypeName : DeepCore.Game3D.Host.EventTrigger.ZoneEventTrigger.PlayerGuardAction+PlayerAttackToAction
EventDebugProtocolFactory - No Message ID Class For TypeName : DeepCore.GameData.Zone.ZoneEditor.EventTrigger.ZoneLLMAgentValue+ZoneDialog
EventDebugProtocolFactory - No Message ID Class For TypeName : DeepCore.GameData.Zone.ZoneEditor.EventTrigger.ZoneLLMAgentValue+UnitDialog
EventDebugProtocolFactory - No Message ID Class For TypeName : DeepCore.GameData.Zone.ZoneEditor.EventTrigger.ZoneLLMAgentValue+BindingUnitDialog
EventDebugProtocolFactory - No Message ID Class For TypeName : DeepCore.GameData.Zone.ZoneEditor.EventTrigger.GUIValue+NA
EventDebugProtocolFactory - No Message ID Class For TypeName : DeepCore.GameData.Zone.ZoneEditor.EventTrigger.GUIValue+BindingForm
EventDebugProtocolFactory - No Message ID Class For TypeName : DeepCore.GameData.Zone.ZoneEditor.EventTrigger.GUIValue+BindingEditChild
EventDebugProtocolFactory - No Message ID Class For TypeName : DeepCore.GameData.Zone.ZoneEditor.EventTrigger.GUIValue+LastShownForm
EventDebugProtocolFactory - No Message ID Class For TypeName : DeepCore.GameData.Zone.ZoneEditor.EventTrigger.GUIValue+TriggingForm
EventDebugProtocolFactory - No Message ID Class For TypeName : DeepCore.GameData.Zone.ZoneEditor.EventTrigger.GUIValue+TriggingComponent
EventDebugProtocolFactory - No Message ID Class For TypeName : DeepCore.GameData.Zone.ZoneEditor.EventTrigger.GUIValue+ChildComponent
EventDebugProtocolFactory - No Message ID Class For TypeName : DeepCore.GameData.Zone.ZoneEditor.EventTrigger.GUIExt+GUIResComponentName
EventDebugProtocolFactory - No Message ID Class For TypeName : DeepCore.GameData.Zone.ZoneEditor.EventTrigger.GUIExt+GUIResFormName
EventDebugProtocolFactory - No Message ID Class For TypeName : DeepCore.GameData.Zone.ZoneEditor.EventTrigger.GUIExt+GUISubNameURL
EventDebugProtocolFactory - No Message ID Class For TypeName : DeepCore.GameData.Zone.ZoneEditor.EventTrigger.GUIFields+GUIComponentName
EventDebugProtocolFactory - No Message ID Class For TypeName : DeepCore.GameData.Zone.ZoneEditor.EventTrigger.GUIFields+GUIComponentText
EventDebugProtocolFactory - No Message ID Class For TypeName : DeepCore.GameData.Zone.ZoneEditor.EventTrigger.GUIFields+GUIComponentTextAsInt
EventDebugProtocolFactory - No Message ID Class For TypeName : DeepCore.GameData.Zone.ZoneEditor.EventTrigger.GUIFields+GUIComponentTextAsFloat
EventDebugProtocolFactory - No Message ID Class For TypeName : DeepCore.GameData.Zone.ZoneEditor.EventTrigger.GUIFields+GUIComponentTextAsBool
EventDebugProtocolFactory - No Message ID Class For TypeName : DeepCore.GameData.Zone.ZoneEditor.EventTrigger.GUIFields+GUIComponentBool
EventDebugProtocolFactory - No Message ID Class For TypeName : DeepCore.GameData.Zone.ZoneEditor.EventTrigger.GUIFields+GUIComponentInt
EventDebugProtocolFactory - No Message ID Class For TypeName : DeepCore.GameData.Zone.ZoneEditor.EventTrigger.GUIFields+GUIComponentReal
EventDebugProtocolFactory - No Message ID Class For TypeName : DeepCore.GameData.Zone.ZoneEditor.EventTrigger.GUIFields+GUIFieldStringValue
EventDebugProtocolFactory - No Message ID Class For TypeName : DeepCore.GameData.Zone.ZoneEditor.EventTrigger.GUIFields+GUIFieldIntegerValue
EventDebugProtocolFactory - No Message ID Class For TypeName : DeepCore.GameData.Zone.ZoneEditor.EventTrigger.GUIFields+GUIFieldRealValue
EventDebugProtocolFactory - No Message ID Class For TypeName : DeepCore.GameData.Zone.ZoneEditor.EventTrigger.GUIFields+GUIFieldBoolValue
EventDebugProtocolFactory - No Message ID Class For TypeName : DeepCore.GameData.Zone.ZoneEditor.EventTrigger.GUIFields+GUIMetaFieldStringValue
EventDebugProtocolFactory - No Message ID Class For TypeName : DeepCore.GameData.Zone.ZoneEditor.EventTrigger.GUIFields+GUIMetaFieldIntegerValue
EventDebugProtocolFactory - No Message ID Class For TypeName : DeepCore.GameData.Zone.ZoneEditor.EventTrigger.GUIFields+GUIMetaFieldRealValue
EventDebugProtocolFactory - No Message ID Class For TypeName : DeepCore.GameData.Zone.ZoneEditor.EventTrigger.GUIFields+GUIMetaFieldBoolValue
EventDebugProtocolFactory - No Message ID Class For TypeName : DeepCore.GameData.Zone.ZoneEditor.EventTrigger.ZoneBooleanValue+UnitComparison
EventDebugProtocolFactory - No Message ID Class For TypeName : DeepCore.GameData.Zone.ZoneEditor.EventTrigger.ZoneBooleanValue+ItemComparison
EventDebugProtocolFactory - No Message ID Class For TypeName : DeepCore.GameData.Zone.ZoneEditor.EventTrigger.ZoneBooleanValue+FlagComparison
EventDebugProtocolFactory - No Message ID Class For TypeName : DeepCore.GameData.Zone.ZoneEditor.EventTrigger.ZoneBooleanValue+FlagEnabled
EventDebugProtocolFactory - No Message ID Class For TypeName : DeepCore.GameData.Zone.ZoneEditor.EventTrigger.ZoneBooleanValue+FlagIsSpawnOver
EventDebugProtocolFactory - No Message ID Class For TypeName : DeepCore.GameData.Zone.ZoneEditor.EventTrigger.ZoneBooleanValue+FlagIsSpawnNoneAlive
EventDebugProtocolFactory - No Message ID Class For TypeName : DeepCore.GameData.Zone.ZoneEditor.EventTrigger.ZoneBooleanValue+ZoneBooleanAttribute
EventDebugProtocolFactory - No Message ID Class For TypeName : DeepCore.GameData.Zone.ZoneEditor.EventTrigger.ZoneBooleanValue+IsGameOver
EventDebugProtocolFactory - No Message ID Class For TypeName : DeepCore.GameData.Zone.ZoneEditor.EventTrigger.ZoneBooleanValue+UnitBooleanAttribute
EventDebugProtocolFactory - No Message ID Class For TypeName : DeepCore.GameData.Zone.ZoneEditor.EventTrigger.ZoneBooleanValue+UnitIsAlived
EventDebugProtocolFactory - No Message ID Class For TypeName : DeepCore.GameData.Zone.ZoneEditor.EventTrigger.ZoneBooleanValue+UnitInState
EventDebugProtocolFactory - No Message ID Class For TypeName : DeepCore.GameData.Zone.ZoneEditor.EventTrigger.ZoneBooleanValue+UnitIsDead
EventDebugProtocolFactory - No Message ID Class For TypeName : DeepCore.GameData.Zone.ZoneEditor.EventTrigger.ZoneBooleanValue+UnitExist
EventDebugProtocolFactory - No Message ID Class For TypeName : DeepCore.GameData.Zone.ZoneEditor.EventTrigger.ZoneBooleanValue+UnitExistsBuff
EventDebugProtocolFactory - No Message ID Class For TypeName : DeepCore.GameData.Zone.ZoneEditor.EventTrigger.ZoneBooleanValue+UnitExistsAura
EventDebugProtocolFactory - No Message ID Class For TypeName : DeepCore.GameData.Zone.ZoneEditor.EventTrigger.ZoneBooleanValue+UnitHasInventoryItem
EventDebugProtocolFactory - No Message ID Class For TypeName : DeepCore.GameData.Zone.ZoneEditor.EventTrigger.ZoneBooleanValue+PlayerIsGuard
EventDebugProtocolFactory - No Message ID Class For TypeName : DeepCore.GameData.Zone.ZoneEditor.EventTrigger.ZoneBooleanValue+PlayerIsReady
EventDebugProtocolFactory - No Message ID Class For TypeName : DeepCore.GameData.Zone.ZoneEditor.EventTrigger.ZoneBooleanValue+UnitIsPlayer
EventDebugProtocolFactory - No Message ID Class For TypeName : DeepCore.GameData.Zone.ZoneEditor.EventTrigger.ZoneBooleanValue+UnitTouch
EventDebugProtocolFactory - No Message ID Class For TypeName : DeepCore.GameData.Zone.ZoneEditor.EventTrigger.ZoneBooleanValue+ItemTouch
EventDebugProtocolFactory - No Message ID Class For TypeName : DeepCore.GameData.Zone.ZoneEditor.EventTrigger.ZoneBooleanValue+PositionIsInRegion
EventDebugProtocolFactory - No Message ID Class For TypeName : DeepCore.GameData.Zone.ZoneEditor.EventTrigger.ZoneBooleanValue+UnitIsInRegion
EventDebugProtocolFactory - No Message ID Class For TypeName : DeepCore.GameData.Zone.ZoneEditor.EventTrigger.ZoneBooleanValue+ItemIsInRegion
EventDebugProtocolFactory - No Message ID Class For TypeName : DeepCore.GameData.Zone.ZoneEditor.EventTrigger.ZoneBooleanValue+IsAttackableValue
EventDebugProtocolFactory - No Message ID Class For TypeName : DeepCore.GameData.Zone.ZoneEditor.EventTrigger.ZoneBooleanValue+FlagNotNull
EventDebugProtocolFactory - No Message ID Class For TypeName : DeepCore.GameData.Zone.ZoneEditor.EventTrigger.ZoneBooleanValue+UnitNotNull
EventDebugProtocolFactory - No Message ID Class For TypeName : DeepCore.GameData.Zone.ZoneEditor.EventTrigger.ZoneBooleanValue+ItemNotNull
EventDebugProtocolFactory - No Message ID Class For TypeName : DeepCore.GameData.Zone.ZoneEditor.EventTrigger.ZoneIntegerValue+TotalTimeSEC
EventDebugProtocolFactory - No Message ID Class For TypeName : DeepCore.GameData.Zone.ZoneEditor.EventTrigger.ZoneIntegerValue+ZoneTotalItemCount
EventDebugProtocolFactory - No Message ID Class For TypeName : DeepCore.GameData.Zone.ZoneEditor.EventTrigger.ZoneIntegerValue+TotalForceDeadCount
EventDebugProtocolFactory - No Message ID Class For TypeName : DeepCore.GameData.Zone.ZoneEditor.EventTrigger.ZoneIntegerValue+ZoneTotalUnitCount
EventDebugProtocolFactory - No Message ID Class For TypeName : DeepCore.GameData.Zone.ZoneEditor.EventTrigger.ZoneIntegerValue+ZoneTotalForceUnitCount
EventDebugProtocolFactory - No Message ID Class For TypeName : DeepCore.GameData.Zone.ZoneEditor.EventTrigger.ZoneIntegerValue+ZoneTotalAliveUnitCount
EventDebugProtocolFactory - No Message ID Class For TypeName : DeepCore.GameData.Zone.ZoneEditor.EventTrigger.ZoneIntegerValue+ZoneIntegerAttribute
EventDebugProtocolFactory - No Message ID Class For TypeName : DeepCore.GameData.Zone.ZoneEditor.EventTrigger.ZoneIntegerValue+ZoneTerrainDefintionFlag
EventDebugProtocolFactory - No Message ID Class For TypeName : DeepCore.GameData.Zone.ZoneEditor.EventTrigger.ZoneIntegerValue+ZoneTerrainDefintionFlagByFlag
EventDebugProtocolFactory - No Message ID Class For TypeName : DeepCore.GameData.Zone.ZoneEditor.EventTrigger.ZoneIntegerValue+ZoneTerrainDefintionFlagByName
EventDebugProtocolFactory - No Message ID Class For TypeName : DeepCore.GameData.Zone.ZoneEditor.EventTrigger.ZoneIntegerValue+UnitIntegerAttribute
EventDebugProtocolFactory - No Message ID Class For TypeName : DeepCore.GameData.Zone.ZoneEditor.EventTrigger.ZoneIntegerValue+UnitTemplateID
EventDebugProtocolFactory - No Message ID Class For TypeName : DeepCore.GameData.Zone.ZoneEditor.EventTrigger.ZoneIntegerValue+UnitCurrentMainState
EventDebugProtocolFactory - No Message ID Class For TypeName : DeepCore.GameData.Zone.ZoneEditor.EventTrigger.ZoneIntegerValue+UnitCurrentSubState
EventDebugProtocolFactory - No Message ID Class For TypeName : DeepCore.GameData.Zone.ZoneEditor.EventTrigger.ZoneIntegerValue+UnitHP
EventDebugProtocolFactory - No Message ID Class For TypeName : DeepCore.GameData.Zone.ZoneEditor.EventTrigger.ZoneIntegerValue+UnitMaxHP
EventDebugProtocolFactory - No Message ID Class For TypeName : DeepCore.GameData.Zone.ZoneEditor.EventTrigger.ZoneIntegerValue+UnitLevel
EventDebugProtocolFactory - No Message ID Class For TypeName : DeepCore.GameData.Zone.ZoneEditor.EventTrigger.ZoneIntegerValue+UnitForce
EventDebugProtocolFactory - No Message ID Class For TypeName : DeepCore.GameData.Zone.ZoneEditor.EventTrigger.ZoneIntegerValue+UnitTypeInt32
EventDebugProtocolFactory - No Message ID Class For TypeName : DeepCore.GameData.Zone.ZoneEditor.EventTrigger.ZoneIntegerValue+UnitTypeConst
EventDebugProtocolFactory - No Message ID Class For TypeName : DeepCore.GameData.Zone.ZoneEditor.EventTrigger.ZoneIntegerValue+UnitDeadCount
EventDebugProtocolFactory - No Message ID Class For TypeName : DeepCore.GameData.Zone.ZoneEditor.EventTrigger.ZoneIntegerValue+UnitKillUnitCount
EventDebugProtocolFactory - No Message ID Class For TypeName : DeepCore.GameData.Zone.ZoneEditor.EventTrigger.ZoneIntegerValue+UnitKillPlayerCount
EventDebugProtocolFactory - No Message ID Class For TypeName : DeepCore.GameData.Zone.ZoneEditor.EventTrigger.ZoneIntegerValue+UnitInventoryItemCount
EventDebugProtocolFactory - No Message ID Class For TypeName : DeepCore.GameData.Zone.ZoneEditor.EventTrigger.ZoneIntegerValue+UnitBuffOverlay
EventDebugProtocolFactory - No Message ID Class For TypeName : DeepCore.GameData.Zone.ZoneEditor.EventTrigger.ZoneIntegerValue+UnitCurrentZoneInfoFlag
EventDebugProtocolFactory - No Message ID Class For TypeName : DeepCore.GameData.Zone.ZoneEditor.EventTrigger.ZoneIntegerValue+RegionUnitCount
EventDebugProtocolFactory - No Message ID Class For TypeName : DeepCore.GameData.Zone.ZoneEditor.EventTrigger.ZoneIntegerValue+RegionForceUnitCount
EventDebugProtocolFactory - No Message ID Class For TypeName : DeepCore.GameData.Zone.ZoneEditor.EventTrigger.ZoneIntegerValue+RegionForceTypeUnitCount
EventDebugProtocolFactory - No Message ID Class For TypeName : DeepCore.GameData.Zone.ZoneEditor.EventTrigger.ZoneIntegerValue+RegionExpectUnitCount
EventDebugProtocolFactory - No Message ID Class For TypeName : DeepCore.GameData.Zone.ZoneEditor.EventTrigger.PositionValue+NULL
EventDebugProtocolFactory - No Message ID Class For TypeName : DeepCore.GameData.Zone.ZoneEditor.EventTrigger.PositionValue+VALUE
EventDebugProtocolFactory - No Message ID Class For TypeName : DeepCore.GameData.Zone.ZoneEditor.EventTrigger.PositionValue+VALUEVar
EventDebugProtocolFactory - No Message ID Class For TypeName : DeepCore.GameData.Zone.ZoneEditor.EventTrigger.PositionValue+ReturnVALUE
EventDebugProtocolFactory - No Message ID Class For TypeName : DeepCore.GameData.Zone.ZoneEditor.EventTrigger.PositionValue+PositionOfItem
EventDebugProtocolFactory - No Message ID Class For TypeName : DeepCore.GameData.Zone.ZoneEditor.EventTrigger.PositionValue+AlignToGridCenterOnLayer
EventDebugProtocolFactory - No Message ID Class For TypeName : DeepCore.GameData.Zone.ZoneEditor.EventTrigger.PositionValue+VoxelUpward
EventDebugProtocolFactory - No Message ID Class For TypeName : DeepCore.GameData.Zone.ZoneEditor.EventTrigger.PositionValue+AlignToLayerCenter
EventDebugProtocolFactory - No Message ID Class For TypeName : DeepCore.GameData.Zone.ZoneEditor.EventTrigger.PositionValue+PositionOfUnit
EventDebugProtocolFactory - No Message ID Class For TypeName : DeepCore.GameData.Zone.ZoneEditor.EventTrigger.PositionValue+PositionOfBuildingSpawn
EventDebugProtocolFactory - No Message ID Class For TypeName : DeepCore.GameData.Zone.ZoneEditor.EventTrigger.PositionValue+PositionOfTriggingSpell
EventDebugProtocolFactory - No Message ID Class For TypeName : DeepCore.GameData.Zone.ZoneEditor.EventTrigger.PositionValue+CenterOfFlag
EventDebugProtocolFactory - No Message ID Class For TypeName : DeepCore.GameData.Zone.ZoneEditor.EventTrigger.PositionValue+RandomPointInFlag
EventDebugProtocolFactory - No Message ID Class For TypeName : DeepCore.GameData.Zone.ZoneEditor.EventTrigger.PositionValue+RandomMovablePointInFlag
EventDebugProtocolFactory - No Message ID Class For TypeName : DeepCore.GameData.Zone.ZoneEditor.EventTrigger.PositionValue+RandomMoveableInRange
EventDebugProtocolFactory - No Message ID Class For TypeName : DeepCore.GameData.Zone.ZoneEditor.EventTrigger.PositionValue+AlignToGridCenter
EventDebugProtocolFactory - No Message ID Class For TypeName : DeepCore.GameData.Zone.ZoneEditor.EventTrigger.PositionValue+RandomPointInRound
EventDebugProtocolFactory - No Message ID Class For TypeName : DeepCore.GameData.Zone.ZoneEditor.EventTrigger.PositionValue+RandomPointInCycle
EventDebugProtocolFactory - No Message ID Class For TypeName : DeepCore.GameData.Zone.ZoneEditor.EventTrigger.PositionValue+PointWithOffset
EventDebugProtocolFactory - No Message ID Class For TypeName : DeepCore.GameData.Zone.ZoneEditor.EventTrigger.PositionValue+PointWithOffsetVar
EventDebugProtocolFactory - No Message ID Class For TypeName : DeepCore.GameData.Zone.ZoneEditor.EventTrigger.PositionValue+PointWithPolarOffset
EventDebugProtocolFactory - No Message ID Class For TypeName : DeepCore.GameData.Zone.ZoneEditor.EventTrigger.PositionValue+PointWithPolarOffsetVar
EventDebugProtocolFactory - No Message ID Class For TypeName : DeepCore.GameData.Zone.ZoneEditor.EventTrigger.PositionValue+PointWithPolarOfUnit
EventDebugProtocolFactory - No Message ID Class For TypeName : DeepCore.GameData.Zone.ZoneEditor.EventTrigger.PositionValue+PointWithPolarOfUnitVar
EventDebugProtocolFactory - No Message ID Class For TypeName : DeepCore.GameData.Zone.ZoneEditor.EventTrigger.PositionValue+PointOP
EventDebugProtocolFactory - No Message ID Class For TypeName : DeepCore.GameData.Zone.ZoneEditor.EventTrigger.PositionValue+PointDOT
EventDebugProtocolFactory - No Message ID Class For TypeName : DeepCore.GameData.Zone.ZoneEditor.EventTrigger.PositionValue+PointDEGREE
EventDebugProtocolFactory - No Message ID Class For TypeName : DeepCore.GameData.Zone.ZoneEditor.EventTrigger.PositionValue+PointX
EventDebugProtocolFactory - No Message ID Class For TypeName : DeepCore.GameData.Zone.ZoneEditor.EventTrigger.PositionValue+PointY
EventDebugProtocolFactory - No Message ID Class For TypeName : DeepCore.GameData.Zone.ZoneEditor.EventTrigger.PositionValue+PointZ
EventDebugProtocolFactory - No Message ID Class For TypeName : DeepCore.GameData.Zone.ZoneEditor.EventTrigger.ZoneRealValue+ZoneRealAttribute
EventDebugProtocolFactory - No Message ID Class For TypeName : DeepCore.GameData.Zone.ZoneEditor.EventTrigger.ZoneRealValue+UnitRealAttribute
EventDebugProtocolFactory - No Message ID Class For TypeName : DeepCore.GameData.Zone.ZoneEditor.EventTrigger.ZoneRealValue+GetTowUnitAngle2D
EventDebugProtocolFactory - No Message ID Class For TypeName : DeepCore.GameData.Zone.ZoneEditor.EventTrigger.ZoneRealValue+GetTowUnitAngle2DDegree
EventDebugProtocolFactory - No Message ID Class For TypeName : DeepCore.GameData.Zone.ZoneEditor.EventTrigger.ZoneRealValue+GetTowUnitDistance2D
EventDebugProtocolFactory - No Message ID Class For TypeName : DeepCore.GameData.Zone.ZoneEditor.EventTrigger.ZoneRealValue+GetTowPosAngle
EventDebugProtocolFactory - No Message ID Class For TypeName : DeepCore.GameData.Zone.ZoneEditor.EventTrigger.ZoneRealValue+GetTowPosAngleDegree
EventDebugProtocolFactory - No Message ID Class For TypeName : DeepCore.GameData.Zone.ZoneEditor.EventTrigger.ZoneRealValue+GetTowPosDistance
EventDebugProtocolFactory - No Message ID Class For TypeName : DeepCore.GameData.Zone.ZoneEditor.EventTrigger.ZoneStringValue+ZoneTextAttribute
EventDebugProtocolFactory - No Message ID Class For TypeName : DeepCore.GameData.Zone.ZoneEditor.EventTrigger.ZoneStringValue+FlagName
EventDebugProtocolFactory - No Message ID Class For TypeName : DeepCore.GameData.Zone.ZoneEditor.EventTrigger.ZoneStringValue+UnitTextAttribute
EventDebugProtocolFactory - No Message ID Class For TypeName : DeepCore.GameData.Zone.ZoneEditor.EventTrigger.ZoneStringValue+UnitName
EventDebugProtocolFactory - No Message ID Class For TypeName : DeepCore.GameData.Zone.ZoneEditor.EventTrigger.ZoneStringValue+ItemName
EventDebugProtocolFactory - No Message ID Class For TypeName : DeepCore.GameData.Zone.ZoneEditor.EventTrigger.ZoneStringValue+PlayerUUID
EventDebugProtocolFactory - No Message ID Class For TypeName : DeepCore.GameData.Zone.ZoneEditor.EventTrigger.FlagValue+NA
EventDebugProtocolFactory - No Message ID Class For TypeName : DeepCore.GameData.Zone.ZoneEditor.EventTrigger.FlagValue+Iterating
EventDebugProtocolFactory - No Message ID Class For TypeName : DeepCore.GameData.Zone.ZoneEditor.EventTrigger.FlagValue+ReturnVALUE
EventDebugProtocolFactory - No Message ID Class For TypeName : DeepCore.GameData.Zone.ZoneEditor.EventTrigger.FlagValue+FlagIsRegion
EventDebugProtocolFactory - No Message ID Class For TypeName : DeepCore.GameData.Zone.ZoneEditor.EventTrigger.FlagValue+FlagIsPoint
EventDebugProtocolFactory - No Message ID Class For TypeName : DeepCore.GameData.Zone.ZoneEditor.EventTrigger.FlagValue+FlagIsDecoration
EventDebugProtocolFactory - No Message ID Class For TypeName : DeepCore.GameData.Zone.ZoneEditor.EventTrigger.FlagValue+FlagIsArea
EventDebugProtocolFactory - No Message ID Class For TypeName : DeepCore.GameData.Zone.ZoneEditor.EventTrigger.FlagValue+EditorRegion
EventDebugProtocolFactory - No Message ID Class For TypeName : DeepCore.GameData.Zone.ZoneEditor.EventTrigger.FlagValue+EditorPoint
EventDebugProtocolFactory - No Message ID Class For TypeName : DeepCore.GameData.Zone.ZoneEditor.EventTrigger.FlagValue+EditorDecoration
EventDebugProtocolFactory - No Message ID Class For TypeName : DeepCore.GameData.Zone.ZoneEditor.EventTrigger.FlagValue+EditorArea
EventDebugProtocolFactory - No Message ID Class For TypeName : DeepCore.GameData.Zone.ZoneEditor.EventTrigger.FlagValue+EditorRegionVAR
EventDebugProtocolFactory - No Message ID Class For TypeName : DeepCore.GameData.Zone.ZoneEditor.EventTrigger.FlagValue+EditorPointVAR
EventDebugProtocolFactory - No Message ID Class For TypeName : DeepCore.GameData.Zone.ZoneEditor.EventTrigger.FlagValue+EditorDecorationVAR
EventDebugProtocolFactory - No Message ID Class For TypeName : DeepCore.GameData.Zone.ZoneEditor.EventTrigger.FlagValue+EditorAreaVAR
EventDebugProtocolFactory - No Message ID Class For TypeName : DeepCore.GameData.Zone.ZoneEditor.EventTrigger.FlagValue+TriggingFlag
EventDebugProtocolFactory - No Message ID Class For TypeName : DeepCore.GameData.Zone.ZoneEditor.EventTrigger.FlagValue+TriggingRegion
EventDebugProtocolFactory - No Message ID Class For TypeName : DeepCore.GameData.Zone.ZoneEditor.EventTrigger.FlagValue+TriggingDecoration
EventDebugProtocolFactory - No Message ID Class For TypeName : DeepCore.GameData.Zone.ZoneEditor.EventTrigger.FlagValue+TriggingArea
EventDebugProtocolFactory - No Message ID Class For TypeName : DeepCore.GameData.Zone.ZoneEditor.EventTrigger.FlagValue+TriggingPoint
EventDebugProtocolFactory - No Message ID Class For TypeName : DeepCore.GameData.Zone.ZoneEditor.EventTrigger.FlagValue+NearestFlag
EventDebugProtocolFactory - No Message ID Class For TypeName : DeepCore.GameData.Zone.ZoneEditor.EventTrigger.FlagValue+GetRegionWithPoint
EventDebugProtocolFactory - No Message ID Class For TypeName : DeepCore.GameData.Zone.ZoneEditor.EventTrigger.FlagValue+FindSceneRandomFlagWithPrefixSuffix
EventDebugProtocolFactory - No Message ID Class For TypeName : DeepCore.GameData.Zone.ZoneEditor.EventTrigger.FlagValue+FindSceneRandomFlagWithRegex
EventDebugProtocolFactory - No Message ID Class For TypeName : DeepCore.GameData.Zone.ZoneEditor.EventTrigger.FlagValue+FlagPopRandomNext
EventDebugProtocolFactory - No Message ID Class For TypeName : DeepCore.GameData.Zone.ZoneEditor.EventTrigger.ItemValue+NA
EventDebugProtocolFactory - No Message ID Class For TypeName : DeepCore.GameData.Zone.ZoneEditor.EventTrigger.ItemValue+ReturnVALUE
EventDebugProtocolFactory - No Message ID Class For TypeName : DeepCore.GameData.Zone.ZoneEditor.EventTrigger.ItemValue+Trigging
EventDebugProtocolFactory - No Message ID Class For TypeName : DeepCore.GameData.Zone.ZoneEditor.EventTrigger.ItemValue+LastCreated
EventDebugProtocolFactory - No Message ID Class For TypeName : DeepCore.GameData.Zone.ZoneEditor.EventTrigger.ItemValue+LastGotInstance
EventDebugProtocolFactory - No Message ID Class For TypeName : DeepCore.GameData.Zone.ZoneEditor.EventTrigger.ItemValue+LastPickingInstance
EventDebugProtocolFactory - No Message ID Class For TypeName : DeepCore.GameData.Zone.ZoneEditor.EventTrigger.ItemValue+NamedItem
EventDebugProtocolFactory - No Message ID Class For TypeName : DeepCore.GameData.Zone.ZoneEditor.EventTrigger.ItemValue+PickingIteratingItem
EventDebugProtocolFactory - No Message ID Class For TypeName : DeepCore.GameData.Zone.ZoneEditor.EventTrigger.ItemValue+RandomItem
EventDebugProtocolFactory - No Message ID Class For TypeName : DeepCore.GameData.Zone.ZoneEditor.EventTrigger.ItemValue+NearItem
EventDebugProtocolFactory - No Message ID Class For TypeName : DeepCore.GameData.Zone.ZoneEditor.EventTrigger.BuffTemplateValue+ReturnVALUE
EventDebugProtocolFactory - No Message ID Class For TypeName : DeepCore.GameData.Zone.ZoneEditor.EventTrigger.BuffTemplateValue+Template
EventDebugProtocolFactory - No Message ID Class For TypeName : DeepCore.GameData.Zone.ZoneEditor.EventTrigger.BuffTemplateValue+TemplateSV
EventDebugProtocolFactory - No Message ID Class For TypeName : DeepCore.GameData.Zone.ZoneEditor.EventTrigger.BuffTemplateValue+RandomInGroup
EventDebugProtocolFactory - No Message ID Class For TypeName : DeepCore.GameData.Zone.ZoneEditor.EventTrigger.BuffTemplateValue+Trigging
EventDebugProtocolFactory - No Message ID Class For TypeName : DeepCore.GameData.Zone.ZoneEditor.EventTrigger.ItemTemplateValue+ReturnVALUE
EventDebugProtocolFactory - No Message ID Class For TypeName : DeepCore.GameData.Zone.ZoneEditor.EventTrigger.ItemTemplateValue+Template
EventDebugProtocolFactory - No Message ID Class For TypeName : DeepCore.GameData.Zone.ZoneEditor.EventTrigger.ItemTemplateValue+TemplateSV
EventDebugProtocolFactory - No Message ID Class For TypeName : DeepCore.GameData.Zone.ZoneEditor.EventTrigger.ItemTemplateValue+RandomInGroup
EventDebugProtocolFactory - No Message ID Class For TypeName : DeepCore.GameData.Zone.ZoneEditor.EventTrigger.ItemTemplateValue+Instance
EventDebugProtocolFactory - No Message ID Class For TypeName : DeepCore.GameData.Zone.ZoneEditor.EventTrigger.ItemTemplateValue+Trigging
EventDebugProtocolFactory - No Message ID Class For TypeName : DeepCore.GameData.Zone.ZoneEditor.EventTrigger.ItemTemplateValue+LastCreatedItem
EventDebugProtocolFactory - No Message ID Class For TypeName : DeepCore.GameData.Zone.ZoneEditor.EventTrigger.ItemTemplateValue+LastUsedItem
EventDebugProtocolFactory - No Message ID Class For TypeName : DeepCore.GameData.Zone.ZoneEditor.EventTrigger.ItemTemplateValue+LastGotInventoryItem
EventDebugProtocolFactory - No Message ID Class For TypeName : DeepCore.GameData.Zone.ZoneEditor.EventTrigger.ItemTemplateValue+LastGotIZoneItem
EventDebugProtocolFactory - No Message ID Class For TypeName : DeepCore.GameData.Zone.ZoneEditor.EventTrigger.SkillTemplateValue+ReturnVALUE
EventDebugProtocolFactory - No Message ID Class For TypeName : DeepCore.GameData.Zone.ZoneEditor.EventTrigger.SkillTemplateValue+Template
EventDebugProtocolFactory - No Message ID Class For TypeName : DeepCore.GameData.Zone.ZoneEditor.EventTrigger.SkillTemplateValue+TemplateSV
EventDebugProtocolFactory - No Message ID Class For TypeName : DeepCore.GameData.Zone.ZoneEditor.EventTrigger.SkillTemplateValue+RandomInGroup
EventDebugProtocolFactory - No Message ID Class For TypeName : DeepCore.GameData.Zone.ZoneEditor.EventTrigger.SkillTemplateValue+Trigging
EventDebugProtocolFactory - No Message ID Class For TypeName : DeepCore.GameData.Zone.ZoneEditor.EventTrigger.SkillTemplateValue+LastLaunchSkill
EventDebugProtocolFactory - No Message ID Class For TypeName : DeepCore.GameData.Zone.ZoneEditor.EventTrigger.SpellTemplateValue+ReturnVALUE
EventDebugProtocolFactory - No Message ID Class For TypeName : DeepCore.GameData.Zone.ZoneEditor.EventTrigger.SpellTemplateValue+Template
EventDebugProtocolFactory - No Message ID Class For TypeName : DeepCore.GameData.Zone.ZoneEditor.EventTrigger.SpellTemplateValue+TemplateSV
EventDebugProtocolFactory - No Message ID Class For TypeName : DeepCore.GameData.Zone.ZoneEditor.EventTrigger.SpellTemplateValue+RandomInGroup
EventDebugProtocolFactory - No Message ID Class For TypeName : DeepCore.GameData.Zone.ZoneEditor.EventTrigger.SpellTemplateValue+Trigging
EventDebugProtocolFactory - No Message ID Class For TypeName : DeepCore.GameData.Zone.ZoneEditor.EventTrigger.SpellTemplateValue+LastLaunchSpell
EventDebugProtocolFactory - No Message ID Class For TypeName : DeepCore.GameData.Zone.ZoneEditor.EventTrigger.UnitTemplateValue+ReturnVALUE
EventDebugProtocolFactory - No Message ID Class For TypeName : DeepCore.GameData.Zone.ZoneEditor.EventTrigger.UnitTemplateValue+Template
EventDebugProtocolFactory - No Message ID Class For TypeName : DeepCore.GameData.Zone.ZoneEditor.EventTrigger.UnitTemplateValue+TemplateSV
EventDebugProtocolFactory - No Message ID Class For TypeName : DeepCore.GameData.Zone.ZoneEditor.EventTrigger.UnitTemplateValue+RandomInGroup
EventDebugProtocolFactory - No Message ID Class For TypeName : DeepCore.GameData.Zone.ZoneEditor.EventTrigger.UnitTemplateValue+Trigging
EventDebugProtocolFactory - No Message ID Class For TypeName : DeepCore.GameData.Zone.ZoneEditor.EventTrigger.AuraTemplateValue+ReturnVALUE
EventDebugProtocolFactory - No Message ID Class For TypeName : DeepCore.GameData.Zone.ZoneEditor.EventTrigger.AuraTemplateValue+Template
EventDebugProtocolFactory - No Message ID Class For TypeName : DeepCore.GameData.Zone.ZoneEditor.EventTrigger.AuraTemplateValue+TemplateSV
EventDebugProtocolFactory - No Message ID Class For TypeName : DeepCore.GameData.Zone.ZoneEditor.EventTrigger.AuraTemplateValue+Trigging
EventDebugProtocolFactory - No Message ID Class For TypeName : DeepCore.GameData.Zone.ZoneEditor.EventTrigger.AuraTemplateValue+LastLaunchedAura
EventDebugProtocolFactory - No Message ID Class For TypeName : DeepCore.GameData.Zone.ZoneEditor.EventTrigger.AuraTemplateValue+LastEnterdAura
EventDebugProtocolFactory - No Message ID Class For TypeName : DeepCore.GameData.Zone.ZoneEditor.EventTrigger.AuraTemplateValue+LastLeavedAura
EventDebugProtocolFactory - No Message ID Class For TypeName : DeepCore.GameData.Zone.ZoneEditor.EventTrigger.CardTemplateValue+ReturnVALUE
EventDebugProtocolFactory - No Message ID Class For TypeName : DeepCore.GameData.Zone.ZoneEditor.EventTrigger.CardTemplateValue+Template
EventDebugProtocolFactory - No Message ID Class For TypeName : DeepCore.GameData.Zone.ZoneEditor.EventTrigger.CardTemplateValue+TemplateSV
EventDebugProtocolFactory - No Message ID Class For TypeName : DeepCore.GameData.Zone.ZoneEditor.EventTrigger.CardTemplateValue+Trigging
EventDebugProtocolFactory - No Message ID Class For TypeName : DeepCore.GameData.Zone.ZoneEditor.EventTrigger.UnitValue+NA
EventDebugProtocolFactory - No Message ID Class For TypeName : DeepCore.GameData.Zone.ZoneEditor.EventTrigger.UnitValue+ReturnVALUE
EventDebugProtocolFactory - No Message ID Class For TypeName : DeepCore.GameData.Zone.ZoneEditor.EventTrigger.UnitValue+PickedUnit
EventDebugProtocolFactory - No Message ID Class For TypeName : DeepCore.GameData.Zone.ZoneEditor.EventTrigger.UnitValue+PickingIteratingUnit
EventDebugProtocolFactory - No Message ID Class For TypeName : DeepCore.GameData.Zone.ZoneEditor.EventTrigger.UnitValue+Editor
EventDebugProtocolFactory - No Message ID Class For TypeName : DeepCore.GameData.Zone.ZoneEditor.EventTrigger.UnitValue+Trigging
EventDebugProtocolFactory - No Message ID Class For TypeName : DeepCore.GameData.Zone.ZoneEditor.EventTrigger.UnitValue+TriggingTarget
EventDebugProtocolFactory - No Message ID Class For TypeName : DeepCore.GameData.Zone.ZoneEditor.EventTrigger.UnitValue+UnitByObjID
EventDebugProtocolFactory - No Message ID Class For TypeName : DeepCore.GameData.Zone.ZoneEditor.EventTrigger.UnitValue+BuffSender
EventDebugProtocolFactory - No Message ID Class For TypeName : DeepCore.GameData.Zone.ZoneEditor.EventTrigger.UnitValue+TriggingAuraOwner
EventDebugProtocolFactory - No Message ID Class For TypeName : DeepCore.GameData.Zone.ZoneEditor.EventTrigger.UnitValue+LastAdded
EventDebugProtocolFactory - No Message ID Class For TypeName : DeepCore.GameData.Zone.ZoneEditor.EventTrigger.UnitValue+LastSummoner
EventDebugProtocolFactory - No Message ID Class For TypeName : DeepCore.GameData.Zone.ZoneEditor.EventTrigger.UnitValue+LastAddedPlayer
EventDebugProtocolFactory - No Message ID Class For TypeName : DeepCore.GameData.Zone.ZoneEditor.EventTrigger.UnitValue+LastActivated
EventDebugProtocolFactory - No Message ID Class For TypeName : DeepCore.GameData.Zone.ZoneEditor.EventTrigger.UnitValue+LastRebirth
EventDebugProtocolFactory - No Message ID Class For TypeName : DeepCore.GameData.Zone.ZoneEditor.EventTrigger.UnitValue+LastAttack
EventDebugProtocolFactory - No Message ID Class For TypeName : DeepCore.GameData.Zone.ZoneEditor.EventTrigger.UnitValue+LastHitted
EventDebugProtocolFactory - No Message ID Class For TypeName : DeepCore.GameData.Zone.ZoneEditor.EventTrigger.UnitValue+LastKilled
EventDebugProtocolFactory - No Message ID Class For TypeName : DeepCore.GameData.Zone.ZoneEditor.EventTrigger.UnitValue+NearUnit
EventDebugProtocolFactory - No Message ID Class For TypeName : DeepCore.GameData.Zone.ZoneEditor.EventTrigger.UnitValue+RandomUnit
EventDebugProtocolFactory - No Message ID Class For TypeName : DeepCore.GameData.Zone.ZoneEditor.EventTrigger.UnitValue+RandomForceUnit
EventDebugProtocolFactory - No Message ID Class For TypeName : DeepCore.GameData.Zone.ZoneEditor.EventTrigger.UnitValue+RandomPlayer
EventDebugProtocolFactory - No Message ID Class For TypeName : DeepCore.GameData.Zone.ZoneEditor.EventTrigger.UnitValue+RandomForcePlayer
EventDebugProtocolFactory - No Message ID Class For TypeName : DeepCore.GameData.Zone.ZoneEditor.EventTrigger.UnitValue+LastPickingItemUnit
EventDebugProtocolFactory - No Message ID Class For TypeName : DeepCore.GameData.Zone.ZoneEditor.EventTrigger.UnitValue+LastPickableUnit
EventDebugProtocolFactory - No Message ID Class For TypeName : DeepCore.GameData.Zone.ZoneEditor.EventTrigger.UnitValue+LastLaunchSkillUnit
EventDebugProtocolFactory - No Message ID Class For TypeName : DeepCore.GameData.Zone.ZoneEditor.EventTrigger.UnitValue+LastLaunchSkillTarget
EventDebugProtocolFactory - No Message ID Class For TypeName : DeepCore.GameData.Zone.ZoneEditor.EventTrigger.UnitValue+UnitTarget
EventDebugProtocolFactory - No Message ID Class For TypeName : DeepCore.GameData.Zone.ZoneEditor.EventTrigger.UnitValue+SummonerUnit
EventDebugProtocolFactory - No Message ID Class For TypeName : DeepCore.GameData.Zone.ZoneEditor.EventTrigger.UnitValue+NamedUnit
EventDebugProtocolFactory - No Message ID Class For TypeName : DeepCore.GameData.Zone.ZoneEditor.EventTrigger.UnitValue+UnitWithPlayerUUID
EventDebugProtocolFactory - No Message ID Class For TypeName : DeepCore.GameData.Zone.ZoneEditor.EventTrigger.UnitValue+TestACTOR
EventDebugProtocolFactory - No Message ID Class For TypeName : DeepCore.GameData.Zone.ZoneEditor.EventTrigger.UnitValue+UnitAPI
EventDebugProtocolFactory - No Message ID Class For TypeName : DeepCore.GameData.Zone.ZoneEditor.EventTrigger.FindTarget+NearTargetInRange
EventDebugProtocolFactory - No Message ID Class For TypeName : DeepCore.GameData.Zone.ZoneEditor.EventTrigger.UnitEquipSkillValue+NA
EventDebugProtocolFactory - No Message ID Class For TypeName : DeepCore.GameData.Zone.ZoneEditor.EventTrigger.UnitEquipSkillValue+Trigging
EventDebugProtocolFactory - No Message ID Class For TypeName : DeepCore.GameData.Zone.ZoneEditor.EventTrigger.UnitEquipSkillValue+UnitSkill
EventDebugProtocolFactory - No Message ID Class For TypeName : DeepCore.GameData.Zone.ZoneEditor.EventTrigger.UnitEquipBuffValue+NA
EventDebugProtocolFactory - No Message ID Class For TypeName : DeepCore.GameData.Zone.ZoneEditor.EventTrigger.UnitEquipBuffValue+Trigging
EventDebugProtocolFactory - No Message ID Class For TypeName : DeepCore.GameData.Zone.ZoneEditor.EventTrigger.UnitEquipBuffValue+UnitBuff
EventDebugProtocolFactory - No Message ID Class For TypeName : DeepCore.GameData.Zone.ZoneEditor.EventTrigger.UnitEquipAuraValue+NA
EventDebugProtocolFactory - No Message ID Class For TypeName : DeepCore.GameData.Zone.ZoneEditor.EventTrigger.UnitEquipAuraValue+Trigging
EventDebugProtocolFactory - No Message ID Class For TypeName : DeepCore.GameData.Zone.ZoneEditor.EventTrigger.UnitEquipAuraValue+UnitBuff
EventDebugProtocolFactory - No Message ID Class For TypeName : DeepCore.EventTrigger.EventBehaviorLocalVar
EventDebugProtocolFactory - No Message ID Class For TypeName : DeepCore.EventTrigger.EventBehaviorTrigger
EventDebugProtocolFactory - No Message ID Class For TypeName : DeepCore.EventTrigger.EventBehaviorAction
EventDebugProtocolFactory - No Message ID Class For TypeName : DeepCore.EventTrigger.EventBehaviorValue
EventDebugProtocolFactory - No Message ID Class For TypeName : DeepCore.EventTrigger.EventBehaviorGroup
EventDebugProtocolFactory - No Message ID Class For TypeName : DeepCore.EventTrigger.BehaviorGroup
EventDebugProtocolFactory - No Message ID Class For TypeName : DeepCore.EventTrigger.Data.DoNoting
EventDebugProtocolFactory - No Message ID Class For TypeName : DeepCore.EventTrigger.Data.CommentAction
EventDebugProtocolFactory - No Message ID Class For TypeName : DeepCore.EventTrigger.Data.Print
EventDebugProtocolFactory - No Message ID Class For TypeName : DeepCore.EventTrigger.Data.SystemGC
EventDebugProtocolFactory - No Message ID Class For TypeName : DeepCore.EventTrigger.Data.Wait
EventDebugProtocolFactory - No Message ID Class For TypeName : DeepCore.EventTrigger.Data.DelayedAction
EventDebugProtocolFactory - No Message ID Class For TypeName : DeepCore.EventTrigger.Data.ConditionAction
EventDebugProtocolFactory - No Message ID Class For TypeName : DeepCore.EventTrigger.Data.ConditionNotAction
EventDebugProtocolFactory - No Message ID Class For TypeName : DeepCore.EventTrigger.Data.IteratorForInt32Action
EventDebugProtocolFactory - No Message ID Class For TypeName : DeepCore.EventTrigger.Data.DoAction2
EventDebugProtocolFactory - No Message ID Class For TypeName : DeepCore.EventTrigger.Data.DoAction3
EventDebugProtocolFactory - No Message ID Class For TypeName : DeepCore.EventTrigger.Data.DoActionQueue
EventDebugProtocolFactory - No Message ID Class For TypeName : DeepCore.EventTrigger.Data.SwitchCaseInteger
EventDebugProtocolFactory - No Message ID Class For TypeName : DeepCore.EventTrigger.Data.SwitchCaseString
EventDebugProtocolFactory - No Message ID Class For TypeName : DeepCore.EventTrigger.Data.CaseActionString
EventDebugProtocolFactory - No Message ID Class For TypeName : DeepCore.EventTrigger.Data.RandomAction
EventDebugProtocolFactory - No Message ID Class For TypeName : DeepCore.EventTrigger.Data.AlwaysTrue
EventDebugProtocolFactory - No Message ID Class For TypeName : DeepCore.EventTrigger.Data.BooleanCondition
EventDebugProtocolFactory - No Message ID Class For TypeName : DeepCore.EventTrigger.Data.CommentCondition
EventDebugProtocolFactory - No Message ID Class For TypeName : DeepCore.EventTrigger.Data.IFNumberAction
EventDebugProtocolFactory - No Message ID Class For TypeName : DeepCore.EventTrigger.Data.IFBoolAction
EventDebugProtocolFactory - No Message ID Class For TypeName : DeepCore.EventTrigger.Data.IFStringAction
EventDebugProtocolFactory - No Message ID Class For TypeName : DeepCore.EventTrigger.Data.SetEnvironmentString
EventDebugProtocolFactory - No Message ID Class For TypeName : DeepCore.EventTrigger.Data.SetEnvironmentInteger
EventDebugProtocolFactory - No Message ID Class For TypeName : DeepCore.EventTrigger.Data.SetEnvironmentReal
EventDebugProtocolFactory - No Message ID Class For TypeName : DeepCore.EventTrigger.Data.SetEnvironmentBool
EventDebugProtocolFactory - No Message ID Class For TypeName : DeepCore.EventTrigger.Data.SetEnvironmentStringSV
EventDebugProtocolFactory - No Message ID Class For TypeName : DeepCore.EventTrigger.Data.SetEnvironmentIntegerSV
EventDebugProtocolFactory - No Message ID Class For TypeName : DeepCore.EventTrigger.Data.SetEnvironmentRealSV
EventDebugProtocolFactory - No Message ID Class For TypeName : DeepCore.EventTrigger.Data.SetEnvironmentBoolSV
EventDebugProtocolFactory - No Message ID Class For TypeName : DeepCore.EventTrigger.Data.GetEnvironmentAsString
EventDebugProtocolFactory - No Message ID Class For TypeName : DeepCore.EventTrigger.Data.GetEnvironmentAsInteger
EventDebugProtocolFactory - No Message ID Class For TypeName : DeepCore.EventTrigger.Data.GetEnvironmentAsReal
EventDebugProtocolFactory - No Message ID Class For TypeName : DeepCore.EventTrigger.Data.GetEnvironmentAsBoolean
EventDebugProtocolFactory - No Message ID Class For TypeName : DeepCore.EventTrigger.Data.GetAndSetEnvironmentAsString
EventDebugProtocolFactory - No Message ID Class For TypeName : DeepCore.EventTrigger.Data.GetAndSetEnvironmentAsInteger
EventDebugProtocolFactory - No Message ID Class For TypeName : DeepCore.EventTrigger.Data.GetAndSetEnvironmentAsReal
EventDebugProtocolFactory - No Message ID Class For TypeName : DeepCore.EventTrigger.Data.GetAndSetEnvironmentAsBoolean
EventDebugProtocolFactory - No Message ID Class For TypeName : DeepCore.EventTrigger.Data.GetAndAddEnvironmentAsInteger
EventDebugProtocolFactory - No Message ID Class For TypeName : DeepCore.EventTrigger.Data.GetAndAddEnvironmentAsReal
EventDebugProtocolFactory - No Message ID Class For TypeName : DeepCore.EventTrigger.Data.AddAndGetEnvironmentAsInteger
EventDebugProtocolFactory - No Message ID Class For TypeName : DeepCore.EventTrigger.Data.AddAndGetEnvironmentAsReal
EventDebugProtocolFactory - No Message ID Class For TypeName : DeepCore.EventTrigger.Data.GetEnvironmentAsStringSV
EventDebugProtocolFactory - No Message ID Class For TypeName : DeepCore.EventTrigger.Data.GetEnvironmentAsIntegerSV
EventDebugProtocolFactory - No Message ID Class For TypeName : DeepCore.EventTrigger.Data.GetEnvironmentAsRealSV
EventDebugProtocolFactory - No Message ID Class For TypeName : DeepCore.EventTrigger.Data.GetEnvironmentAsBooleanSV
EventDebugProtocolFactory - No Message ID Class For TypeName : DeepCore.EventTrigger.Data.LocalVarString
EventDebugProtocolFactory - No Message ID Class For TypeName : DeepCore.EventTrigger.Data.LocalVarInteger
EventDebugProtocolFactory - No Message ID Class For TypeName : DeepCore.EventTrigger.Data.LocalVarReal
EventDebugProtocolFactory - No Message ID Class For TypeName : DeepCore.EventTrigger.Data.LocalVarBool
EventDebugProtocolFactory - No Message ID Class For TypeName : DeepCore.EventTrigger.Data.SetLocalString
EventDebugProtocolFactory - No Message ID Class For TypeName : DeepCore.EventTrigger.Data.SetLocalInteger
EventDebugProtocolFactory - No Message ID Class For TypeName : DeepCore.EventTrigger.Data.SetLocalReal
EventDebugProtocolFactory - No Message ID Class For TypeName : DeepCore.EventTrigger.Data.SetLocalBool
EventDebugProtocolFactory - No Message ID Class For TypeName : DeepCore.EventTrigger.Data.SetLocalStringSV
EventDebugProtocolFactory - No Message ID Class For TypeName : DeepCore.EventTrigger.Data.SetLocalIntegerSV
EventDebugProtocolFactory - No Message ID Class For TypeName : DeepCore.EventTrigger.Data.SetLocalRealSV
EventDebugProtocolFactory - No Message ID Class For TypeName : DeepCore.EventTrigger.Data.SetLocalBoolSV
EventDebugProtocolFactory - No Message ID Class For TypeName : DeepCore.EventTrigger.Data.GetLocalAsString
EventDebugProtocolFactory - No Message ID Class For TypeName : DeepCore.EventTrigger.Data.GetLocalAsInteger
EventDebugProtocolFactory - No Message ID Class For TypeName : DeepCore.EventTrigger.Data.GetLocalAsReal
EventDebugProtocolFactory - No Message ID Class For TypeName : DeepCore.EventTrigger.Data.GetLocalAsBoolean
EventDebugProtocolFactory - No Message ID Class For TypeName : DeepCore.EventTrigger.Data.GetAndSetLocalAsString
EventDebugProtocolFactory - No Message ID Class For TypeName : DeepCore.EventTrigger.Data.GetAndSetLocalAsInteger
EventDebugProtocolFactory - No Message ID Class For TypeName : DeepCore.EventTrigger.Data.GetAndSetLocalAsReal
EventDebugProtocolFactory - No Message ID Class For TypeName : DeepCore.EventTrigger.Data.GetAndSetLocalAsBoolean
EventDebugProtocolFactory - No Message ID Class For TypeName : DeepCore.EventTrigger.Data.GetAndAddLocalAsInteger
EventDebugProtocolFactory - No Message ID Class For TypeName : DeepCore.EventTrigger.Data.GetAndAddLocalAsReal
EventDebugProtocolFactory - No Message ID Class For TypeName : DeepCore.EventTrigger.Data.AddAndGetLocalAsInteger
EventDebugProtocolFactory - No Message ID Class For TypeName : DeepCore.EventTrigger.Data.AddAndGetLocalAsReal
EventDebugProtocolFactory - No Message ID Class For TypeName : DeepCore.EventTrigger.Data.GetLocalAsStringSV
EventDebugProtocolFactory - No Message ID Class For TypeName : DeepCore.EventTrigger.Data.GetLocalAsIntegerSV
EventDebugProtocolFactory - No Message ID Class For TypeName : DeepCore.EventTrigger.Data.GetLocalAsRealSV
EventDebugProtocolFactory - No Message ID Class For TypeName : DeepCore.EventTrigger.Data.GetLocalAsBooleanSV
EventDebugProtocolFactory - No Message ID Class For TypeName : DeepCore.EventTrigger.Data.CommentTrigger
EventDebugProtocolFactory - No Message ID Class For TypeName : DeepCore.EventTrigger.Data.EventActiveChangedInvoke
EventDebugProtocolFactory - No Message ID Class For TypeName : DeepCore.EventTrigger.Data.EventMainInvoke
EventDebugProtocolFactory - No Message ID Class For TypeName : DeepCore.EventTrigger.Data.EventOverInvoke
EventDebugProtocolFactory - No Message ID Class For TypeName : DeepCore.EventTrigger.Data.EventBeginInvoke
EventDebugProtocolFactory - No Message ID Class For TypeName : DeepCore.EventTrigger.Data.EventEndInvoke
EventDebugProtocolFactory - No Message ID Class For TypeName : DeepCore.EventTrigger.Data.ThisEventActiveChangedInvoke
EventDebugProtocolFactory - No Message ID Class For TypeName : DeepCore.EventTrigger.Data.ThisEventMainInvoke
EventDebugProtocolFactory - No Message ID Class For TypeName : DeepCore.EventTrigger.Data.ThisEventOverInvoke
EventDebugProtocolFactory - No Message ID Class For TypeName : DeepCore.EventTrigger.Data.ThisEventBeginInvoke
EventDebugProtocolFactory - No Message ID Class For TypeName : DeepCore.EventTrigger.Data.ThisEventEndInvoke
EventDebugProtocolFactory - No Message ID Class For TypeName : DeepCore.EventTrigger.Data.TimeElapsed
EventDebugProtocolFactory - No Message ID Class For TypeName : DeepCore.EventTrigger.Data.TimePeriodic
EventDebugProtocolFactory - No Message ID Class For TypeName : DeepCore.EventTrigger.Data.TimeTask
EventDebugProtocolFactory - No Message ID Class For TypeName : DeepCore.EventTrigger.Data.ValuedTimeElapsed
EventDebugProtocolFactory - No Message ID Class For TypeName : DeepCore.EventTrigger.Data.ValuedTimePeriodic
EventDebugProtocolFactory - No Message ID Class For TypeName : DeepCore.EventTrigger.Data.ValuedTimeTask
EventDebugProtocolFactory - No Message ID Class For TypeName : DeepCore.EventTrigger.Data.OnTimeMIN
EventDebugProtocolFactory - No Message ID Class For TypeName : DeepCore.EventTrigger.Data.OnTimeHOR
EventDebugProtocolFactory - No Message ID Class For TypeName : DeepCore.EventTrigger.Data.OnTimeDAY
EventDebugProtocolFactory - No Message ID Class For TypeName : DeepCore.EventTrigger.Data.OnDateTimeMIN
EventDebugProtocolFactory - No Message ID Class For TypeName : DeepCore.EventTrigger.Data.OnDateTimeHOR
EventDebugProtocolFactory - No Message ID Class For TypeName : DeepCore.EventTrigger.Data.OnDateTimeDAY
EventDebugProtocolFactory - No Message ID Class For TypeName : DeepCore.EventTrigger.Data.AngleToRadiance
EventDebugProtocolFactory - No Message ID Class For TypeName : DeepCore.EventTrigger.Data.RadianceToAngle
EventDebugProtocolFactory - No Message ID Class For TypeName : DeepCore.EventTrigger.Data.PassTimeTicks
EventDebugProtocolFactory - No Message ID Class For TypeName : DeepCore.EventTrigger.Data.PassTimeScaleTicks
EventDebugProtocolFactory - No Message ID Class For TypeName : DeepCore.EventTrigger.Data.SystemTimeTicks
EventDebugProtocolFactory - No Message ID Class For TypeName : DeepCore.EventTrigger.Data.SystemTimeScaleTicks
EventDebugProtocolFactory - No Message ID Class For TypeName : DeepCore.EventTrigger.Data.DateTimeTicks
EventDebugProtocolFactory - No Message ID Class For TypeName : DeepCore.EventTrigger.Data.DateTimeScaleTicks
EventDebugProtocolFactory - No Message ID Class For TypeName : DeepCore.EventTrigger.Data.InSystemTimeRange
EventDebugProtocolFactory - No Message ID Class For TypeName : DeepCore.EventTrigger.Data.InPassTimeRange
EventDebugProtocolFactory - No Message ID Class For TypeName : DeepCore.EventTrigger.Data.PassTimeMS
EventDebugProtocolFactory - No Message ID Class For TypeName : DeepCore.EventTrigger.Data.PassTimeSEC
EventDebugProtocolFactory - No Message ID Class For TypeName : DeepCore.EventTrigger.Data.PassTimeMIN
EventDebugProtocolFactory - No Message ID Class For TypeName : DeepCore.EventTrigger.Data.PassTimeHOR
EventDebugProtocolFactory - No Message ID Class For TypeName : DeepCore.EventTrigger.Data.PassTimeDAY
EventDebugProtocolFactory - No Message ID Class For TypeName : DeepCore.EventTrigger.Data.VPassTimeMS
EventDebugProtocolFactory - No Message ID Class For TypeName : DeepCore.EventTrigger.Data.VPassTimeSEC
EventDebugProtocolFactory - No Message ID Class For TypeName : DeepCore.EventTrigger.Data.VPassTimeMIN
EventDebugProtocolFactory - No Message ID Class For TypeName : DeepCore.EventTrigger.Data.VPassTimeHOR
EventDebugProtocolFactory - No Message ID Class For TypeName : DeepCore.EventTrigger.Data.VPassTimeDAY
EventDebugProtocolFactory - No Message ID Class For TypeName : DeepCore.EventTrigger.Data.PassTimeTotalMS
EventDebugProtocolFactory - No Message ID Class For TypeName : DeepCore.EventTrigger.Data.PassTimeTotalSEC
EventDebugProtocolFactory - No Message ID Class For TypeName : DeepCore.EventTrigger.Data.PassTimeTotalMIN
EventDebugProtocolFactory - No Message ID Class For TypeName : DeepCore.EventTrigger.Data.PassTimeTotalHOR
EventDebugProtocolFactory - No Message ID Class For TypeName : DeepCore.EventTrigger.Data.PassTimeTotalDAY
EventDebugProtocolFactory - No Message ID Class For TypeName : DeepCore.EventTrigger.Data.VPassTimeTotalMS
EventDebugProtocolFactory - No Message ID Class For TypeName : DeepCore.EventTrigger.Data.VPassTimeTotalSEC
EventDebugProtocolFactory - No Message ID Class For TypeName : DeepCore.EventTrigger.Data.VPassTimeTotalMIN
EventDebugProtocolFactory - No Message ID Class For TypeName : DeepCore.EventTrigger.Data.VPassTimeTotalHOR
EventDebugProtocolFactory - No Message ID Class For TypeName : DeepCore.EventTrigger.Data.VPassTimeTotalDAY
EventDebugProtocolFactory - No Message ID Class For TypeName : DeepCore.EventTrigger.Data.DateTimeMS
EventDebugProtocolFactory - No Message ID Class For TypeName : DeepCore.EventTrigger.Data.DateTimeSEC
EventDebugProtocolFactory - No Message ID Class For TypeName : DeepCore.EventTrigger.Data.DateTimeMIN
EventDebugProtocolFactory - No Message ID Class For TypeName : DeepCore.EventTrigger.Data.DateTimeHOR
EventDebugProtocolFactory - No Message ID Class For TypeName : DeepCore.EventTrigger.Data.DateTimeDAY
EventDebugProtocolFactory - No Message ID Class For TypeName : DeepCore.EventTrigger.Data.VDateTimeMS
EventDebugProtocolFactory - No Message ID Class For TypeName : DeepCore.EventTrigger.Data.VDateTimeSEC
EventDebugProtocolFactory - No Message ID Class For TypeName : DeepCore.EventTrigger.Data.VDateTimeMIN
EventDebugProtocolFactory - No Message ID Class For TypeName : DeepCore.EventTrigger.Data.VDateTimeHOR
EventDebugProtocolFactory - No Message ID Class For TypeName : DeepCore.EventTrigger.Data.VDateTimeDAY
EventDebugProtocolFactory - No Message ID Class For TypeName : DeepCore.EventTrigger.Data.CommentValue
EventDebugProtocolFactory - No Message ID Class For TypeName : DeepCore.EventTrigger.Data.AI.QuestionAnswer
EventDebugProtocolFactory - No Message ID Class For TypeName : DeepCore.EventTrigger.Data.AI.AddPrompt
EventDebugProtocolFactory - No Message ID Class For TypeName : DeepCore.EventTrigger.Data.AI.SetSystemPrompt
EventDebugProtocolFactory - No Message ID Class For TypeName : DeepCore.EventTrigger.Data.AI.ClearPrompt
EventDebugProtocolFactory - No Message ID Class For TypeName : DeepCore.EventTrigger.Data.AI.ClearAllPrompt
EventDebugProtocolFactory - No Message ID Class For TypeName : DeepCore.EventTrigger.Data.AI.AnswerText
EventDebugProtocolFactory - No Message ID Class For TypeName : DeepCore.EventTrigger.Data.AI.AnswerCondition
EventDebugProtocolFactory - No Message ID Class For TypeName : DeepCore.EventTrigger.Data.AI.LastResponse
EventDebugProtocolFactory - No Message ID Class For TypeName : DeepCore.EventTrigger.Data.AI.LastResponseChoicesCount
EventDebugProtocolFactory - No Message ID Class For TypeName : DeepCore.EventTrigger.Data.AI.LastResponseChoices
EventDebugProtocolFactory - No Message ID Class For TypeName : DeepCore.EventTrigger.Data.AI.UseJsonPrompt
EventDebugProtocolFactory - No Message ID Class For TypeName : DeepCore.EventTrigger.Data.SwitchCaseInteger+CaseActionInt32
EventDebugProtocolFactory - No Message ID Class For TypeName : DeepCore.EventTrigger.Data.BooleanValue+VALUE
EventDebugProtocolFactory - No Message ID Class For TypeName : DeepCore.EventTrigger.Data.BooleanValue+ReturnVALUE
EventDebugProtocolFactory - No Message ID Class For TypeName : DeepCore.EventTrigger.Data.BooleanValue+TriggingValue
EventDebugProtocolFactory - No Message ID Class For TypeName : DeepCore.EventTrigger.Data.BooleanValue+ParseFromString
EventDebugProtocolFactory - No Message ID Class For TypeName : DeepCore.EventTrigger.Data.BooleanValue+RandomPercent
EventDebugProtocolFactory - No Message ID Class For TypeName : DeepCore.EventTrigger.Data.BooleanValue+BooleanOperatorGroup
EventDebugProtocolFactory - No Message ID Class For TypeName : DeepCore.EventTrigger.Data.BooleanValue+BooleanOperator
EventDebugProtocolFactory - No Message ID Class For TypeName : DeepCore.EventTrigger.Data.BooleanValue+BooleanComparison
EventDebugProtocolFactory - No Message ID Class For TypeName : DeepCore.EventTrigger.Data.BooleanValue+StringComparison
EventDebugProtocolFactory - No Message ID Class For TypeName : DeepCore.EventTrigger.Data.BooleanValue+StringContains
EventDebugProtocolFactory - No Message ID Class For TypeName : DeepCore.EventTrigger.Data.BooleanValue+StringStartsWith
EventDebugProtocolFactory - No Message ID Class For TypeName : DeepCore.EventTrigger.Data.BooleanValue+StringEndsWith
EventDebugProtocolFactory - No Message ID Class For TypeName : DeepCore.EventTrigger.Data.BooleanValue+RealComparison
EventDebugProtocolFactory - No Message ID Class For TypeName : DeepCore.EventTrigger.Data.BooleanValue+IntegerComparison
EventDebugProtocolFactory - No Message ID Class For TypeName : DeepCore.EventTrigger.Data.BooleanValue+CurrentEventTriggerIsActive
EventDebugProtocolFactory - No Message ID Class For TypeName : DeepCore.EventTrigger.Data.BooleanValue+SpecifyEventTriggerIsActive
EventDebugProtocolFactory - No Message ID Class For TypeName : DeepCore.EventTrigger.Data.BooleanValue+ValueInRange
EventDebugProtocolFactory - No Message ID Class For TypeName : DeepCore.EventTrigger.Data.IntegerValue+VALUE
EventDebugProtocolFactory - No Message ID Class For TypeName : DeepCore.EventTrigger.Data.IntegerValue+ReturnVALUE
EventDebugProtocolFactory - No Message ID Class For TypeName : DeepCore.EventTrigger.Data.IntegerValue+TriggingValue
EventDebugProtocolFactory - No Message ID Class For TypeName : DeepCore.EventTrigger.Data.IntegerValue+ParseFromString
EventDebugProtocolFactory - No Message ID Class For TypeName : DeepCore.EventTrigger.Data.IntegerValue+IntegerOP
EventDebugProtocolFactory - No Message ID Class For TypeName : DeepCore.EventTrigger.Data.IntegerValue+MinFunction
EventDebugProtocolFactory - No Message ID Class For TypeName : DeepCore.EventTrigger.Data.IntegerValue+MaxFunction
EventDebugProtocolFactory - No Message ID Class For TypeName : DeepCore.EventTrigger.Data.IntegerValue+RandomInt
EventDebugProtocolFactory - No Message ID Class For TypeName : DeepCore.EventTrigger.Data.IntegerValue+ConvertFromReal
EventDebugProtocolFactory - No Message ID Class For TypeName : DeepCore.EventTrigger.Data.IntegerValue+PickingIteratorInt32
EventDebugProtocolFactory - No Message ID Class For TypeName : DeepCore.EventTrigger.Data.IntegerValue+EnumValueInt32
EventDebugProtocolFactory - No Message ID Class For TypeName : DeepCore.EventTrigger.Data.RealValue+VALUE
EventDebugProtocolFactory - No Message ID Class For TypeName : DeepCore.EventTrigger.Data.RealValue+ReturnVALUE
EventDebugProtocolFactory - No Message ID Class For TypeName : DeepCore.EventTrigger.Data.RealValue+TriggingValue
EventDebugProtocolFactory - No Message ID Class For TypeName : DeepCore.EventTrigger.Data.RealValue+RealOP
EventDebugProtocolFactory - No Message ID Class For TypeName : DeepCore.EventTrigger.Data.RealValue+MinFunction
EventDebugProtocolFactory - No Message ID Class For TypeName : DeepCore.EventTrigger.Data.RealValue+MaxFunction
EventDebugProtocolFactory - No Message ID Class For TypeName : DeepCore.EventTrigger.Data.RealValue+RandomReal
EventDebugProtocolFactory - No Message ID Class For TypeName : DeepCore.EventTrigger.Data.RealValue+RandomRealMinMax
EventDebugProtocolFactory - No Message ID Class For TypeName : DeepCore.EventTrigger.Data.RealValue+ConvertFromInteger
EventDebugProtocolFactory - No Message ID Class For TypeName : DeepCore.EventTrigger.Data.RealValue+ParseFromString
EventDebugProtocolFactory - No Message ID Class For TypeName : DeepCore.EventTrigger.Data.StringValue+NULL
EventDebugProtocolFactory - No Message ID Class For TypeName : DeepCore.EventTrigger.Data.StringValue+VALUE
EventDebugProtocolFactory - No Message ID Class For TypeName : DeepCore.EventTrigger.Data.StringValue+ReturnVALUE
EventDebugProtocolFactory - No Message ID Class For TypeName : DeepCore.EventTrigger.Data.StringValue+TriggingValue
EventDebugProtocolFactory - No Message ID Class For TypeName : DeepCore.EventTrigger.Data.StringValue+IntegerToString
EventDebugProtocolFactory - No Message ID Class For TypeName : DeepCore.EventTrigger.Data.StringValue+BooleanToString
EventDebugProtocolFactory - No Message ID Class For TypeName : DeepCore.EventTrigger.Data.StringValue+RealToString
EventDebugProtocolFactory - No Message ID Class For TypeName : DeepCore.EventTrigger.Data.StringValue+StringConcat
EventDebugProtocolFactory - No Message ID Class For TypeName : DeepCore.EventTrigger.Data.StringValue+StringConcatArray
EventDebugProtocolFactory - No Message ID Class For TypeName : DeepCore.EventTrigger.Data.StringValue+StringFormat4
EventDebugProtocolFactory - No Message ID Class For TypeName : DeepCore.EventTrigger.Data.StringValue+StringFormatArray
EventDebugProtocolFactory - No Message ID Class For TypeName : DeepCore.EventTrigger.Data.StringValue+SubString
EventDebugProtocolFactory - No Message ID Class For TypeName : DeepCore.EventTrigger.Data.StringValue+StringLength
EventDebugProtocolFactory - No Message ID Class For TypeName : DeepCore.EventTrigger.Data.AI.LLMAgentValue+Binding
EventDebugProtocolFactory - Append Codec : DeepCore.Event.Debug.EventRuntimeState
EventDebugProtocolFactory - Append Codec : DeepCore.Event.Debug.AddCollectionNotify
EventDebugProtocolFactory - Append Codec : DeepCore.Event.Debug.RemoveCollectionNotify
EventDebugProtocolFactory - Append Codec : DeepCore.Event.Debug.ExecutorChangedNotify
EventDebugProtocolFactory - Append Codec : DeepCore.Event.Debug.EventCollectionData
EventDebugProtocolFactory - Append Codec : DeepCore.Event.Debug.EventExecutorData
EventDebugProtocolFactory - Append Codec : DeepCore.Event.Debug.EventTraceData
EventDebugProtocolFactory - Append Codec : DeepCore.Event.Debug.EventBeginTraceNotify
EventDebugProtocolFactory - Append Codec : DeepCore.Voxel.StreamingVoxel.Data.StreamingChunk
EventDebugProtocolFactory - Append Codec : DeepCore.Voxel.StreamingVoxel.Data.StreamingCube
EventDebugProtocolFactory - Append Codec : DeepCore.Voxel.StreamingVoxel.Data.StreamingCubeTemplate
EventDebugProtocolFactory - Append Codec : DeepCore.Voxel.StreamingVoxel.Data.StreamingTouchLayer
EventDebugProtocolFactory - Append Codec : DeepCore.Voxel.StreamingVoxel.Data.StreamingMesh
EventDebugProtocolFactory - Append Codec : DeepCore.VoxelWorld.Message.WorldInfo
EventDebugProtocolFactory - Append Codec : DeepCore.VoxelWorld.Message.PlayerInfo
EventDebugProtocolFactory - Append Codec : DeepFrozen.RPC.Remote.ServiceNode.SyncShareDictMessage
EventDebugProtocolFactory - Append Codec : DeepFrozen.RPC.Remote.ServiceNode.ManySyncShareDictMessage
EventDebugProtocolFactory - Append Codec : DeepMetaGame.ZoneServer.Message.CreateRoomInfoR2B
EventDebugProtocolFactory - Append Codec : DeepMetaGame.ZoneServer.Message.CreateUnitInfoR2B
EventDebugProtocolFactory - Append Codec : DeepMetaGame.ZoneServer.Message.RoomFinishInfoB2R
EventDebugProtocolFactory - Append Codec : DeepMetaGame.ZoneServer.Message.UnitKillMonsterB2R
EventDebugProtocolFactory - Append Codec : DeepMetaGame.ZoneServer.Message.UnitGotItemB2R
EventDebugProtocolFactory - Append Codec : DeepMetaGame.ZoneServer.Message.UnitGotMoneyB2R
EventDebugProtocolFactory - Append Codec : DeepMetaGame.ZoneServer.Message.ClientCostRequestB2R
EventDebugProtocolFactory - Append Codec : DeepMetaGame.ZoneServer.Message.ClientCostResponseR2B
EventDebugProtocolFactory - Append Codec : DeepMetaGame.ZoneServer.Message.UnitUseItemB2R
EventDebugProtocolFactory - Append Codec : DeepMetaGame.ZoneServer.Message.CloseRoomNotifyR2B
EventDebugProtocolFactory - Append Codec : DeepMetaGame.ZoneServer.Message.SendMessageR2B
EventDebugProtocolFactory - Append Codec : DeepMetaGame.ZoneServer.Message.SendMessageB2R
EventDebugProtocolFactory - Append Codec : DeepMetaGame.ZoneServer.Message.SendEventB2R
EventDebugProtocolFactory - Append Codec : DeepMetaGame.ZoneServer.Message.EnterRoomRequestC2B
EventDebugProtocolFactory - Append Codec : DeepMetaGame.ZoneServer.Message.EnterRoomResponseB2C
EventDebugProtocolFactory - Append Codec : DeepMetaGame.ZoneServer.Message.LeaveRoomRequestC2B
EventDebugProtocolFactory - Append Codec : DeepMetaGame.ZoneServer.Message.KickedByServerNotifyB2C
EventDebugProtocolFactory - Append Codec : DeepMetaGame.ZoneServer.Message.RoomInfo
EventDebugProtocolFactory - Append Codec : DeepMetaGame.ZoneServer.Message.CreateRoomRequestR2B
EventDebugProtocolFactory - Append Codec : DeepMetaGame.ZoneServer.Message.CreateRoomResponseB2R
EventDebugProtocolFactory - Append Codec : DeepMetaGame.ZoneServer.Message.PlayerWillConnectRequestR2B
EventDebugProtocolFactory - Append Codec : DeepMetaGame.ZoneServer.Message.PlayerWillConnectResponseB2R
EventDebugProtocolFactory - Append Codec : DeepMetaGame.ZoneServer.Message.PlayerEnterRoomNotifyB2R
EventDebugProtocolFactory - Append Codec : DeepMetaGame.ZoneServer.Message.PlayerLeaveBattleNotifyB2R
EventDebugProtocolFactory - Append Codec : DeepMetaGame.ZoneServer.Message.ServerInfoNotifyB2R
EventDebugProtocolFactory - Append Codec : DeepMetaGame.ZoneServer.Message.RoomInfoNotifyB2R
EventDebugProtocolFactory - Append Codec : DeepMetaGame.ZoneServer.Message.DestroyRoomNotifyB2R
EventDebugProtocolFactory - Append Codec : DeepMetaGame.ZoneServer.Message.RoomEventNotifyB2R
EventDebugProtocolFactory - Append Codec : DeepMetaGame.ZoneServer.Message.RoomEventNotifyR2B
EventDebugProtocolFactory - Append Codec : DeepMetaGame.ZoneServer.Message.KickPlayerR2B
EventDebugProtocolFactory - Append Codec : DeepMetaGame.ZoneServer.Message.RoomDesc
EventDebugProtocolFactory - Append Codec : DeepMetaGame.ZoneServer.Message.QueryAllRoomDesc
EventDebugProtocolFactory - Append Codec : DeepMetaGame.ZoneServer.Message.AllRoomDesc
EventDebugProtocolFactory - Append Codec : DeepMetaGame.ZoneServer.Message.EchoTextCommand
EventDebugProtocolFactory - Append Codec : DeepMetaGame.ZoneServer.Message.RoomFinishInfoB2R+PlayerResult
UVPomeloServer - UVPomeloServer started on 0.0.0.0:14029
UVPomeloServer - UVPomeloServer started!
UVPomeloServer - UVPomeloServer shutting down...
UVPomeloServer - UVPomeloServer shutdown
UVPomeloServer - UVPomeloServer closing...
UVPomeloServer - eventloop closed
GameEditor - ????????
UVPomeloServer - UVPomeloServer shutting down...
UVPomeloServer - UVPomeloServer shutdown
UVPomeloServer - UVPomeloServer closing...
